Workbook
Name PLANILLA: Planilla!$B$2:$F$4186
Name RESXCC_1: ResXCC!$B$2:$J$950
Name RESXCO: ResXCO!$B$2:$J$1000
Name RESXCO_SUB23_1: ResXCO!$B$40:$J$60

Sheet EM
A8: ELITE MASCULINO (19+)
A10: 1 - Finca Grupo Orosi >21 y 22 febrero 2 - Parque La Libertad Desamparados > 28 y 29 marzo 3 - Adventure Park > 16 y 17 mayo 4 - Finca La Hisopa San Pedro de Turrubares > 13 y 14 junio
A11: 5 - > 18 y 19 julio 6 - > 12 y 13 setiembre 7 - > 31 Oct y 01 Nov
A13: POSICION | F13: 1 | J13: 2 | N13: 3 | R13: 4 | V13: 5 | Z13: TOTAL PUNTOS
A14: ACTUAL | B14: ANTERIOR | C14: NO | D14: NOMBRE | E14: EQUIPO | F14: POS XCC | G14: PTOS XCC | H14: POS XCO | I14: PTOS XCO | J14: POS XCC | K14: PTOS XCC | L14: POS XCO | M14: PTOS XCO | N14: POS XCC | O14: PTOS XCC | P14: POS XCO | Q14: PTOS XCO | R14: POS XCC | S14: PTOS XCC | T14: POS XCO | U14: PTOS XCO | V14: POS XCC | W14: PTOS XCC | X14: POS XCO | Y14: PTOS XCO
A15: 1 | B15: 1 | C15: 3 | D15: HERRERA Carlos | E15: PEDREGAL 7C | F15: 2 | G15: 20 | H15: 1 | I15: 200 | J15: 2 | K15: 20 | L15: 3 | M15: 120 | N15: 9 | O15: =IFERROR(VLOOKUP(N15,'Puntos XCC Mayor'!$A$1:$B$15,2,FALSE),0) -> 7 | P15: 5 | Q15: =IFERROR(VLOOKUP(P15,'Puntos XCO'!$A$1:$B$63,2,FALSE),0) -> 100 | R15: 2 | S15: =IFERROR(VLOOKUP(R15,'Puntos XCC Mayor'!$A$1:$B$15,2,FALSE),0) -> 20 | T15: 1 | U15: =IFERROR(VLOOKUP(T15,'Puntos XCO'!$A$1:$B$63,2,FALSE),0) -> 200 | V15: =IFERROR(VLOOKUP(C15,RESXCC_1,9,FALSE),0) -> 2 | W15: =IFERROR(VLOOKUP(V15,'Puntos XCC Mayor'!$A$1:$B$15,2,FALSE),0) -> 20 | X15: =IFERROR(VLOOKUP(C15,RESXCO,9,FALSE),0) -> 2 | Y15: =IFERROR(VLOOKUP(X15,'Puntos XCO'!$A$1:$B$63,2,FALSE),0) -> 150 | Z15: =G15+I15+K15+M15+O15+Q15+S15+U15+W15+Y15 -> 857
A16: 2 | B16: 2 | C16: 27 | D16: RAABE Fabricio* | E16: COLONO BIKE STATION KOLBI | F16: 10 | G16: 6 | H16: 4 | I16: 110 | J16: 12 | K16: 4 | L16: 7 | M16: 90 | N16: 15 | O16: =IFERROR(VLOOKUP(N16,'Puntos XCC Mayor'!$A$1:$B$15,2,FALSE),0) -> 1 | P16: 3 | Q16: =IFERROR(VLOOKUP(P16,'Puntos XCO'!$A$1:$B$63,2,FALSE),0) -> 120 | R16: 6 | S16: =IFERROR(VLOOKUP(R16,'Puntos XCC Mayor'!$A$1:$B$15,2,FALSE),0) -> 10 | T16: 5 | U16: =IFERROR(VLOOKUP(T16,'Puntos XCO'!$A$1:$B$63,2,FALSE),0) -> 100 | V16: =IFERROR(VLOOKUP(C16,RESXCC_1,9,FALSE),0) -> 10 | W16: =IFERROR(VLOOKUP(V16,'Puntos XCC Mayor'!$A$1:$B$15,2,FALSE),0) -> 6 | X16: =IFERROR(VLOOKUP(C16,RESXCO,9,FALSE),0) -> 8 | Y16: =IFERROR(VLOOKUP(X16,'Puntos XCO'!$A$1:$B$63,2,FALSE),0) -> 85 | Z16: =G16+I16+K16+M16+O16+Q16+S16+U16+W16+Y16 -> 532
A17: 3 | B17: 4 | C17: 28 | D17: AZOFEIFA Daniel* | E17: BOBBYS CYCLING TEAM | F17: 13 | G17: 3 | H17: 8 | I17: 85 | J17: 2 | K17: 20 | L17: 11 | M17: 76 | N17: 16 | O17: =IFERROR(VLOOKUP(N17,'Puntos XCC Mayor'!$A$1:$B$15,2,FALSE),0) -> 0 | P17: 6 | Q17: =IFERROR(VLOOKUP(P17,'Puntos XCO'!$A$1:$B$63,2,FALSE),0) -> 95 | R17: 4 | S17: =IFERROR(VLOOKUP(R17,'Puntos XCC Mayor'!$A$1:$B$15,2,FALSE),0) -> 14 | T17: 4 | U17: =IFERROR(VLOOKUP(T17,'Puntos XCO'!$A$1:$B$63,2,FALSE),0) -> 110 | V17: =IFERROR(VLOOKUP(C17,RESXCC_1,9,FALSE),0) -> 6 | W17: =IFERROR(VLOOKUP(V17,'Puntos XCC Mayor'!$A$1:$B$15,2,FALSE),0) -> 10 | X17: =IFERROR(VLOOKUP(C17,RESXCO,9,FALSE),0) -> 12 | Y17: =IFERROR(VLOOKUP(X17,'Puntos XCO'!$A$1:$B$63,2,FALSE),0) -> 74 | Z17: =G17+I17+K17+M17+O17+Q17+S17+U17+W17+Y17 -> 487
A18: 4 | B18: 6 | C18: 12 | D18: RAMIREZ Federico | E18: MEGAMO MANZATÉ LA SELVA | F18: 6 | G18: 10 | H18: 10 | I18: 78 | J18: 1 | K18: 25 | L18: 6 | M18: 95 | O18: =IFERROR(VLOOKUP(N18,'Puntos XCC Mayor'!$A$1:$B$15,2,FALSE),0) -> 0 | P18: 11 | Q18: =IFERROR(VLOOKUP(P18,'Puntos XCO'!$A$1:$B$63,2,FALSE),0) -> 76 | R18: 0 | S18: =IFERROR(VLOOKUP(R18,'Puntos XCC Mayor'!$A$1:$B$15,2,FALSE),0) -> 0 | T18: 7 | U18: =IFERROR(VLOOKUP(T18,'Puntos XCO'!$A$1:$B$63,2,FALSE),0) -> 90 | V18: =IFERROR(VLOOKUP(C18,RESXCC_1,9,FALSE),0) -> 4 | W18: =IFERROR(VLOOKUP(V18,'Puntos XCC Mayor'!$A$1:$B$15,2,FALSE),0) -> 14 | X18: =IFERROR(VLOOKUP(C18,RESXCO,9,FALSE),0) -> 6 | Y18: =IFERROR(VLOOKUP(X18,'Puntos XCO'!$A$1:$B$63,2,FALSE),0) -> 95 | Z18: =G18+I18+K18+M18+O18+Q18+S18+U18+W18+Y18 -> 483
A19: 5 | B19: 7 | C19: 25 | D19: GONZÁLEZ Adriano* | E19: COLONO BIKE STATION KOLBI | F19: 4 | G19: 14 | H19: 3 | I19: 120 | J19: 5 | K19: 12 | L19: 5 | M19: 100 | N19: 14 | O19: =IFERROR(VLOOKUP(N19,'Puntos XCC Mayor'!$A$1:$B$15,2,FALSE),0) -> 2 | P19: 4 | Q19: =IFERROR(VLOOKUP(P19,'Puntos XCO'!$A$1:$B$63,2,FALSE),0) -> 110 | R19: 5 | S19: =IFERROR(VLOOKUP(R19,'Puntos XCC Mayor'!$A$1:$B$15,2,FALSE),0) -> 12 | T19: 0 | U19: =IFERROR(VLOOKUP(T19,'Puntos XCO'!$A$1:$B$63,2,FALSE),0) -> 0 | V19: =IFERROR(VLOOKUP(C19,RESXCC_1,9,FALSE),0) -> 5 | W19: =IFERROR(VLOOKUP(V19,'Puntos XCC Mayor'!$A$1:$B$15,2,FALSE),0) -> 12 | X19: =IFERROR(VLOOKUP(C19,RESXCO,9,FALSE),0) -> 5 | Y19: =IFERROR(VLOOKUP(X19,'Puntos XCO'!$A$1:$B$63,2,FALSE),0) -> 100 | Z19: =G19+I19+K19+M19+O19+Q19+S19+U19+W19+Y19 -> 482
A20: 6 | B20: 3 | C20: 4 | D20: LÓPEZ Luis Enrique | E20: MEGAMO MANZATÉ LA SELVA | J20: 1 | K20: 25 | L20: 1 | M20: 200 | N20: 4 | O20: =IFERROR(VLOOKUP(N20,'Puntos XCC Mayor'!$A$1:$B$15,2,FALSE),0) -> 14 | Q20: =IFERROR(VLOOKUP(P20,'Puntos XCO'!$A$1:$B$63,2,FALSE),0) -> 0 | R20: 1 | S20: =IFERROR(VLOOKUP(R20,'Puntos XCC Mayor'!$A$1:$B$15,2,FALSE),0) -> 25 | T20: 2 | U20: =IFERROR(VLOOKUP(T20,'Puntos XCO'!$A$1:$B$63,2,FALSE),0) -> 150 | V20: =IFERROR(VLOOKUP(C20,RESXCC_1,9,FALSE),0) -> 0 | W20: =IFERROR(VLOOKUP(V20,'Puntos XCC Mayor'!$A$1:$B$15,2,FALSE),0) -> 0 | X20: =IFERROR(VLOOKUP(C20,RESXCO,9,FALSE),0) -> 0 | Y20: =IFERROR(VLOOKUP(X20,'Puntos XCO'!$A$1:$B$63,2,FALSE),0) -> 0 | Z20: =G20+I20+K20+M20+O20+Q20+S20+U20+W20+Y20 -> 414
A21: 7 | B21: 5 | C21: 9 | D21: GONZALEZ Raymond | E21: CICLO VÍCTOR VARGAS | F21: 5 | G21: 12 | H21: 2 | I21: 150 | J21: 4 | K21: 14 | L21: 4 | M21: 110 | N21: 6 | O21: =IFERROR(VLOOKUP(N21,'Puntos XCC Mayor'!$A$1:$B$15,2,FALSE),0) -> 10 | P21: 6 | Q21: =IFERROR(VLOOKUP(P21,'Puntos XCO'!$A$1:$B$63,2,FALSE),0) -> 95 | R21: 0 | S21: =IFERROR(VLOOKUP(R21,'Puntos XCC Mayor'!$A$1:$B$15,2,FALSE),0) -> 0 | T21: 0 | U21: =IFERROR(VLOOKUP(T21,'Puntos XCO'!$A$1:$B$63,2,FALSE),0) -> 0 | V21: =IFERROR(VLOOKUP(C21,RESXCC_1,9,FALSE),0) -> 0 | W21: =IFERROR(VLOOKUP(V21,'Puntos XCC Mayor'!$A$1:$B$15,2,FALSE),0) -> 0 | X21: =IFERROR(VLOOKUP(C21,RESXCO,9,FALSE),0) -> 0 | Y21: =IFERROR(VLOOKUP(X21,'Puntos XCO'!$A$1:$B$63,2,FALSE),0) -> 0 | Z21: =G21+I21+K21+M21+O21+Q21+S21+U21+W21+Y21 -> 391
A22: 8 | B22: 20 | C22: 13 | D22: SOLÍS Keiron | E22: PEDREGAL - 7C | N22: 5 | O22: =IFERROR(VLOOKUP(N22,'Puntos XCC Mayor'!$A$1:$B$15,2,FALSE),0) -> 12 | Q22: =IFERROR(VLOOKUP(P22,'Puntos XCO'!$A$1:$B$63,2,FALSE),0) -> 0 | R22: 3 | S22: =IFERROR(VLOOKUP(R22,'Puntos XCC Mayor'!$A$1:$B$15,2,FALSE),0) -> 16 | T22: 3 | U22: =IFERROR(VLOOKUP(T22,'Puntos XCO'!$A$1:$B$63,2,FALSE),0) -> 120 | V22: =IFERROR(VLOOKUP(C22,RESXCC_1,9,FALSE),0) -> 1 | W22: =IFERROR(VLOOKUP(V22,'Puntos XCC Mayor'!$A$1:$B$15,2,FALSE),0) -> 25 | X22: =IFERROR(VLOOKUP(C22,RESXCO,9,FALSE),0) -> 1 | Y22: =IFERROR(VLOOKUP(X22,'Puntos XCO'!$A$1:$B$63,2,FALSE),0) -> 200 | Z22: =G22+I22+K22+M22+O22+Q22+S22+U22+W22+Y22 -> 373
A23: 9 | B23: 8 | C23: 10 | D23: VARGAS Steven Andres | E23: SCOTT SHIMANO CYCLING TEAM | F23: 14 | G23: 2 | H23: 6 | I23: 95 | J23: 0 | K23: 0 | L23: 10 | M23: 78 | N23: 25 | O23: =IFERROR(VLOOKUP(N23,'Puntos XCC Mayor'!$A$1:$B$15,2,FALSE),0) -> 0 | P23: 10 | Q23: =IFERROR(VLOOKUP(P23,'Puntos XCO'!$A$1:$B$63,2,FALSE),0) -> 78 | R23: 7 | S23: =IFERROR(VLOOKUP(R23,'Puntos XCC Mayor'!$A$1:$B$15,2,FALSE),0) -> 9 | T23: 6 | U23: =IFERROR(VLOOKUP(T23,'Puntos XCO'!$A$1:$B$63,2,FALSE),0) -> 95 | V23: =IFERROR(VLOOKUP(C23,RESXCC_1,9,FALSE),0) -> 0 | W23: =IFERROR(VLOOKUP(V23,'Puntos XCC Mayor'!$A$1:$B$15,2,FALSE),0) -> 0 | X23: =IFERROR(VLOOKUP(C23,RESXCO,9,FALSE),0) -> 0 | Y23: =IFERROR(VLOOKUP(X23,'Puntos XCO'!$A$1:$B$63,2,FALSE),0) -> 0 | Z23: =G23+I23+K23+M23+O23+Q23+S23+U23+W23+Y23 -> 357
A24: 10 | B24: 9 | C24: 26 | D24: VARGAS José David* | E24: COLONO BIKE STATION KOLBI | J24: 11 | K24: 5 | L24: 9 | M24: 80 | N24: 21 | O24: =IFERROR(VLOOKUP(N24,'Puntos XCC Mayor'!$A$1:$B$15,2,FALSE),0) -> 0 | P24: 10 | Q24: =IFERROR(VLOOKUP(P24,'Puntos XCO'!$A$1:$B$63,2,FALSE),0) -> 78 | R24: 9 | S24: =IFERROR(VLOOKUP(R24,'Puntos XCC Mayor'!$A$1:$B$15,2,FALSE),0) -> 7 | T24: 8 | U24: =IFERROR(VLOOKUP(T24,'Puntos XCO'!$A$1:$B$63,2,FALSE),0) -> 85 | V24: =IFERROR(VLOOKUP(C24,RESXCC_1,9,FALSE),0) -> 12 | W24: =IFERROR(VLOOKUP(V24,'Puntos XCC Mayor'!$A$1:$B$15,2,FALSE),0) -> 4 | X24: =IFERROR(VLOOKUP(C24,RESXCO,9,FALSE),0) -> 7 | Y24: =IFERROR(VLOOKUP(X24,'Puntos XCO'!$A$1:$B$63,2,FALSE),0) -> 90 | Z24: =G24+I24+K24+M24+O24+Q24+S24+U24+W24+Y24 -> 349
A25: 11 | B25: 10 | C25: 29 | D25: HIDALGO Stefano* | E25: BOBBYS CYCLING TEAM | F25: 7 | G25: 9 | H25: 12 | I25: 74 | J25: 10 | K25: 6 | L25: 12 | M25: 74 | N25: 23 | O25: =IFERROR(VLOOKUP(N25,'Puntos XCC Mayor'!$A$1:$B$15,2,FALSE),0) -> 0 | P25: 11 | Q25: =IFERROR(VLOOKUP(P25,'Puntos XCO'!$A$1:$B$63,2,FALSE),0) -> 76 | R25: 8 | S25: =IFERROR(VLOOKUP(R25,'Puntos XCC Mayor'!$A$1:$B$15,2,FALSE),0) -> 8 | T25: 0 | U25: =IFERROR(VLOOKUP(T25,'Puntos XCO'!$A$1:$B$63,2,FALSE),0) -> 0 | V25: =IFERROR(VLOOKUP(C25,RESXCC_1,9,FALSE),0) -> 7 | W25: =IFERROR(VLOOKUP(V25,'Puntos XCC Mayor'!$A$1:$B$15,2,FALSE),0) -> 9 | X25: =IFERROR(VLOOKUP(C25,RESXCO,9,FALSE),0) -> 13 | Y25: =IFERROR(VLOOKUP(X25,'Puntos XCO'!$A$1:$B$63,2,FALSE),0) -> 72 | Z25: =G25+I25+K25+M25+O25+Q25+S25+U25+W25+Y25 -> 328
A26: 12 | B26: 12 | C26: 37 | D26: ROJAS Alejandro* | E26: TEAM HC | F26: 15 | G26: 1 | H26: 14 | I26: 70 | J26: 13 | K26: 3 | L26: 17 | M26: 64 | O26: =IFERROR(VLOOKUP(N26,'Puntos XCC Mayor'!$A$1:$B$15,2,FALSE),0) -> 0 | Q26: =IFERROR(VLOOKUP(P26,'Puntos XCO'!$A$1:$B$63,2,FALSE),0) -> 0 | R26: 10 | S26: =IFERROR(VLOOKUP(R26,'Puntos XCC Mayor'!$A$1:$B$15,2,FALSE),0) -> 6 | T26: 9 | U26: =IFERROR(VLOOKUP(T26,'Puntos XCO'!$A$1:$B$63,2,FALSE),0) -> 80 | V26: =IFERROR(VLOOKUP(C26,RESXCC_1,9,FALSE),0) -> 8 | W26: =IFERROR(VLOOKUP(V26,'Puntos XCC Mayor'!$A$1:$B$15,2,FALSE),0) -> 8 | X26: =IFERROR(VLOOKUP(C26,RESXCO,9,FALSE),0) -> 14 | Y26: =IFERROR(VLOOKUP(X26,'Puntos XCO'!$A$1:$B$63,2,FALSE),0) -> 70 | Z26: =G26+I26+K26+M26+O26+Q26+S26+U26+W26+Y26 -> 302
A27: 13 | B27: 21 | C27: 23 | D27: MENDEZ Jared* | E27: BOBBYS CYCLING TEAM | F27: 1 | G27: 25 | H27: 5 | I27: 100 | J27: 3 | K27: 16 | L27: 0 | M27: 0 | N27: 11 | O27: =IFERROR(VLOOKUP(N27,'Puntos XCC Mayor'!$A$1:$B$15,2,FALSE),0) -> 5 | Q27: =IFERROR(VLOOKUP(P27,'Puntos XCO'!$A$1:$B$63,2,FALSE),0) -> 0 | R27: 0 | S27: =IFERROR(VLOOKUP(R27,'Puntos XCC Mayor'!$A$1:$B$15,2,FALSE),0) -> 0 | T27: 0 | U27: =IFERROR(VLOOKUP(T27,'Puntos XCO'!$A$1:$B$63,2,FALSE),0) -> 0 | V27: =IFERROR(VLOOKUP(C27,RESXCC_1,9,FALSE),0) -> 3 | W27: =IFERROR(VLOOKUP(V27,'Puntos XCC Mayor'!$A$1:$B$15,2,FALSE),0) -> 16 | X27: =IFERROR(VLOOKUP(C27,RESXCO,9,FALSE),0) -> 4 | Y27: =IFERROR(VLOOKUP(X27,'Puntos XCO'!$A$1:$B$63,2,FALSE),0) -> 110 | Z27: =G27+I27+K27+M27+O27+Q27+S27+U27+W27+Y27 -> 272
A28: 14 | B28: 16 | C28: 30 | D28: ALVARADO Armando* | E28: CCDR DESAMPARADOS | F28: 9 | G28: 7 | H28: 11 | I28: 76 | J28: 0 | K28: 0 | L28: 13 | M28: 72 | N28: 18 | O28: =IFERROR(VLOOKUP(N28,'Puntos XCC Mayor'!$A$1:$B$15,2,FALSE),0) -> 0 | Q28: =IFERROR(VLOOKUP(P28,'Puntos XCO'!$A$1:$B$63,2,FALSE),0) -> 0 | R28: 11 | S28: =IFERROR(VLOOKUP(R28,'Puntos XCC Mayor'!$A$1:$B$15,2,FALSE),0) -> 5 | T28: 0 | U28: =IFERROR(VLOOKUP(T28,'Puntos XCO'!$A$1:$B$63,2,FALSE),0) -> 0 | V28: =IFERROR(VLOOKUP(C28,RESXCC_1,9,FALSE),0) -> 13 | W28: =IFERROR(VLOOKUP(V28,'Puntos XCC Mayor'!$A$1:$B$15,2,FALSE),0) -> 3 | X28: =IFERROR(VLOOKUP(C28,RESXCO,9,FALSE),0) -> 9 | Y28: =IFERROR(VLOOKUP(X28,'Puntos XCO'!$A$1:$B$63,2,FALSE),0) -> 80 | Z28: =G28+I28+K28+M28+O28+Q28+S28+U28+W28+Y28 -> 243
A29: 15 | B29: 11 | C29: 1 | D29: MARQUES José Gabriel | E29: COD RACING | N29: 1 | O29: =IFERROR(VLOOKUP(N29,'Puntos XCC Mayor'!$A$1:$B$15,2,FALSE),0) -> 25 | P29: 1 | Q29: =IFERROR(VLOOKUP(P29,'Puntos XCO'!$A$1:$B$63,2,FALSE),0) -> 200 | R29: 0 | S29: =IFERROR(VLOOKUP(R29,'Puntos XCC Mayor'!$A$1:$B$15,2,FALSE),0) -> 0 | T29: 0 | U29: =IFERROR(VLOOKUP(T29,'Puntos XCO'!$A$1:$B$63,2,FALSE),0) -> 0 | V29: =IFERROR(VLOOKUP(C29,RESXCC_1,9,FALSE),0) -> 0 | W29: =IFERROR(VLOOKUP(V29,'Puntos XCC Mayor'!$A$1:$B$15,2,FALSE),0) -> 0 | X29: =IFERROR(VLOOKUP(C29,RESXCO,9,FALSE),0) -> 0 | Y29: =IFERROR(VLOOKUP(X29,'Puntos XCO'!$A$1:$B$63,2,FALSE),0) -> 0 | Z29: =G29+I29+K29+M29+O29+Q29+S29+U29+W29+Y29 -> 225
A30: 16 | B30: 27 | C30: 7 | D30: MONTOYA Paolo | E30: COLONO BIKE STATION KOLBI | O30: =IFERROR(VLOOKUP(N30,'Puntos XCC Mayor'!$A$1:$B$15,2,FALSE),0) -> 0 | P30: 7 | Q30: =IFERROR(VLOOKUP(P30,'Puntos XCO'!$A$1:$B$63,2,FALSE),0) -> 90 | R30: 0 | S30: =IFERROR(VLOOKUP(R30,'Puntos XCC Mayor'!$A$1:$B$15,2,FALSE),0) -> 0 | T30: 0 | U30: =IFERROR(VLOOKUP(T30,'Puntos XCO'!$A$1:$B$63,2,FALSE),0) -> 0 | V30: =IFERROR(VLOOKUP(C30,RESXCC_1,9,FALSE),0) -> 0 | W30: =IFERROR(VLOOKUP(V30,'Puntos XCC Mayor'!$A$1:$B$15,2,FALSE),0) -> 0 | X30: =IFERROR(VLOOKUP(C30,RESXCO,9,FALSE),0) -> 3 | Y30: =IFERROR(VLOOKUP(X30,'Puntos XCO'!$A$1:$B$63,2,FALSE),0) -> 120 | Z30: =G30+I30+K30+M30+O30+Q30+S30+U30+W30+Y30 -> 210
A31: 17 | B31: 13 | C31: 22 | D31: TAILLEFER Tristan* | E31: PIVOT OTE CONTINENTAL | N31: 8 | O31: =IFERROR(VLOOKUP(N31,'Puntos XCC Mayor'!$A$1:$B$15,2,FALSE),0) -> 8 | P31: 1 | Q31: =IFERROR(VLOOKUP(P31,'Puntos XCO'!$A$1:$B$63,2,FALSE),0) -> 200 | R31: 0 | S31: =IFERROR(VLOOKUP(R31,'Puntos XCC Mayor'!$A$1:$B$15,2,FALSE),0) -> 0 | T31: 0 | U31: =IFERROR(VLOOKUP(T31,'Puntos XCO'!$A$1:$B$63,2,FALSE),0) -> 0 | V31: =IFERROR(VLOOKUP(C31,RESXCC_1,9,FALSE),0) -> 0 | W31: =IFERROR(VLOOKUP(V31,'Puntos XCC Mayor'!$A$1:$B$15,2,FALSE),0) -> 0 | X31: =IFERROR(VLOOKUP(C31,RESXCO,9,FALSE),0) -> 0 | Y31: =IFERROR(VLOOKUP(X31,'Puntos XCO'!$A$1:$B$63,2,FALSE),0) -> 0 | Z31: =G31+I31+K31+M31+O31+Q31+S31+U31+W31+Y31 -> 208
A32: 18 | B32: 14 | D32: ASTUA Kyvan | E32: INDEPENDIENTE | F32: 12 | G32: 4 | H32: 7 | I32: 90 | J32: 3 | K32: 16 | L32: 15 | M32: 68 | O32: =IFERROR(VLOOKUP(N32,'Puntos XCC Mayor'!$A$1:$B$15,2,FALSE),0) -> 0 | Q32: =IFERROR(VLOOKUP(P32,'Puntos XCO'!$A$1:$B$63,2,FALSE),0) -> 0 | R32: 0 | S32: =IFERROR(VLOOKUP(R32,'Puntos XCC Mayor'!$A$1:$B$15,2,FALSE),0) -> 0 | T32: 0 | U32: =IFERROR(VLOOKUP(T32,'Puntos XCO'!$A$1:$B$63,2,FALSE),0) -> 0 | V32: =IFERROR(VLOOKUP(C32,RESXCC_1,9,FALSE),0) -> 0 | W32: =IFERROR(VLOOKUP(V32,'Puntos XCC Mayor'!$A$1:$B$15,2,FALSE),0) -> 0 | X32: =IFERROR(VLOOKUP(C32,RESXCO,9,FALSE),0) -> 0 | Y32: =IFERROR(VLOOKUP(X32,'Puntos XCO'!$A$1:$B$63,2,FALSE),0) -> 0 | Z32: =G32+I32+K32+M32+O32+Q32+S32+U32+W32+Y32 -> 178
A33: 19 | B33: 15 | C33: 8 | D33: FONSECA Andrey | E33: TEAM INNOVABIKES SKOLER UH | J33: 0 | K33: 0 | L33: 8 | M33: 85 | N33: 22 | O33: =IFERROR(VLOOKUP(N33,'Puntos XCC Mayor'!$A$1:$B$15,2,FALSE),0) -> 0 | P33: 8 | Q33: =IFERROR(VLOOKUP(P33,'Puntos XCO'!$A$1:$B$63,2,FALSE),0) -> 85 | R33: 0 | S33: =IFERROR(VLOOKUP(R33,'Puntos XCC Mayor'!$A$1:$B$15,2,FALSE),0) -> 0 | T33: 0 | U33: =IFERROR(VLOOKUP(T33,'Puntos XCO'!$A$1:$B$63,2,FALSE),0) -> 0 | V33: =IFERROR(VLOOKUP(C33,RESXCC_1,9,FALSE),0) -> 0 | W33: =IFERROR(VLOOKUP(V33,'Puntos XCC Mayor'!$A$1:$B$15,2,FALSE),0) -> 0 | X33: =IFERROR(VLOOKUP(C33,RESXCO,9,FALSE),0) -> 0 | Y33: =IFERROR(VLOOKUP(X33,'Puntos XCO'!$A$1:$B$63,2,FALSE),0) -> 0 | Z33: =G33+I33+K33+M33+O33+Q33+S33+U33+W33+Y33 -> 170
A34: 20 | B34: 34 | C34: 35 | D34: CASTILLO Alejandro* | E34: COLONO BIKE STATION KOLBI | N34: 24 | O34: =IFERROR(VLOOKUP(N34,'Puntos XCC Mayor'!$A$1:$B$15,2,FALSE),0) -> 0 | Q34: =IFERROR(VLOOKUP(P34,'Puntos XCO'!$A$1:$B$63,2,FALSE),0) -> 0 | R34: 0 | S34: =IFERROR(VLOOKUP(R34,'Puntos XCC Mayor'!$A$1:$B$15,2,FALSE),0) -> 0 | T34: 10 | U34: =IFERROR(VLOOKUP(T34,'Puntos XCO'!$A$1:$B$63,2,FALSE),0) -> 78 | V34: =IFERROR(VLOOKUP(C34,RESXCC_1,9,FALSE),0) -> 9 | W34: =IFERROR(VLOOKUP(V34,'Puntos XCC Mayor'!$A$1:$B$15,2,FALSE),0) -> 7 | X34: =IFERROR(VLOOKUP(C34,RESXCO,9,FALSE),0) -> 10 | Y34: =IFERROR(VLOOKUP(X34,'Puntos XCO'!$A$1:$B$63,2,FALSE),0) -> 78 | Z34: =G34+I34+K34+M34+O34+Q34+S34+U34+W34+Y34 -> 163
A35: 21 | B35: 17 | C35: 21 | D35: SAN MARTIN Maximiliano* | E35: ER CICLISMO CHILE. | N35: 10 | O35: =IFERROR(VLOOKUP(N35,'Puntos XCC Mayor'!$A$1:$B$15,2,FALSE),0) -> 6 | P35: 2 | Q35: =IFERROR(VLOOKUP(P35,'Puntos XCO'!$A$1:$B$63,2,FALSE),0) -> 150 | R35: 0 | S35: =IFERROR(VLOOKUP(R35,'Puntos XCC Mayor'!$A$1:$B$15,2,FALSE),0) -> 0 | T35: 0 | U35: =IFERROR(VLOOKUP(T35,'Puntos XCO'!$A$1:$B$63,2,FALSE),0) -> 0 | V35: =IFERROR(VLOOKUP(C35,RESXCC_1,9,FALSE),0) -> 0 | W35: =IFERROR(VLOOKUP(V35,'Puntos XCC Mayor'!$A$1:$B$15,2,FALSE),0) -> 0 | X35: =IFERROR(VLOOKUP(C35,RESXCO,9,FALSE),0) -> 0 | Y35: =IFERROR(VLOOKUP(X35,'Puntos XCO'!$A$1:$B$63,2,FALSE),0) -> 0 | Z35: =G35+I35+K35+M35+O35+Q35+S35+U35+W35+Y35 -> 156
A36: 22 | B36: 18 | C36: 2 | D36: BOTERO Jhonnatan | E36: GW ERCO SPORTFITNESS | O36: =IFERROR(VLOOKUP(N36,'Puntos XCC Mayor'!$A$1:$B$15,2,FALSE),0) -> 0 | P36: 2 | Q36: =IFERROR(VLOOKUP(P36,'Puntos XCO'!$A$1:$B$63,2,FALSE),0) -> 150 | R36: 0 | S36: =IFERROR(VLOOKUP(R36,'Puntos XCC Mayor'!$A$1:$B$15,2,FALSE),0) -> 0 | T36: 0 | U36: =IFERROR(VLOOKUP(T36,'Puntos XCO'!$A$1:$B$63,2,FALSE),0) -> 0 | V36: =IFERROR(VLOOKUP(C36,RESXCC_1,9,FALSE),0) -> 0 | W36: =IFERROR(VLOOKUP(V36,'Puntos XCC Mayor'!$A$1:$B$15,2,FALSE),0) -> 0 | X36: =IFERROR(VLOOKUP(C36,RESXCO,9,FALSE),0) -> 0 | Y36: =IFERROR(VLOOKUP(X36,'Puntos XCO'!$A$1:$B$63,2,FALSE),0) -> 0 | Z36: =G36+I36+K36+M36+O36+Q36+S36+U36+W36+Y36 -> 150
A37: 23 | B37: 19 | C37: 6 | D37: RAMÍREZ Joseph | E37: COLONO BIKE STATION KOLBI | J37: 0 | K37: 0 | L37: 2 | M37: 150 | O37: =IFERROR(VLOOKUP(N37,'Puntos XCC Mayor'!$A$1:$B$15,2,FALSE),0) -> 0 | Q37: =IFERROR(VLOOKUP(P37,'Puntos XCO'!$A$1:$B$63,2,FALSE),0) -> 0 | R37: 0 | S37: =IFERROR(VLOOKUP(R37,'Puntos XCC Mayor'!$A$1:$B$15,2,FALSE),0) -> 0 | T37: 0 | U37: =IFERROR(VLOOKUP(T37,'Puntos XCO'!$A$1:$B$63,2,FALSE),0) -> 0 | V37: =IFERROR(VLOOKUP(C37,RESXCC_1,9,FALSE),0) -> 0 | W37: =IFERROR(VLOOKUP(V37,'Puntos XCC Mayor'!$A$1:$B$15,2,FALSE),0) -> 0 | X37: =IFERROR(VLOOKUP(C37,RESXCO,9,FALSE),0) -> 0 | Y37: =IFERROR(VLOOKUP(X37,'Puntos XCO'!$A$1:$B$63,2,FALSE),0) -> 0 | Z37: =G37+I37+K37+M37+O37+Q37+S37+U37+W37+Y37 -> 150
A38: 24 | B38: 22 | C38: 32 | D38: TORRES Kevin* | E38: 1000 FPS- ZONA INFINITO SPORT | F38: 16 | G38: 0 | H38: 16 | I38: 66 | J38: 0 | K38: 0 | L38: 0 | M38: 0 | N38: 27 | O38: =IFERROR(VLOOKUP(N38,'Puntos XCC Mayor'!$A$1:$B$15,2,FALSE),0) -> 0 | P38: 12 | Q38: =IFERROR(VLOOKUP(P38,'Puntos XCO'!$A$1:$B$63,2,FALSE),0) -> 74 | R38: 0 | S38: =IFERROR(VLOOKUP(R38,'Puntos XCC Mayor'!$A$1:$B$15,2,FALSE),0) -> 0 | T38: 0 | U38: =IFERROR(VLOOKUP(T38,'Puntos XCO'!$A$1:$B$63,2,FALSE),0) -> 0 | V38: =IFERROR(VLOOKUP(C38,RESXCC_1,9,FALSE),0) -> 0 | W38: =IFERROR(VLOOKUP(V38,'Puntos XCC Mayor'!$A$1:$B$15,2,FALSE),0) -> 0 | X38: =IFERROR(VLOOKUP(C38,RESXCO,9,FALSE),0) -> 0 | Y38: =IFERROR(VLOOKUP(X38,'Puntos XCO'!$A$1:$B$63,2,FALSE),0) -> 0 | Z38: =G38+I38+K38+M38+O38+Q38+S38+U38+W38+Y38 -> 140
A39: 25 | B39: 23 | C39: 5 | D39: BEDOYA Jeronimo | E39: GW ERCO SPORTFITNESS | N39: 3 | O39: =IFERROR(VLOOKUP(N39,'Puntos XCC Mayor'!$A$1:$B$15,2,FALSE),0) -> 16 | P39: 3 | Q39: =IFERROR(VLOOKUP(P39,'Puntos XCO'!$A$1:$B$63,2,FALSE),0) -> 120 | R39: 0 | S39: =IFERROR(VLOOKUP(R39,'Puntos XCC Mayor'!$A$1:$B$15,2,FALSE),0) -> 0 | T39: 0 | U39: =IFERROR(VLOOKUP(T39,'Puntos XCO'!$A$1:$B$63,2,FALSE),0) -> 0 | V39: =IFERROR(VLOOKUP(C39,RESXCC_1,9,FALSE),0) -> 0 | W39: =IFERROR(VLOOKUP(V39,'Puntos XCC Mayor'!$A$1:$B$15,2,FALSE),0) -> 0 | X39: =IFERROR(VLOOKUP(C39,RESXCO,9,FALSE),0) -> 0 | Y39: =IFERROR(VLOOKUP(X39,'Puntos XCO'!$A$1:$B$63,2,FALSE),0) -> 0 | Z39: =G39+I39+K39+M39+O39+Q39+S39+U39+W39+Y39 -> 136
A40: 26 | B40: 24 | C40: 14 | D40: AGUILAR Ivan | E40: REGULUS 333 | N40: 2 | O40: =IFERROR(VLOOKUP(N40,'Puntos XCC Mayor'!$A$1:$B$15,2,FALSE),0) -> 20 | P40: 4 | Q40: =IFERROR(VLOOKUP(P40,'Puntos XCO'!$A$1:$B$63,2,FALSE),0) -> 110 | R40: 0 | S40: =IFERROR(VLOOKUP(R40,'Puntos XCC Mayor'!$A$1:$B$15,2,FALSE),0) -> 0 | T40: 0 | U40: =IFERROR(VLOOKUP(T40,'Puntos XCO'!$A$1:$B$63,2,FALSE),0) -> 0 | V40: =IFERROR(VLOOKUP(C40,RESXCC_1,9,FALSE),0) -> 0 | W40: =IFERROR(VLOOKUP(V40,'Puntos XCC Mayor'!$A$1:$B$15,2,FALSE),0) -> 0 | X40: =IFERROR(VLOOKUP(C40,RESXCO,9,FALSE),0) -> 0 | Y40: =IFERROR(VLOOKUP(X40,'Puntos XCO'!$A$1:$B$63,2,FALSE),0) -> 0 | Z40: =G40+I40+K40+M40+O40+Q40+S40+U40+W40+Y40 -> 130
A41: 27 | B41: 25 | C41: 31 | D41: MORA Kendall* | E41: CODEA ALAJUELA | F41: 17 | G41: 0 | H41: 17 | I41: 64 | J41: 16 | K41: 0 | L41: 19 | M41: 60 | N41: 26 | O41: =IFERROR(VLOOKUP(N41,'Puntos XCC Mayor'!$A$1:$B$15,2,FALSE),0) -> 0 | Q41: =IFERROR(VLOOKUP(P41,'Puntos XCO'!$A$1:$B$63,2,FALSE),0) -> 0 | R41: 0 | S41: =IFERROR(VLOOKUP(R41,'Puntos XCC Mayor'!$A$1:$B$15,2,FALSE),0) -> 0 | T41: 0 | U41: =IFERROR(VLOOKUP(T41,'Puntos XCO'!$A$1:$B$63,2,FALSE),0) -> 0 | V41: =IFERROR(VLOOKUP(C41,RESXCC_1,9,FALSE),0) -> 0 | W41: =IFERROR(VLOOKUP(V41,'Puntos XCC Mayor'!$A$1:$B$15,2,FALSE),0) -> 0 | X41: =IFERROR(VLOOKUP(C41,RESXCO,9,FALSE),0) -> 0 | Y41: =IFERROR(VLOOKUP(X41,'Puntos XCO'!$A$1:$B$63,2,FALSE),0) -> 0 | Z41: =G41+I41+K41+M41+O41+Q41+S41+U41+W41+Y41 -> 124
A42: 28 | B42: 26 | C42: 33 | D42: BRUNELLE Alix* | E42: SIBOIRE QUIROULE | O42: =IFERROR(VLOOKUP(N42,'Puntos XCC Mayor'!$A$1:$B$15,2,FALSE),0) -> 0 | P42: 5 | Q42: =IFERROR(VLOOKUP(P42,'Puntos XCO'!$A$1:$B$63,2,FALSE),0) -> 100 | R42: 0 | S42: =IFERROR(VLOOKUP(R42,'Puntos XCC Mayor'!$A$1:$B$15,2,FALSE),0) -> 0 | T42: 0 | U42: =IFERROR(VLOOKUP(T42,'Puntos XCO'!$A$1:$B$63,2,FALSE),0) -> 0 | V42: =IFERROR(VLOOKUP(C42,RESXCC_1,9,FALSE),0) -> 0 | W42: =IFERROR(VLOOKUP(V42,'Puntos XCC Mayor'!$A$1:$B$15,2,FALSE),0) -> 0 | X42: =IFERROR(VLOOKUP(C42,RESXCO,9,FALSE),0) -> 0 | Y42: =IFERROR(VLOOKUP(X42,'Puntos XCO'!$A$1:$B$63,2,FALSE),0) -> 0 | Z42: =G42+I42+K42+M42+O42+Q42+S42+U42+W42+Y42 -> 100
A43: 29 | B43: 28 | C43: 34 | D43: RODRIGUEZ Angel* | E43: 7EIGHT7 PROJECT | N43: 20 | O43: =IFERROR(VLOOKUP(N43,'Puntos XCC Mayor'!$A$1:$B$15,2,FALSE),0) -> 0 | P43: 7 | Q43: =IFERROR(VLOOKUP(P43,'Puntos XCO'!$A$1:$B$63,2,FALSE),0) -> 90 | R43: 0 | S43: =IFERROR(VLOOKUP(R43,'Puntos XCC Mayor'!$A$1:$B$15,2,FALSE),0) -> 0 | T43: 0 | U43: =IFERROR(VLOOKUP(T43,'Puntos XCO'!$A$1:$B$63,2,FALSE),0) -> 0 | V43: =IFERROR(VLOOKUP(C43,RESXCC_1,9,FALSE),0) -> 0 | W43: =IFERROR(VLOOKUP(V43,'Puntos XCC Mayor'!$A$1:$B$15,2,FALSE),0) -> 0 | X43: =IFERROR(VLOOKUP(C43,RESXCO,9,FALSE),0) -> 0 | Y43: =IFERROR(VLOOKUP(X43,'Puntos XCO'!$A$1:$B$63,2,FALSE),0) -> 0 | Z43: =G43+I43+K43+M43+O43+Q43+S43+U43+W43+Y43 -> 90
A44: 30 | B44: 29 | C44: 24 | D44: DUVAL Mathis* | E44: SIBOIRE QUIROULE | N44: 7 | O44: =IFERROR(VLOOKUP(N44,'Puntos XCC Mayor'!$A$1:$B$15,2,FALSE),0) -> 9 | P44: 9 | Q44: =IFERROR(VLOOKUP(P44,'Puntos XCO'!$A$1:$B$63,2,FALSE),0) -> 80 | R44: 0 | S44: =IFERROR(VLOOKUP(R44,'Puntos XCC Mayor'!$A$1:$B$15,2,FALSE),0) -> 0 | T44: 0 | U44: =IFERROR(VLOOKUP(T44,'Puntos XCO'!$A$1:$B$63,2,FALSE),0) -> 0 | V44: =IFERROR(VLOOKUP(C44,RESXCC_1,9,FALSE),0) -> 0 | W44: =IFERROR(VLOOKUP(V44,'Puntos XCC Mayor'!$A$1:$B$15,2,FALSE),0) -> 0 | X44: =IFERROR(VLOOKUP(C44,RESXCO,9,FALSE),0) -> 0 | Y44: =IFERROR(VLOOKUP(X44,'Puntos XCO'!$A$1:$B$63,2,FALSE),0) -> 0 | Z44: =G44+I44+K44+M44+O44+Q44+S44+U44+W44+Y44 -> 89
A45: 31 | B45: 30 | D45: AGUILAR Jonathan* | E45: MANZA TÉ LA SELVA SCOTT | F45: 3 | G45: 16 | H45: 13 | I45: 72 | J45: 0 | K45: 0 | L45: 0 | M45: 0 | O45: =IFERROR(VLOOKUP(N45,'Puntos XCC Mayor'!$A$1:$B$15,2,FALSE),0) -> 0 | Q45: =IFERROR(VLOOKUP(P45,'Puntos XCO'!$A$1:$B$63,2,FALSE),0) -> 0 | R45: 0 | S45: =IFERROR(VLOOKUP(R45,'Puntos XCC Mayor'!$A$1:$B$15,2,FALSE),0) -> 0 | T45: 0 | U45: =IFERROR(VLOOKUP(T45,'Puntos XCO'!$A$1:$B$63,2,FALSE),0) -> 0 | V45: =IFERROR(VLOOKUP(C45,RESXCC_1,9,FALSE),0) -> 0 | W45: =IFERROR(VLOOKUP(V45,'Puntos XCC Mayor'!$A$1:$B$15,2,FALSE),0) -> 0 | X45: =IFERROR(VLOOKUP(C45,RESXCO,9,FALSE),0) -> 0 | Y45: =IFERROR(VLOOKUP(X45,'Puntos XCO'!$A$1:$B$63,2,FALSE),0) -> 0 | Z45: =G45+I45+K45+M45+O45+Q45+S45+U45+W45+Y45 -> 88
A46: 32 | B46: 31 | C46: 36 | D46: LUNA José Carlos* | E46: MI BICLA | N46: 17 | O46: =IFERROR(VLOOKUP(N46,'Puntos XCC Mayor'!$A$1:$B$15,2,FALSE),0) -> 0 | P46: 8 | Q46: =IFERROR(VLOOKUP(P46,'Puntos XCO'!$A$1:$B$63,2,FALSE),0) -> 85 | R46: 0 | S46: =IFERROR(VLOOKUP(R46,'Puntos XCC Mayor'!$A$1:$B$15,2,FALSE),0) -> 0 | T46: 0 | U46: =IFERROR(VLOOKUP(T46,'Puntos XCO'!$A$1:$B$63,2,FALSE),0) -> 0 | V46: =IFERROR(VLOOKUP(C46,RESXCC_1,9,FALSE),0) -> 0 | W46: =IFERROR(VLOOKUP(V46,'Puntos XCC Mayor'!$A$1:$B$15,2,FALSE),0) -> 0 | X46: =IFERROR(VLOOKUP(C46,RESXCO,9,FALSE),0) -> 0 | Y46: =IFERROR(VLOOKUP(X46,'Puntos XCO'!$A$1:$B$63,2,FALSE),0) -> 0 | Z46: =G46+I46+K46+M46+O46+Q46+S46+U46+W46+Y46 -> 85
A47: 33 | B47: 32 | D47: MADRIGAL Adriano* | E47: CICLISMO BELÉN | F47: 11 | G47: 5 | H47: 9 | I47: 80 | J47: 0 | K47: 0 | L47: 0 | M47: 0 | O47: =IFERROR(VLOOKUP(N47,'Puntos XCC Mayor'!$A$1:$B$15,2,FALSE),0) -> 0 | Q47: =IFERROR(VLOOKUP(P47,'Puntos XCO'!$A$1:$B$63,2,FALSE),0) -> 0 | R47: 0 | S47: =IFERROR(VLOOKUP(R47,'Puntos XCC Mayor'!$A$1:$B$15,2,FALSE),0) -> 0 | T47: 0 | U47: =IFERROR(VLOOKUP(T47,'Puntos XCO'!$A$1:$B$63,2,FALSE),0) -> 0 | V47: =IFERROR(VLOOKUP(C47,RESXCC_1,9,FALSE),0) -> 0 | W47: =IFERROR(VLOOKUP(V47,'Puntos XCC Mayor'!$A$1:$B$15,2,FALSE),0) -> 0 | X47: =IFERROR(VLOOKUP(C47,RESXCO,9,FALSE),0) -> 0 | Y47: =IFERROR(VLOOKUP(X47,'Puntos XCO'!$A$1:$B$63,2,FALSE),0) -> 0 | Z47: =G47+I47+K47+M47+O47+Q47+S47+U47+W47+Y47 -> 85
A48: 34 | C48: 39 | D48: =VLOOKUP(C48,PLANILLA,2,FALSE) -> ROJAS Juan Diego* | E48: =VLOOKUP(C48,PLANILLA,4,FALSE) -> MEGAMO MANZATÉ LA SELVA | V48: =IFERROR(VLOOKUP(C48,RESXCC_1,9,FALSE),0) -> 11 | W48: =IFERROR(VLOOKUP(V48,'Puntos XCC Mayor'!$A$1:$B$15,2,FALSE),0) -> 5 | X48: =IFERROR(VLOOKUP(C48,RESXCO,9,FALSE),0) -> 11 | Y48: =IFERROR(VLOOKUP(X48,'Puntos XCO'!$A$1:$B$63,2,FALSE),0) -> 76 | Z48: =G48+I48+K48+M48+O48+Q48+S48+U48+W48+Y48 -> 81
A49: 35 | B49: 33 | C49: 11 | D49: FARNWORTH Landon | E49: UNATTACHED | N49: 19 | O49: =IFERROR(VLOOKUP(N49,'Puntos XCC Mayor'!$A$1:$B$15,2,FALSE),0) -> 0 | P49: 9 | Q49: =IFERROR(VLOOKUP(P49,'Puntos XCO'!$A$1:$B$63,2,FALSE),0) -> 80 | R49: 0 | S49: =IFERROR(VLOOKUP(R49,'Puntos XCC Mayor'!$A$1:$B$15,2,FALSE),0) -> 0 | T49: 0 | U49: =IFERROR(VLOOKUP(T49,'Puntos XCO'!$A$1:$B$63,2,FALSE),0) -> 0 | V49: =IFERROR(VLOOKUP(C49,RESXCC_1,9,FALSE),0) -> 0 | W49: =IFERROR(VLOOKUP(V49,'Puntos XCC Mayor'!$A$1:$B$15,2,FALSE),0) -> 0 | X49: =IFERROR(VLOOKUP(C49,RESXCO,9,FALSE),0) -> 0 | Y49: =IFERROR(VLOOKUP(X49,'Puntos XCO'!$A$1:$B$63,2,FALSE),0) -> 0 | Z49: =G49+I49+K49+M49+O49+Q49+S49+U49+W49+Y49 -> 80
A50: 36 | B50: 35 | C50: 38 | D50: =VLOOKUP(C50,PLANILLA,2,FALSE) -> ARAYA Roberto* | E50: =VLOOKUP(C50,PLANILLA,4,FALSE) -> CCDR PARAÍSO | R50: 0 | S50: =IFERROR(VLOOKUP(R50,'Puntos XCC Mayor'!$A$1:$B$15,2,FALSE),0) -> 0 | T50: 11 | U50: =IFERROR(VLOOKUP(T50,'Puntos XCO'!$A$1:$B$63,2,FALSE),0) -> 76 | V50: =IFERROR(VLOOKUP(C50,RESXCC_1,9,FALSE),0) -> 0 | W50: =IFERROR(VLOOKUP(V50,'Puntos XCC Mayor'!$A$1:$B$15,2,FALSE),0) -> 0 | X50: =IFERROR(VLOOKUP(C50,RESXCO,9,FALSE),0) -> 0 | Y50: =IFERROR(VLOOKUP(X50,'Puntos XCO'!$A$1:$B$63,2,FALSE),0) -> 0 | Z50: =G50+I50+K50+M50+O50+Q50+S50+U50+W50+Y50 -> 76
A51: 37 | B51: 36 | D51: QUINTERO Jose Carmelo | E51: BIKE RIDE SIQUIRRES | J51: 14 | K51: 2 | L51: 14 | M51: 70 | O51: =IFERROR(VLOOKUP(N51,'Puntos XCC Mayor'!$A$1:$B$15,2,FALSE),0) -> 0 | Q51: =IFERROR(VLOOKUP(P51,'Puntos XCO'!$A$1:$B$63,2,FALSE),0) -> 0 | R51: 0 | S51: =IFERROR(VLOOKUP(R51,'Puntos XCC Mayor'!$A$1:$B$15,2,FALSE),0) -> 0 | T51: 0 | U51: =IFERROR(VLOOKUP(T51,'Puntos XCO'!$A$1:$B$63,2,FALSE),0) -> 0 | V51: =IFERROR(VLOOKUP(C51,RESXCC_1,9,FALSE),0) -> 0 | W51: =IFERROR(VLOOKUP(V51,'Puntos XCC Mayor'!$A$1:$B$15,2,FALSE),0) -> 0 | X51: =IFERROR(VLOOKUP(C51,RESXCO,9,FALSE),0) -> 0 | Y51: =IFERROR(VLOOKUP(X51,'Puntos XCO'!$A$1:$B$63,2,FALSE),0) -> 0 | Z51: =G51+I51+K51+M51+O51+Q51+S51+U51+W51+Y51 -> 72
A52: 38 | B52: 37 | D52: MENESES Sebastian* | E52: MANZATE LA SELVA SCOTT | F52: 0 | G52: 0 | H52: 15 | I52: 68 | J52: 0 | K52: 0 | L52: 0 | M52: 0 | O52: =IFERROR(VLOOKUP(N52,'Puntos XCC Mayor'!$A$1:$B$15,2,FALSE),0) -> 0 | Q52: =IFERROR(VLOOKUP(P52,'Puntos XCO'!$A$1:$B$63,2,FALSE),0) -> 0 | R52: 0 | S52: =IFERROR(VLOOKUP(R52,'Puntos XCC Mayor'!$A$1:$B$15,2,FALSE),0) -> 0 | T52: 0 | U52: =IFERROR(VLOOKUP(T52,'Puntos XCO'!$A$1:$B$63,2,FALSE),0) -> 0 | V52: =IFERROR(VLOOKUP(C52,RESXCC_1,9,FALSE),0) -> 0 | W52: =IFERROR(VLOOKUP(V52,'Puntos XCC Mayor'!$A$1:$B$15,2,FALSE),0) -> 0 | X52: =IFERROR(VLOOKUP(C52,RESXCO,9,FALSE),0) -> 0 | Y52: =IFERROR(VLOOKUP(X52,'Puntos XCO'!$A$1:$B$63,2,FALSE),0) -> 0 | Z52: =G52+I52+K52+M52+O52+Q52+S52+U52+W52+Y52 -> 68
A53: 39 | C53: 41 | D53: =VLOOKUP(C53,PLANILLA,2,FALSE) -> FERNÁNDEZ Fabricio Alberto* | E53: =VLOOKUP(C53,PLANILLA,4,FALSE) | V53: =IFERROR(VLOOKUP(C53,RESXCC_1,9,FALSE),0) -> 0 | W53: =IFERROR(VLOOKUP(V53,'Puntos XCC Mayor'!$A$1:$B$15,2,FALSE),0) -> 0 | X53: =IFERROR(VLOOKUP(C53,RESXCO,9,FALSE),0) -> 15 | Y53: =IFERROR(VLOOKUP(X53,'Puntos XCO'!$A$1:$B$63,2,FALSE),0) -> 68 | Z53: =G53+I53+K53+M53+O53+Q53+S53+U53+W53+Y53 -> 68
A54: 40 | C54: 40 | D54: =VLOOKUP(C54,PLANILLA,2,FALSE) -> GUTIÉRREZ Carlos Daniel* | E54: =VLOOKUP(C54,PLANILLA,4,FALSE) -> TURRIALBA | V54: =IFERROR(VLOOKUP(C54,RESXCC_1,9,FALSE),0) -> 14 | W54: =IFERROR(VLOOKUP(V54,'Puntos XCC Mayor'!$A$1:$B$15,2,FALSE),0) -> 2 | X54: =IFERROR(VLOOKUP(C54,RESXCO,9,FALSE),0) -> 16 | Y54: =IFERROR(VLOOKUP(X54,'Puntos XCO'!$A$1:$B$63,2,FALSE),0) -> 66 | Z54: =G54+I54+K54+M54+O54+Q54+S54+U54+W54+Y54 -> 68
A55: 41 | B55: 38 | D55: HIDALGO Isaac* | E55: TEAM COSTAFRUT GIANT AC MARRIOT | J55: 15 | K55: 1 | L55: 16 | M55: 66 | O55: =IFERROR(VLOOKUP(N55,'Puntos XCC Mayor'!$A$1:$B$15,2,FALSE),0) -> 0 | Q55: =IFERROR(VLOOKUP(P55,'Puntos XCO'!$A$1:$B$63,2,FALSE),0) -> 0 | R55: 0 | S55: =IFERROR(VLOOKUP(R55,'Puntos XCC Mayor'!$A$1:$B$15,2,FALSE),0) -> 0 | T55: 0 | U55: =IFERROR(VLOOKUP(T55,'Puntos XCO'!$A$1:$B$63,2,FALSE),0) -> 0 | V55: =IFERROR(VLOOKUP(C55,RESXCC_1,9,FALSE),0) -> 0 | W55: =IFERROR(VLOOKUP(V55,'Puntos XCC Mayor'!$A$1:$B$15,2,FALSE),0) -> 0 | X55: =IFERROR(VLOOKUP(C55,RESXCO,9,FALSE),0) -> 0 | Y55: =IFERROR(VLOOKUP(X55,'Puntos XCO'!$A$1:$B$63,2,FALSE),0) -> 0 | Z55: =G55+I55+K55+M55+O55+Q55+S55+U55+W55+Y55 -> 67
A56: 42 | B56: 39 | D56: CAMACHO Jeancarlo * | E56: INDEPENDIENTE | J56: 17 | K56: 0 | L56: 18 | M56: 62 | O56: =IFERROR(VLOOKUP(N56,'Puntos XCC Mayor'!$A$1:$B$15,2,FALSE),0) -> 0 | Q56: =IFERROR(VLOOKUP(P56,'Puntos XCO'!$A$1:$B$63,2,FALSE),0) -> 0 | R56: 0 | S56: =IFERROR(VLOOKUP(R56,'Puntos XCC Mayor'!$A$1:$B$15,2,FALSE),0) -> 0 | T56: 0 | U56: =IFERROR(VLOOKUP(T56,'Puntos XCO'!$A$1:$B$63,2,FALSE),0) -> 0 | V56: =IFERROR(VLOOKUP(C56,RESXCC_1,9,FALSE),0) -> 0 | W56: =IFERROR(VLOOKUP(V56,'Puntos XCC Mayor'!$A$1:$B$15,2,FALSE),0) -> 0 | X56: =IFERROR(VLOOKUP(C56,RESXCO,9,FALSE),0) -> 0 | Y56: =IFERROR(VLOOKUP(X56,'Puntos XCO'!$A$1:$B$63,2,FALSE),0) -> 0 | Z56: =G56+I56+K56+M56+O56+Q56+S56+U56+W56+Y56 -> 62
A57: 43 | B57: 40 | D57: ALFARO Jeison* | E57: INDEPENDIENTE | J57: 19 | K57: 0 | L57: 20 | M57: 58 | O57: =IFERROR(VLOOKUP(N57,'Puntos XCC Mayor'!$A$1:$B$15,2,FALSE),0) -> 0 | Q57: =IFERROR(VLOOKUP(P57,'Puntos XCO'!$A$1:$B$63,2,FALSE),0) -> 0 | R57: 0 | S57: =IFERROR(VLOOKUP(R57,'Puntos XCC Mayor'!$A$1:$B$15,2,FALSE),0) -> 0 | T57: 0 | U57: =IFERROR(VLOOKUP(T57,'Puntos XCO'!$A$1:$B$63,2,FALSE),0) -> 0 | V57: =IFERROR(VLOOKUP(C57,RESXCC_1,9,FALSE),0) -> 0 | W57: =IFERROR(VLOOKUP(V57,'Puntos XCC Mayor'!$A$1:$B$15,2,FALSE),0) -> 0 | X57: =IFERROR(VLOOKUP(C57,RESXCO,9,FALSE),0) -> 0 | Y57: =IFERROR(VLOOKUP(X57,'Puntos XCO'!$A$1:$B$63,2,FALSE),0) -> 0 | Z57: =G57+I57+K57+M57+O57+Q57+S57+U57+W57+Y57 -> 58
A58: 44 | B58: 41 | D58: VARGAS Ismael Felipe* | E58: 7C ECONOMIC HYUNDAI | F58: 8 | G58: 8 | H58: 0 | I58: 0 | J58: 0 | K58: 0 | L58: 0 | M58: 0 | O58: =IFERROR(VLOOKUP(N58,'Puntos XCC Mayor'!$A$1:$B$15,2,FALSE),0) -> 0 | Q58: =IFERROR(VLOOKUP(P58,'Puntos XCO'!$A$1:$B$63,2,FALSE),0) -> 0 | R58: 0 | S58: =IFERROR(VLOOKUP(R58,'Puntos XCC Mayor'!$A$1:$B$15,2,FALSE),0) -> 0 | T58: 0 | U58: =IFERROR(VLOOKUP(T58,'Puntos XCO'!$A$1:$B$63,2,FALSE),0) -> 0 | V58: =IFERROR(VLOOKUP(C58,RESXCC_1,9,FALSE),0) -> 0 | W58: =IFERROR(VLOOKUP(V58,'Puntos XCC Mayor'!$A$1:$B$15,2,FALSE),0) -> 0 | X58: =IFERROR(VLOOKUP(C58,RESXCO,9,FALSE),0) -> 0 | Y58: =IFERROR(VLOOKUP(X58,'Puntos XCO'!$A$1:$B$63,2,FALSE),0) -> 0 | Z58: =G58+I58+K58+M58+O58+Q58+S58+U58+W58+Y58 -> 8
D59: CAMPOS Haswel* | E59: DESAMPARADOS | F59: 0 | G59: 0 | H59: 0 | I59: 0 | J59: 0 | K59: 0 | L59: 0 | M59: 0 | O59: =IFERROR(VLOOKUP(N59,'Puntos XCC Mayor'!$A$1:$B$15,2,FALSE),0) -> 0 | Q59: =IFERROR(VLOOKUP(P59,'Puntos XCO'!$A$1:$B$63,2,FALSE),0) -> 0 | R59: 0 | S59: =IFERROR(VLOOKUP(R59,'Puntos XCC Mayor'!$A$1:$B$15,2,FALSE),0) -> 0 | T59: 0 | U59: =IFERROR(VLOOKUP(T59,'Puntos XCO'!$A$1:$B$63,2,FALSE),0) -> 0 | V59: =IFERROR(VLOOKUP(C59,RESXCC_1,9,FALSE),0) -> 0 | W59: =IFERROR(VLOOKUP(V59,'Puntos XCC Mayor'!$A$1:$B$15,2,FALSE),0) -> 0 | X59: =IFERROR(VLOOKUP(C59,RESXCO,9,FALSE),0) -> 0 | Y59: =IFERROR(VLOOKUP(X59,'Puntos XCO'!$A$1:$B$63,2,FALSE),0) -> 0 | Z59: =G59+I59+K59+M59+O59+Q59+S59+U59+W59+Y59 -> 0
D60: BALTODANO Jeremy | E60: INDEPENDIENTE | J60: 18 | K60: 0 | L60: 0 | M60: 0 | O60: =IFERROR(VLOOKUP(N60,'Puntos XCC Mayor'!$A$1:$B$15,2,FALSE),0) -> 0 | Q60: =IFERROR(VLOOKUP(P60,'Puntos XCO'!$A$1:$B$63,2,FALSE),0) -> 0 | R60: 0 | S60: =IFERROR(VLOOKUP(R60,'Puntos XCC Mayor'!$A$1:$B$15,2,FALSE),0) -> 0 | T60: 0 | U60: =IFERROR(VLOOKUP(T60,'Puntos XCO'!$A$1:$B$63,2,FALSE),0) -> 0 | V60: =IFERROR(VLOOKUP(C60,RESXCC_1,9,FALSE),0) -> 0 | W60: =IFERROR(VLOOKUP(V60,'Puntos XCC Mayor'!$A$1:$B$15,2,FALSE),0) -> 0 | X60: =IFERROR(VLOOKUP(C60,RESXCO,9,FALSE),0) -> 0 | Y60: =IFERROR(VLOOKUP(X60,'Puntos XCO'!$A$1:$B$63,2,FALSE),0) -> 0 | Z60: =G60+I60+K60+M60+O60+Q60+S60+U60+W60+Y60 -> 0

Sheet Res I Fecha

Sheet Res II Fecha
A1: ELITE
A3: 2
A4: 1
A5: 20
A6: 3
A7: 28
A8: 34
A9: 109 | B9: sub 23
A10: 10
A11: 7
A12: 31
A13: 6
A14: 15
A15: 33
A16: 32
A17: 128 | B17: sub 23
A18: 9
A19: 121 | B19: sub 23
A20: 12
A21: 124 | B21: sub 23
A22: 11
A23: 22
A24: 4
A25: 125 | B25: sub 23
A26: 115 | B26: sub 23
A27: 24
A28: 35
A29: 117 | B29: sub 23
A30: 8
A31: 127 | B31: sub 23
A32: 37
A33: 110 | B33: sub 23
A34: 36
A35: 23
A36: 116 | B36: sub 23
A37: 123 | B37: sub 23
A38: 18
A39: 27
A40: 26
A41: 16
A42: 42
A43: 41
A44: 40
A45: 43
A47: 1 | B47: 1
A48: 20 | B48: 2
A49: 109 | B49: 3
A50: 31 | B50: 4
A51: 34 | B51: 5
A52: 28 | B52: 6
A53: 121 | B53: 7
A54: 10 | B54: 8
A55: 6 | B55: 9
A56: 128 | B56: 10
A57: 44 | B57: 11
A58: 132 | B58: 12
... A71: 134 | B71: 25
A88: INFANTIL
A90: 716 | B90: MONTERO Juan Pablo | C90: C-C-D-R- SAN JOSÉ | D90: 1
A91: 735 | B91: GORGONA Keivin | C91: ASOCIACION DE CICLISMO BARVA | D91: 2
A92: 741 | B92: QUESADA Yeicoth | C92: CCDR CARTAGO | D92: 3
A93: 738 | B93: BADILLA Sebastian | C93: CCDR CARTAGO | D93: 4
A94: 734 | B94: GONZALEZ Ernesto | C94: AMPM | D94: 5
A95: 747 | B95: ECHANDI Felipe | D95: 6
A96: 736 | B96: MORA Fabricio | C96: CCDR CARTAGO | D96: 7
A97: 749 | B97: MURILLO Cristopher | D97: 8
A98: 733 | B98: ARAYA Isaac Andres | C98: C-C-D-R- SAN JOSÉ | D98: 9
A99: 737 | B99: CASCANTE Pablo Cesar | C99: SANTA CRUZ BIKE | D99: 10
A100: 748 | B100: FONSECA Rosmy Andres | D100: 11
A101: 744 | B101: SALAZAR Santiago | C101: AM PM NITIDOS | D101: 12
A102: 743 | B102: CAMBRONERO Alejandro | C102: ACIR- SAN RAMÓN | D102: 13
A103: 740 | B103: MASIS Brandon | C103: CCDR CARTAGO | D103: 14
A104: 739 | B104: NUÑEZ Andres | C104: CCDR CARTAGO | D104: 15
A105: 726 | B105: MATAMOROS José David | C105: C-C-D-R- SAN JOSÉ | D105: 16
A106: 746 | B106: GOÑI Andres | C106: POWERCYCLING | D106: 17
A107: 742 | B107: GONZÁLEZ Andrey | C107: ACIR- SAN RAMÓN | D107: 18
A108: 745 | B108: ACUÑA Marvin | C108: ECC CICLO COREA BIKE | D108: 19
A110: 716 | D110: 1
A111: 735 | D111: 2
A112: 741 | D112: 3
A113: 738 | D113: 4
A114: 736 | D114: 5
A115: 747 | D115: 6
A116: 733 | D116: 7
A117: 749 | D117: 8
A118: 737 | D118: 9
A119: 750 | D119: 10
A120: 748 | D120: 11
A121: 751 | D121: 12
... A125: 746 | D125: 16
A128: pre juvenil masculino
A130: 982
A131: 981
A132: 926
A133: 931
A134: 928
A135: 907
A136: 980
A137: 979
A138: 937
...

Sheet SUB23
A8: SUB23 MASCULINO (19-22)
A10: 1 - Finca Grupo Orosi >21 y 22 febrero 2 - Parque La Libertad Desamparados > 28 y 29 marzo 3 - Adventure Park > 16 y 17 mayo 4 - Finca La Hisopa San Pedro de Turrubares > 13 y 14 junio
A11: 5 - > 18 y 19 julio 6 - > 12 y 13 setiembre 7 - > 31 Oct y 01 Nov
A13: POSICION | F13: 1 | J13: 2 | N13: 3 | R13: 4 | V13: 5 | Z13: TOTAL PUNTOS
A14: ACTUAL | B14: ANTERIOR | C14: NO | D14: NOMBRE | E14: EQUIPO | F14: POS XCC | G14: PTOS XCC | H14: POS XCO | I14: PTOS XCO | J14: POS XCC | K14: PTOS XCC | L14: POS XCO | M14: PTOS XCO | N14: POS XCC | O14: PTOS XCC | P14: POS XCO | Q14: PTOS XCO | R14: POS XCC | S14: PTOS XCC | T14: POS XCO | U14: PTOS XCO | V14: POS XCC | W14: PTOS XCC | X14: POS XCO | Y14: PTOS XCO
A15: 1 | B15: 2 | C15: 25 | D15: GONZÁLEZ Adriano* | E15: COLONO BIKE STATION KOLBI | F15: 3 | G15: =IFERROR(VLOOKUP(F15,'Puntos XCC Mayor'!$A$1:$B$15,2,FALSE),0) -> 16 | H15: 1 | I15: =IFERROR(VLOOKUP(H15,'Puntos XCO'!$A$1:$B$63,2,FALSE),0) -> 200 | J15: 2 | K15: =IFERROR(VLOOKUP(J15,'Puntos XCC Mayor'!$A$1:$B$15,2,FALSE),"0") -> 20 | L15: 1 | M15: =IFERROR(VLOOKUP(L15,'Puntos XCO'!$A$1:$B$63,2,FALSE),0) -> 200 | N15: 5 | O15: =IFERROR(VLOOKUP(N15,'Puntos XCC Mayor'!$A$1:$B$15,2,FALSE),0) -> 12 | P15: 4 | Q15: =IFERROR(VLOOKUP(P15,'Puntos XCO'!$A$1:$B$63,2,FALSE),0) -> 110 | R15: 2 | S15: =IFERROR(VLOOKUP(R15,'Puntos XCC Mayor'!$A$1:$B$15,2,FALSE),0) -> 20 | U15: =IFERROR(VLOOKUP(T15,'Puntos XCO'!$A$1:$B$63,2,FALSE),0) -> 0 | V15: 2 | W15: =IFERROR(VLOOKUP(V15,'Puntos XCC Mayor'!$A$1:$B$15,2,FALSE),0) -> 20 | X15: 2 | Y15: =IFERROR(VLOOKUP(X15,'Puntos XCO'!$A$1:$B$63,2,FALSE),0) -> 150 | Z15: =G15+I15+K15+M15+O15+Q15+S15+U15+W15+Y15 -> 748
A16: 2 | B16: 1 | C16: 27 | D16: RAABE Fabricio* | E16: COLONO BIKE STATION KOLBI | F16: 7 | G16: =IFERROR(VLOOKUP(F16,'Puntos XCC Mayor'!$A$1:$B$15,2,FALSE),0) -> 9 | H16: 2 | I16: =IFERROR(VLOOKUP(H16,'Puntos XCO'!$A$1:$B$63,2,FALSE),0) -> 150 | J16: 6 | K16: =IFERROR(VLOOKUP(J16,'Puntos XCC Mayor'!$A$1:$B$15,2,FALSE),"0") -> 10 | L16: 2 | M16: =IFERROR(VLOOKUP(L16,'Puntos XCO'!$A$1:$B$63,2,FALSE),0) -> 150 | N16: 6 | O16: =IFERROR(VLOOKUP(N16,'Puntos XCC Mayor'!$A$1:$B$15,2,FALSE),0) -> 10 | P16: 3 | Q16: =IFERROR(VLOOKUP(P16,'Puntos XCO'!$A$1:$B$63,2,FALSE),0) -> 120 | R16: 3 | S16: =IFERROR(VLOOKUP(R16,'Puntos XCC Mayor'!$A$1:$B$15,2,FALSE),0) -> 16 | T16: 2 | U16: =IFERROR(VLOOKUP(T16,'Puntos XCO'!$A$1:$B$63,2,FALSE),0) -> 150 | V16: 7 | W16: =IFERROR(VLOOKUP(V16,'Puntos XCC Mayor'!$A$1:$B$15,2,FALSE),0) -> 9 | X16: 4 | Y16: =IFERROR(VLOOKUP(X16,'Puntos XCO'!$A$1:$B$63,2,FALSE),0) -> 110 | Z16: =G16+I16+K16+M16+O16+Q16+S16+U16+W16+Y16 -> 734
A17: 3 | B17: 3 | C17: 28 | D17: AZOFEIFA Daniel* | E17: BOBBYS CYCLING TEAM | F17: 9 | G17: =IFERROR(VLOOKUP(F17,'Puntos XCC Mayor'!$A$1:$B$15,2,FALSE),0) -> 7 | H17: 4 | I17: =IFERROR(VLOOKUP(H17,'Puntos XCO'!$A$1:$B$63,2,FALSE),0) -> 110 | J17: 3 | K17: =IFERROR(VLOOKUP(J17,'Puntos XCC Mayor'!$A$1:$B$15,2,FALSE),"0") -> 16 | L17: 4 | M17: =IFERROR(VLOOKUP(L17,'Puntos XCO'!$A$1:$B$63,2,FALSE),0) -> 110 | N17: 7 | O17: =IFERROR(VLOOKUP(N17,'Puntos XCC Mayor'!$A$1:$B$15,2,FALSE),0) -> 9 | P17: 6 | Q17: =IFERROR(VLOOKUP(P17,'Puntos XCO'!$A$1:$B$63,2,FALSE),0) -> 95 | R17: 1 | S17: =IFERROR(VLOOKUP(R17,'Puntos XCC Mayor'!$A$1:$B$15,2,FALSE),0) -> 25 | T17: 1 | U17: =IFERROR(VLOOKUP(T17,'Puntos XCO'!$A$1:$B$63,2,FALSE),0) -> 200 | V17: 3 | W17: =IFERROR(VLOOKUP(V17,'Puntos XCC Mayor'!$A$1:$B$15,2,FALSE),0) -> 16 | X17: 8 | Y17: =IFERROR(VLOOKUP(X17,'Puntos XCO'!$A$1:$B$63,2,FALSE),0) -> 85 | Z17: =G17+I17+K17+M17+O17+Q17+S17+U17+W17+Y17 -> 673
A18: 4 | B18: 4 | C18: 26 | D18: VARGAS José David* | E18: COLONO BIKE STATION KOLBI | J18: 5 | K18: =IFERROR(VLOOKUP(J18,'Puntos XCC Mayor'!$A$1:$B$15,2,FALSE),"0") -> 12 | L18: 3 | M18: =IFERROR(VLOOKUP(L18,'Puntos XCO'!$A$1:$B$63,2,FALSE),0) -> 120 | N18: 11 | O18: =IFERROR(VLOOKUP(N18,'Puntos XCC Mayor'!$A$1:$B$15,2,FALSE),0) -> 5 | P18: 10 | Q18: =IFERROR(VLOOKUP(P18,'Puntos XCO'!$A$1:$B$63,2,FALSE),0) -> 78 | R18: 5 | S18: =IFERROR(VLOOKUP(R18,'Puntos XCC Mayor'!$A$1:$B$15,2,FALSE),0) -> 12 | T18: 3 | U18: =IFERROR(VLOOKUP(T18,'Puntos XCO'!$A$1:$B$63,2,FALSE),0) -> 120 | V18: 9 | W18: =IFERROR(VLOOKUP(V18,'Puntos XCC Mayor'!$A$1:$B$15,2,FALSE),0) -> 7 | X18: 3 | Y18: =IFERROR(VLOOKUP(X18,'Puntos XCO'!$A$1:$B$63,2,FALSE),0) -> 120 | Z18: =G18+I18+K18+M18+O18+Q18+S18+U18+W18+Y18 -> 474
A19: 5 | B19: 9 | C19: 23 | D19: MENDEZ Jared* | E19: BOBBYS CYCLING TEAM | F19: 1 | G19: =IFERROR(VLOOKUP(F19,'Puntos XCC Mayor'!$A$1:$B$15,2,FALSE),0) -> 25 | H19: 3 | I19: =IFERROR(VLOOKUP(H19,'Puntos XCO'!$A$1:$B$63,2,FALSE),0) -> 120 | J19: 1 | K19: =IFERROR(VLOOKUP(J19,'Puntos XCC Mayor'!$A$1:$B$15,2,FALSE),"0") -> 25 | L19: 0 | M19: =IFERROR(VLOOKUP(L19,'Puntos XCO'!$A$1:$B$63,2,FALSE),0) -> 0 | N19: 4 | O19: =IFERROR(VLOOKUP(N19,'Puntos XCC Mayor'!$A$1:$B$15,2,FALSE),0) -> 14 | Q19: =IFERROR(VLOOKUP(P19,'Puntos XCO'!$A$1:$B$63,2,FALSE),0) -> 0 | S19: =IFERROR(VLOOKUP(R19,'Puntos XCC Mayor'!$A$1:$B$15,2,FALSE),0) -> 0 | U19: =IFERROR(VLOOKUP(T19,'Puntos XCO'!$A$1:$B$63,2,FALSE),0) -> 0 | V19: 1 | W19: =IFERROR(VLOOKUP(V19,'Puntos XCC Mayor'!$A$1:$B$15,2,FALSE),0) -> 25 | X19: 1 | Y19: =IFERROR(VLOOKUP(X19,'Puntos XCO'!$A$1:$B$63,2,FALSE),0) -> 200 | Z19: =G19+I19+K19+M19+O19+Q19+S19+U19+W19+Y19 -> 409
A20: 6 | B20: 5 | C20: 29 | D20: HIDALGO Stefano* | E20: BOBBYS CYCLING TEAM | F20: 4 | G20: =IFERROR(VLOOKUP(F20,'Puntos XCC Mayor'!$A$1:$B$15,2,FALSE),0) -> 14 | H20: 7 | I20: =IFERROR(VLOOKUP(H20,'Puntos XCO'!$A$1:$B$63,2,FALSE),0) -> 90 | J20: 4 | K20: =IFERROR(VLOOKUP(J20,'Puntos XCC Mayor'!$A$1:$B$15,2,FALSE),"0") -> 14 | L20: 5 | M20: =IFERROR(VLOOKUP(L20,'Puntos XCO'!$A$1:$B$63,2,FALSE),0) -> 100 | N20: 12 | O20: =IFERROR(VLOOKUP(N20,'Puntos XCC Mayor'!$A$1:$B$15,2,FALSE),0) -> 4 | P20: 11 | Q20: =IFERROR(VLOOKUP(P20,'Puntos XCO'!$A$1:$B$63,2,FALSE),0) -> 76 | R20: 4 | S20: =IFERROR(VLOOKUP(R20,'Puntos XCC Mayor'!$A$1:$B$15,2,FALSE),0) -> 14 | U20: =IFERROR(VLOOKUP(T20,'Puntos XCO'!$A$1:$B$63,2,FALSE),0) -> 0 | V20: 4 | W20: =IFERROR(VLOOKUP(V20,'Puntos XCC Mayor'!$A$1:$B$15,2,FALSE),0) -> 14 | X20: 9 | Y20: =IFERROR(VLOOKUP(X20,'Puntos XCO'!$A$1:$B$63,2,FALSE),0) -> 80 | Z20: =G20+I20+K20+M20+O20+Q20+S20+U20+W20+Y20 -> 406
A21: 7 | B21: 6 | C21: 37 | D21: ROJAS Alejandro* | E21: TEAM HC | F21: 10 | G21: =IFERROR(VLOOKUP(F21,'Puntos XCC Mayor'!$A$1:$B$15,2,FALSE),0) -> 6 | H21: 9 | I21: =IFERROR(VLOOKUP(H21,'Puntos XCO'!$A$1:$B$63,2,FALSE),0) -> 80 | J21: 7 | K21: =IFERROR(VLOOKUP(J21,'Puntos XCC Mayor'!$A$1:$B$15,2,FALSE),"0") -> 9 | L21: 8 | M21: =IFERROR(VLOOKUP(L21,'Puntos XCO'!$A$1:$B$63,2,FALSE),0) -> 85 | O21: =IFERROR(VLOOKUP(N21,'Puntos XCC Mayor'!$A$1:$B$15,2,FALSE),0) -> 0 | Q21: =IFERROR(VLOOKUP(P21,'Puntos XCO'!$A$1:$B$63,2,FALSE),0) -> 0 | R21: 6 | S21: =IFERROR(VLOOKUP(R21,'Puntos XCC Mayor'!$A$1:$B$15,2,FALSE),0) -> 10 | T21: 4 | U21: =IFERROR(VLOOKUP(T21,'Puntos XCO'!$A$1:$B$63,2,FALSE),0) -> 110 | V21: 5 | W21: =IFERROR(VLOOKUP(V21,'Puntos XCC Mayor'!$A$1:$B$15,2,FALSE),0) -> 12 | X21: 10 | Y21: =IFERROR(VLOOKUP(X21,'Puntos XCO'!$A$1:$B$63,2,FALSE),0) -> 78 | Z21: =G21+I21+K21+M21+O21+Q21+S21+U21+W21+Y21 -> 390
A22: 8 | B22: 8 | C22: 30 | D22: ALVARADO Armando* | E22: CCDR DESAMPARADOS | F22: 6 | G22: =IFERROR(VLOOKUP(F22,'Puntos XCC Mayor'!$A$1:$B$15,2,FALSE),0) -> 10 | H22: 6 | I22: =IFERROR(VLOOKUP(H22,'Puntos XCO'!$A$1:$B$63,2,FALSE),0) -> 95 | J22: 12 | K22: =IFERROR(VLOOKUP(J22,'Puntos XCC Mayor'!$A$1:$B$15,2,FALSE),"0") -> 4 | L22: 6 | M22: =IFERROR(VLOOKUP(L22,'Puntos XCO'!$A$1:$B$63,2,FALSE),0) -> 95 | N22: 9 | O22: =IFERROR(VLOOKUP(N22,'Puntos XCC Mayor'!$A$1:$B$15,2,FALSE),0) -> 7 | Q22: =IFERROR(VLOOKUP(P22,'Puntos XCO'!$A$1:$B$63,2,FALSE),0) -> 0 | R22: 7 | S22: =IFERROR(VLOOKUP(R22,'Puntos XCC Mayor'!$A$1:$B$15,2,FALSE),0) -> 9 | U22: =IFERROR(VLOOKUP(T22,'Puntos XCO'!$A$1:$B$63,2,FALSE),0) -> 0 | V22: 10 | W22: =IFERROR(VLOOKUP(V22,'Puntos XCC Mayor'!$A$1:$B$15,2,FALSE),0) -> 6 | X22: 5 | Y22: =IFERROR(VLOOKUP(X22,'Puntos XCO'!$A$1:$B$63,2,FALSE),0) -> 100 | Z22: =G22+I22+K22+M22+O22+Q22+S22+U22+W22+Y22 -> 326
A23: 9 | B23: 7 | C23: 22 | D23: TAILLEFER Tristan* | E23: PIVOT OTE CONTINENTAL | N23: 2 | O23: =IFERROR(VLOOKUP(N23,'Puntos XCC Mayor'!$A$1:$B$15,2,FALSE),0) -> 20 | P23: 1 | Q23: =IFERROR(VLOOKUP(P23,'Puntos XCO'!$A$1:$B$63,2,FALSE),0) -> 200 | S23: =IFERROR(VLOOKUP(R23,'Puntos XCC Mayor'!$A$1:$B$15,2,FALSE),0) -> 0 | U23: =IFERROR(VLOOKUP(T23,'Puntos XCO'!$A$1:$B$63,2,FALSE),0) -> 0 | W23: =IFERROR(VLOOKUP(V23,'Puntos XCC Mayor'!$A$1:$B$15,2,FALSE),0) -> 0 | Y23: =IFERROR(VLOOKUP(X23,'Puntos XCO'!$A$1:$B$63,2,FALSE),0) -> 0 | Z23: =G23+I23+K23+M23+O23+Q23+S23+U23+W23+Y23 -> 220
A24: 10 | B24: 16 | C24: 35 | D24: CASTILLO Alejandro* | E24: COLONO BIKE STATION KOLBI | N24: 13 | O24: =IFERROR(VLOOKUP(N24,'Puntos XCC Mayor'!$A$1:$B$15,2,FALSE),0) -> 3 | Q24: =IFERROR(VLOOKUP(P24,'Puntos XCO'!$A$1:$B$63,2,FALSE),0) -> 0 | S24: =IFERROR(VLOOKUP(R24,'Puntos XCC Mayor'!$A$1:$B$15,2,FALSE),0) -> 0 | T24: 5 | U24: =IFERROR(VLOOKUP(T24,'Puntos XCO'!$A$1:$B$63,2,FALSE),0) -> 100 | V24: 6 | W24: =IFERROR(VLOOKUP(V24,'Puntos XCC Mayor'!$A$1:$B$15,2,FALSE),0) -> 10 | X24: 6 | Y24: =IFERROR(VLOOKUP(X24,'Puntos XCO'!$A$1:$B$63,2,FALSE),0) -> 95 | Z24: =G24+I24+K24+M24+O24+Q24+S24+U24+W24+Y24 -> 208
A25: 11 | B25: 10 | C25: 21 | D25: SAN MARTIN Maximiliano* | E25: ER CICLISMO CHILE. | N25: 3 | O25: =IFERROR(VLOOKUP(N25,'Puntos XCC Mayor'!$A$1:$B$15,2,FALSE),0) -> 16 | P25: 2 | Q25: =IFERROR(VLOOKUP(P25,'Puntos XCO'!$A$1:$B$63,2,FALSE),0) -> 150 | S25: =IFERROR(VLOOKUP(R25,'Puntos XCC Mayor'!$A$1:$B$15,2,FALSE),0) -> 0 | U25: =IFERROR(VLOOKUP(T25,'Puntos XCO'!$A$1:$B$63,2,FALSE),0) -> 0 | W25: =IFERROR(VLOOKUP(V25,'Puntos XCC Mayor'!$A$1:$B$15,2,FALSE),0) -> 0 | Y25: =IFERROR(VLOOKUP(X25,'Puntos XCO'!$A$1:$B$63,2,FALSE),0) -> 0 | Z25: =G25+I25+K25+M25+O25+Q25+S25+U25+W25+Y25 -> 166
A26: 12 | B26: 11 | C26: 31 | D26: MORA Kendall* | E26: CODEA ALAJUELA | F26: 12 | G26: =IFERROR(VLOOKUP(F26,'Puntos XCC Mayor'!$A$1:$B$15,2,FALSE),0) -> 4 | H26: 12 | I26: =IFERROR(VLOOKUP(H26,'Puntos XCO'!$A$1:$B$63,2,FALSE),0) -> 74 | J26: 9 | K26: =IFERROR(VLOOKUP(J26,'Puntos XCC Mayor'!$A$1:$B$15,2,FALSE),"0") -> 7 | L26: 10 | M26: =IFERROR(VLOOKUP(L26,'Puntos XCO'!$A$1:$B$63,2,FALSE),0) -> 78 | O26: =IFERROR(VLOOKUP(N26,'Puntos XCC Mayor'!$A$1:$B$15,2,FALSE),0) -> 0 | Q26: =IFERROR(VLOOKUP(P26,'Puntos XCO'!$A$1:$B$63,2,FALSE),0) -> 0 | S26: =IFERROR(VLOOKUP(R26,'Puntos XCC Mayor'!$A$1:$B$15,2,FALSE),0) -> 0 | U26: =IFERROR(VLOOKUP(T26,'Puntos XCO'!$A$1:$B$63,2,FALSE),0) -> 0 | W26: =IFERROR(VLOOKUP(V26,'Puntos XCC Mayor'!$A$1:$B$15,2,FALSE),0) -> 0 | Y26: =IFERROR(VLOOKUP(X26,'Puntos XCO'!$A$1:$B$63,2,FALSE),0) -> 0 | Z26: =G26+I26+K26+M26+O26+Q26+S26+U26+W26+Y26 -> 163
A27: 13 | B27: 12 | C27: 32 | D27: TORRES Kevin* | E27: 1000 FPS- ZONA INFINITO SPORT | F27: 11 | G27: =IFERROR(VLOOKUP(F27,'Puntos XCC Mayor'!$A$1:$B$15,2,FALSE),0) -> 5 | H27: 11 | I27: =IFERROR(VLOOKUP(H27,'Puntos XCO'!$A$1:$B$63,2,FALSE),0) -> 76 | J27: 0 | K27: =IFERROR(VLOOKUP(J27,'Puntos XCC Mayor'!$A$1:$B$15,2,FALSE),"0") -> 0 | L27: 0 | M27: =IFERROR(VLOOKUP(L27,'Puntos XCO'!$A$1:$B$63,2,FALSE),0) -> 0 | N27: 14 | O27: =IFERROR(VLOOKUP(N27,'Puntos XCC Mayor'!$A$1:$B$15,2,FALSE),0) -> 2 | P27: 12 | Q27: =IFERROR(VLOOKUP(P27,'Puntos XCO'!$A$1:$B$63,2,FALSE),0) -> 74 | S27: =IFERROR(VLOOKUP(R27,'Puntos XCC Mayor'!$A$1:$B$15,2,FALSE),0) -> 0 | U27: =IFERROR(VLOOKUP(T27,'Puntos XCO'!$A$1:$B$63,2,FALSE),0) -> 0 | W27: =IFERROR(VLOOKUP(V27,'Puntos XCC Mayor'!$A$1:$B$15,2,FALSE),0) -> 0 | Y27: =IFERROR(VLOOKUP(X27,'Puntos XCO'!$A$1:$B$63,2,FALSE),0) -> 0 | Z27: =G27+I27+K27+M27+O27+Q27+S27+U27+W27+Y27 -> 157
A28: 14 | B28: 13 | D28: MADRIGAL Adriano* | E28: CICLISMO BELÉN | F28: 8 | G28: =IFERROR(VLOOKUP(F28,'Puntos XCC Mayor'!$A$1:$B$15,2,FALSE),0) -> 8 | H28: 5 | I28: =IFERROR(VLOOKUP(H28,'Puntos XCO'!$A$1:$B$63,2,FALSE),0) -> 100 | J28: 0 | K28: =IFERROR(VLOOKUP(J28,'Puntos XCC Mayor'!$A$1:$B$15,2,FALSE),"0") -> 0 | L28: 0 | M28: =IFERROR(VLOOKUP(L28,'Puntos XCO'!$A$1:$B$63,2,FALSE),0) -> 0 | O28: =IFERROR(VLOOKUP(N28,'Puntos XCC Mayor'!$A$1:$B$15,2,FALSE),0) -> 0 | Q28: =IFERROR(VLOOKUP(P28,'Puntos XCO'!$A$1:$B$63,2,FALSE),0) -> 0 | S28: =IFERROR(VLOOKUP(R28,'Puntos XCC Mayor'!$A$1:$B$15,2,FALSE),0) -> 0 | U28: =IFERROR(VLOOKUP(T28,'Puntos XCO'!$A$1:$B$63,2,FALSE),0) -> 0 | W28: =IFERROR(VLOOKUP(V28,'Puntos XCC Mayor'!$A$1:$B$15,2,FALSE),0) -> 0 | Y28: =IFERROR(VLOOKUP(X28,'Puntos XCO'!$A$1:$B$63,2,FALSE),0) -> 0 | Z28: =G28+I28+K28+M28+O28+Q28+S28+U28+W28+Y28 -> 108
A29: 15 | B29: 14 | D29: AGUILAR Jonathan* | E29: MANZA TÉ LA SELVA SCOTT | F29: 2 | G29: =IFERROR(VLOOKUP(F29,'Puntos XCC Mayor'!$A$1:$B$15,2,FALSE),0) -> 20 | H29: 8 | I29: =IFERROR(VLOOKUP(H29,'Puntos XCO'!$A$1:$B$63,2,FALSE),0) -> 85 | J29: 0 | K29: =IFERROR(VLOOKUP(J29,'Puntos XCC Mayor'!$A$1:$B$15,2,FALSE),"0") -> 0 | L29: 0 | M29: =IFERROR(VLOOKUP(L29,'Puntos XCO'!$A$1:$B$63,2,FALSE),0) -> 0 | O29: =IFERROR(VLOOKUP(N29,'Puntos XCC Mayor'!$A$1:$B$15,2,FALSE),0) -> 0 | Q29: =IFERROR(VLOOKUP(P29,'Puntos XCO'!$A$1:$B$63,2,FALSE),0) -> 0 | S29: =IFERROR(VLOOKUP(R29,'Puntos XCC Mayor'!$A$1:$B$15,2,FALSE),0) -> 0 | U29: =IFERROR(VLOOKUP(T29,'Puntos XCO'!$A$1:$B$63,2,FALSE),0) -> 0 | W29: =IFERROR(VLOOKUP(V29,'Puntos XCC Mayor'!$A$1:$B$15,2,FALSE),0) -> 0 | Y29: =IFERROR(VLOOKUP(X29,'Puntos XCO'!$A$1:$B$63,2,FALSE),0) -> 0 | Z29: =G29+I29+K29+M29+O29+Q29+S29+U29+W29+Y29 -> 105
A30: 16 | B30: 15 | C30: 24 | D30: DUVAL Mathis* | E30: SIBOIRE QUIROULE | N30: 1 | O30: =IFERROR(VLOOKUP(N30,'Puntos XCC Mayor'!$A$1:$B$15,2,FALSE),0) -> 25 | P30: 9 | Q30: =IFERROR(VLOOKUP(P30,'Puntos XCO'!$A$1:$B$63,2,FALSE),0) -> 80 | S30: =IFERROR(VLOOKUP(R30,'Puntos XCC Mayor'!$A$1:$B$15,2,FALSE),0) -> 0 | U30: =IFERROR(VLOOKUP(T30,'Puntos XCO'!$A$1:$B$63,2,FALSE),0) -> 0 | W30: =IFERROR(VLOOKUP(V30,'Puntos XCC Mayor'!$A$1:$B$15,2,FALSE),0) -> 0 | Y30: =IFERROR(VLOOKUP(X30,'Puntos XCO'!$A$1:$B$63,2,FALSE),0) -> 0 | Z30: =G30+I30+K30+M30+O30+Q30+S30+U30+W30+Y30 -> 105
A31: 17 | B31: 17 | C31: 33 | D31: BRUNELLE Alix* | E31: SIBOIRE QUIROULE | O31: =IFERROR(VLOOKUP(N31,'Puntos XCC Mayor'!$A$1:$B$15,2,FALSE),0) -> 0 | P31: 5 | Q31: =IFERROR(VLOOKUP(P31,'Puntos XCO'!$A$1:$B$63,2,FALSE),0) -> 100 | S31: =IFERROR(VLOOKUP(R31,'Puntos XCC Mayor'!$A$1:$B$15,2,FALSE),0) -> 0 | U31: =IFERROR(VLOOKUP(T31,'Puntos XCO'!$A$1:$B$63,2,FALSE),0) -> 0 | W31: =IFERROR(VLOOKUP(V31,'Puntos XCC Mayor'!$A$1:$B$15,2,FALSE),0) -> 0 | Y31: =IFERROR(VLOOKUP(X31,'Puntos XCO'!$A$1:$B$63,2,FALSE),0) -> 0 | Z31: =G31+I31+K31+M31+O31+Q31+S31+U31+W31+Y31 -> 100
A32: 18 | B32: 18 | D32: HIDALGO Isaac* | E32: TEAM COSTAFRUT GIANT AC MARRIOT | J32: 8 | K32: =IFERROR(VLOOKUP(J32,'Puntos XCC Mayor'!$A$1:$B$15,2,FALSE),"0") -> 8 | L32: 7 | M32: =IFERROR(VLOOKUP(L32,'Puntos XCO'!$A$1:$B$63,2,FALSE),0) -> 90 | O32: =IFERROR(VLOOKUP(N32,'Puntos XCC Mayor'!$A$1:$B$15,2,FALSE),0) -> 0 | Q32: =IFERROR(VLOOKUP(P32,'Puntos XCO'!$A$1:$B$63,2,FALSE),0) -> 0 | S32: =IFERROR(VLOOKUP(R32,'Puntos XCC Mayor'!$A$1:$B$15,2,FALSE),0) -> 0 | U32: =IFERROR(VLOOKUP(T32,'Puntos XCO'!$A$1:$B$63,2,FALSE),0) -> 0 | W32: =IFERROR(VLOOKUP(V32,'Puntos XCC Mayor'!$A$1:$B$15,2,FALSE),0) -> 0 | Y32: =IFERROR(VLOOKUP(X32,'Puntos XCO'!$A$1:$B$63,2,FALSE),0) -> 0 | Z32: =G32+I32+K32+M32+O32+Q32+S32+U32+W32+Y32 -> 98
A33: 19 | C33: 39 | D33: =VLOOKUP(C33,PLANILLA,2,FALSE) -> ROJAS Juan Diego* | E33: =VLOOKUP(C33,PLANILLA,4,FALSE) -> MEGAMO MANZATÉ LA SELVA | V33: 8 | W33: =IFERROR(VLOOKUP(V33,'Puntos XCC Mayor'!$A$1:$B$15,2,FALSE),0) -> 8 | X33: 7 | Y33: =IFERROR(VLOOKUP(X33,'Puntos XCO'!$A$1:$B$63,2,FALSE),0) -> 90 | Z33: =G33+I33+K33+M33+O33+Q33+S33+U33+W33+Y33 -> 98
A34: 20 | B34: 19 | C34: 34 | D34: RODRIGUEZ Angel* | E34: 7EIGHT7 PROJECT | N34: 10 | O34: =IFERROR(VLOOKUP(N34,'Puntos XCC Mayor'!$A$1:$B$15,2,FALSE),0) -> 6 | P34: 7 | Q34: =IFERROR(VLOOKUP(P34,'Puntos XCO'!$A$1:$B$63,2,FALSE),0) -> 90 | S34: =IFERROR(VLOOKUP(R34,'Puntos XCC Mayor'!$A$1:$B$15,2,FALSE),0) -> 0 | U34: =IFERROR(VLOOKUP(T34,'Puntos XCO'!$A$1:$B$63,2,FALSE),0) -> 0 | W34: =IFERROR(VLOOKUP(V34,'Puntos XCC Mayor'!$A$1:$B$15,2,FALSE),0) -> 0 | Y34: =IFERROR(VLOOKUP(X34,'Puntos XCO'!$A$1:$B$63,2,FALSE),0) -> 0 | Z34: =G34+I34+K34+M34+O34+Q34+S34+U34+W34+Y34 -> 96
A35: 21 | C35: 38 | D35: =VLOOKUP(C35,PLANILLA,2,FALSE) -> ARAYA Roberto* | E35: =VLOOKUP(C35,PLANILLA,4,FALSE) -> CCDR PARAÍSO | S35: =IFERROR(VLOOKUP(R35,'Puntos XCC Mayor'!$A$1:$B$15,2,FALSE),0) -> 0 | T35: 6 | U35: =IFERROR(VLOOKUP(T35,'Puntos XCO'!$A$1:$B$63,2,FALSE),0) -> 95 | W35: =IFERROR(VLOOKUP(V35,'Puntos XCC Mayor'!$A$1:$B$15,2,FALSE),0) -> 0 | Y35: =IFERROR(VLOOKUP(X35,'Puntos XCO'!$A$1:$B$63,2,FALSE),0) -> 0 | Z35: =G35+I35+K35+M35+O35+Q35+S35+U35+W35+Y35 -> 95
A36: 22 | B36: 20 | C36: 36 | D36: LUNA José Carlos* | E36: MI BICLA | N36: 8 | O36: =IFERROR(VLOOKUP(N36,'Puntos XCC Mayor'!$A$1:$B$15,2,FALSE),0) -> 8 | P36: 8 | Q36: =IFERROR(VLOOKUP(P36,'Puntos XCO'!$A$1:$B$63,2,FALSE),0) -> 85 | S36: =IFERROR(VLOOKUP(R36,'Puntos XCC Mayor'!$A$1:$B$15,2,FALSE),0) -> 0 | U36: =IFERROR(VLOOKUP(T36,'Puntos XCO'!$A$1:$B$63,2,FALSE),0) -> 0 | W36: =IFERROR(VLOOKUP(V36,'Puntos XCC Mayor'!$A$1:$B$15,2,FALSE),0) -> 0 | Y36: =IFERROR(VLOOKUP(X36,'Puntos XCO'!$A$1:$B$63,2,FALSE),0) -> 0 | Z36: =G36+I36+K36+M36+O36+Q36+S36+U36+W36+Y36 -> 93
A37: 23 | B37: 21 | D37: CAMACHO Jeancarlo * | E37: INDEPENDIENTE | J37: 10 | K37: =IFERROR(VLOOKUP(J37,'Puntos XCC Mayor'!$A$1:$B$15,2,FALSE),"0") -> 6 | L37: 9 | M37: =IFERROR(VLOOKUP(L37,'Puntos XCO'!$A$1:$B$63,2,FALSE),0) -> 80 | O37: =IFERROR(VLOOKUP(N37,'Puntos XCC Mayor'!$A$1:$B$15,2,FALSE),0) -> 0 | Q37: =IFERROR(VLOOKUP(P37,'Puntos XCO'!$A$1:$B$63,2,FALSE),0) -> 0 | S37: =IFERROR(VLOOKUP(R37,'Puntos XCC Mayor'!$A$1:$B$15,2,FALSE),0) -> 0 | U37: =IFERROR(VLOOKUP(T37,'Puntos XCO'!$A$1:$B$63,2,FALSE),0) -> 0 | W37: =IFERROR(VLOOKUP(V37,'Puntos XCC Mayor'!$A$1:$B$15,2,FALSE),0) -> 0 | Y37: =IFERROR(VLOOKUP(X37,'Puntos XCO'!$A$1:$B$63,2,FALSE),0) -> 0 | Z37: =G37+I37+K37+M37+O37+Q37+S37+U37+W37+Y37 -> 86
A38: 24 | B38: 22 | D38: ALFARO Jeison* | E38: INDEPENDIENTE | J38: 11 | K38: =IFERROR(VLOOKUP(J38,'Puntos XCC Mayor'!$A$1:$B$15,2,FALSE),"0") -> 5 | L38: 11 | M38: =IFERROR(VLOOKUP(L38,'Puntos XCO'!$A$1:$B$63,2,FALSE),0) -> 76 | O38: =IFERROR(VLOOKUP(N38,'Puntos XCC Mayor'!$A$1:$B$15,2,FALSE),0) -> 0 | Q38: =IFERROR(VLOOKUP(P38,'Puntos XCO'!$A$1:$B$63,2,FALSE),0) -> 0 | S38: =IFERROR(VLOOKUP(R38,'Puntos XCC Mayor'!$A$1:$B$15,2,FALSE),0) -> 0 | U38: =IFERROR(VLOOKUP(T38,'Puntos XCO'!$A$1:$B$63,2,FALSE),0) -> 0 | W38: =IFERROR(VLOOKUP(V38,'Puntos XCC Mayor'!$A$1:$B$15,2,FALSE),0) -> 0 | Y38: =IFERROR(VLOOKUP(X38,'Puntos XCO'!$A$1:$B$63,2,FALSE),0) -> 0 | Z38: =G38+I38+K38+M38+O38+Q38+S38+U38+W38+Y38 -> 81
A39: 25 | C39: 40 | D39: =VLOOKUP(C39,PLANILLA,2,FALSE) -> GUTIÉRREZ Carlos Daniel* | E39: =VLOOKUP(C39,PLANILLA,4,FALSE) -> TURRIALBA | V39: 11 | W39: =IFERROR(VLOOKUP(V39,'Puntos XCC Mayor'!$A$1:$B$15,2,FALSE),0) -> 5 | X39: 12 | Y39: =IFERROR(VLOOKUP(X39,'Puntos XCO'!$A$1:$B$63,2,FALSE),0) -> 74 | Z39: =G39+I39+K39+M39+O39+Q39+S39+U39+W39+Y39 -> 79
A40: 26 | B40: 23 | D40: MENESES Sebastian* | E40: MANZATE LA SELVA SCOTT | F40: 0 | G40: =IFERROR(VLOOKUP(F40,'Puntos XCC Mayor'!$A$1:$B$15,2,FALSE),0) -> 0 | H40: 10 | I40: =IFERROR(VLOOKUP(H40,'Puntos XCO'!$A$1:$B$63,2,FALSE),0) -> 78 | J40: 0 | K40: =IFERROR(VLOOKUP(J40,'Puntos XCC Mayor'!$A$1:$B$15,2,FALSE),"0") -> 0 | L40: 0 | M40: =IFERROR(VLOOKUP(L40,'Puntos XCO'!$A$1:$B$63,2,FALSE),0) -> 0 | O40: =IFERROR(VLOOKUP(N40,'Puntos XCC Mayor'!$A$1:$B$15,2,FALSE),0) -> 0 | Q40: =IFERROR(VLOOKUP(P40,'Puntos XCO'!$A$1:$B$63,2,FALSE),0) -> 0 | S40: =IFERROR(VLOOKUP(R40,'Puntos XCC Mayor'!$A$1:$B$15,2,FALSE),0) -> 0 | U40: =IFERROR(VLOOKUP(T40,'Puntos XCO'!$A$1:$B$63,2,FALSE),0) -> 0 | W40: =IFERROR(VLOOKUP(V40,'Puntos XCC Mayor'!$A$1:$B$15,2,FALSE),0) -> 0 | Y40: =IFERROR(VLOOKUP(X40,'Puntos XCO'!$A$1:$B$63,2,FALSE),0) -> 0 | Z40: =G40+I40+K40+M40+O40+Q40+S40+U40+W40+Y40 -> 78
A41: 27 | C41: 41 | D41: =VLOOKUP(C41,PLANILLA,2,FALSE) -> FERNÁNDEZ Fabricio Alberto* | E41: =VLOOKUP(C41,PLANILLA,4,FALSE) | W41: =IFERROR(VLOOKUP(V41,'Puntos XCC Mayor'!$A$1:$B$15,2,FALSE),0) -> 0 | X41: 11 | Y41: =IFERROR(VLOOKUP(X41,'Puntos XCO'!$A$1:$B$63,2,FALSE),0) -> 76 | Z41: =G41+I41+K41+M41+O41+Q41+S41+U41+W41+Y41 -> 76
A42: 28 | B42: 24 | D42: VARGAS Ismael Felipe* | E42: 7C ECONOMIC HYUNDAI | F42: 5 | G42: =IFERROR(VLOOKUP(F42,'Puntos XCC Mayor'!$A$1:$B$15,2,FALSE),0) -> 12 | H42: 0 | I42: =IFERROR(VLOOKUP(H42,'Puntos XCO'!$A$1:$B$63,2,FALSE),0) -> 0 | J42: 0 | K42: =IFERROR(VLOOKUP(J42,'Puntos XCC Mayor'!$A$1:$B$15,2,FALSE),"0") -> 0 | L42: 0 | M42: =IFERROR(VLOOKUP(L42,'Puntos XCO'!$A$1:$B$63,2,FALSE),0) -> 0 | O42: =IFERROR(VLOOKUP(N42,'Puntos XCC Mayor'!$A$1:$B$15,2,FALSE),0) -> 0 | Q42: =IFERROR(VLOOKUP(P42,'Puntos XCO'!$A$1:$B$63,2,FALSE),0) -> 0 | S42: =IFERROR(VLOOKUP(R42,'Puntos XCC Mayor'!$A$1:$B$15,2,FALSE),0) -> 0 | U42: =IFERROR(VLOOKUP(T42,'Puntos XCO'!$A$1:$B$63,2,FALSE),0) -> 0 | W42: =IFERROR(VLOOKUP(V42,'Puntos XCC Mayor'!$A$1:$B$15,2,FALSE),0) -> 0 | Y42: =IFERROR(VLOOKUP(X42,'Puntos XCO'!$A$1:$B$63,2,FALSE),0) -> 0 | Z42: =G42+I42+K42+M42+O42+Q42+S42+U42+W42+Y42 -> 12
B43: 25 | D43: CAMPOS Haswel* | E43: DESAMPARADOS | F43: 0 | G43: =IFERROR(VLOOKUP(F43,'Puntos XCC Mayor'!$A$1:$B$15,2,FALSE),0) -> 0 | H43: 0 | I43: =IFERROR(VLOOKUP(H43,'Puntos XCO'!$A$1:$B$63,2,FALSE),0) -> 0 | J43: 0 | K43: =IFERROR(VLOOKUP(J43,'Puntos XCC Mayor'!$A$1:$B$15,2,FALSE),"0") -> 0 | L43: 0 | M43: =IFERROR(VLOOKUP(L43,'Puntos XCO'!$A$1:$B$63,2,FALSE),0) -> 0 | O43: =IFERROR(VLOOKUP(N43,'Puntos XCC Mayor'!$A$1:$B$15,2,FALSE),0) -> 0 | Q43: =IFERROR(VLOOKUP(P43,'Puntos XCO'!$A$1:$B$63,2,FALSE),0) -> 0 | S43: =IFERROR(VLOOKUP(R43,'Puntos XCC Mayor'!$A$1:$B$15,2,FALSE),0) -> 0 | U43: =IFERROR(VLOOKUP(T43,'Puntos XCO'!$A$1:$B$63,2,FALSE),0) -> 0 | W43: =IFERROR(VLOOKUP(V43,'Puntos XCC Mayor'!$A$1:$B$15,2,FALSE),0) -> 0 | Y43: =IFERROR(VLOOKUP(X43,'Puntos XCO'!$A$1:$B$63,2,FALSE),0) -> 0 | Z43: =G43+I43+K43+M43+O43+Q43+S43+U43+W43+Y43 -> 0

Sheet EF
A8: ELITE FEMENINO
A10: 1 - Finca Grupo Orosi >21 y 22 febrero 2 - Parque La Libertad Desamparados > 28 y 29 marzo 3 - Adventure Park > 16 y 17 mayo 4 - Finca La Hisopa San Pedro de Turrubares > 13 y 14 junio
A11: 5 - > 18 y 19 julio 6 - > 12 y 13 setiembre 7 - > 31 Oct y 01 Nov
A13: POSICION | F13: 1 | J13: 2 | N13: 3 | R13: 4 | V13: 5 | Z13: TOTAL PUNTOS
A14: ACTUAL | B14: ANTERIOR | C14: NO | D14: NOMBRE | E14: EQUIPO | F14: POS XCC | G14: PTOS XCC | H14: POS XCO | I14: PTOS XCO | J14: POS XCC | K14: PTOS XCC | L14: POS XCO | M14: PTOS XCO | N14: POS XCC | O14: PTOS XCC | P14: POS XCO | Q14: PTOS XCO | R14: POS XCC | S14: PTOS XCC | T14: POS XCO | U14: PTOS XCO | V14: POS XCC | W14: PTOS XCC | X14: POS XCO | Y14: PTOS XCO
A15: 1 | B15: 1 | C15: 84 | D15: ROJAS Adriana | E15: CBZ ASFALTOS- DEKRA- MAXXIS | F15: 1 | G15: 25 | H15: 1 | I15: 200 | J15: 0 | K15: 0 | L15: 0 | M15: 0 | N15: 2 | O15: =IFERROR(VLOOKUP(N15,'Puntos XCC Mayor'!$A$1:$B$15,2,FALSE),0) -> 20 | P15: 3 | Q15: =IFERROR(VLOOKUP(P15,'Puntos XCO'!$A$1:$B$63,2,FALSE),0) -> 120 | R15: 1 | S15: =IFERROR(VLOOKUP(R15,'Puntos XCC Mayor'!$A$1:$B$15,2,FALSE),0) -> 25 | T15: 1 | U15: =IFERROR(VLOOKUP(T15,'Puntos XCO'!$A$1:$B$63,2,FALSE),0) -> 200 | V15: =IFERROR(VLOOKUP(C15,RESXCC_1,9,FALSE),0) -> 2 | W15: =IFERROR(VLOOKUP(V15,'Puntos XCC Mayor'!$A$1:$B$15,2,FALSE),0) -> 20 | X15: =IFERROR(VLOOKUP(C15,RESXCO,9,FALSE),0) -> 2 | Y15: =IFERROR(VLOOKUP(X15,'Puntos XCO'!$A$1:$B$63,2,FALSE),0) -> 150 | Z15: =G15+I15+K15+M15+O15+Q15+S15+U15+W15+Y15 -> 760
A16: 2 | B16: 3 | C16: 85 | D16: ESPINOZA Cristel | E16: ASFALTOS CBZ/ DEKRA/ SECNET | F16: 3 | G16: 16 | H16: 2 | I16: 150 | J16: 0 | K16: 0 | L16: 1 | M16: 200 | O16: =IFERROR(VLOOKUP(N16,'Puntos XCC Mayor'!$A$1:$B$15,2,FALSE),0) -> 0 | P16: 5 | Q16: =IFERROR(VLOOKUP(P16,'Puntos XCO'!$A$1:$B$63,2,FALSE),0) -> 100 | R16: 0 | S16: =IFERROR(VLOOKUP(R16,'Puntos XCC Mayor'!$A$1:$B$15,2,FALSE),0) -> 0 | T16: 0 | U16: =IFERROR(VLOOKUP(T16,'Puntos XCO'!$A$1:$B$63,2,FALSE),0) -> 0 | V16: =IFERROR(VLOOKUP(C16,RESXCC_1,9,FALSE),0) -> 1 | W16: =IFERROR(VLOOKUP(V16,'Puntos XCC Mayor'!$A$1:$B$15,2,FALSE),0) -> 25 | X16: =IFERROR(VLOOKUP(C16,RESXCO,9,FALSE),0) -> 1 | Y16: =IFERROR(VLOOKUP(X16,'Puntos XCO'!$A$1:$B$63,2,FALSE),0) -> 200 | Z16: =G16+I16+K16+M16+O16+Q16+S16+U16+W16+Y16 -> 691
A17: 3 | B17: 2 | C17: 91 | D17: GARCÍA Isabel* | E17: COLONO BIKE STATION KOLBI | J17: 1 | K17: 25 | L17: 2 | M17: 150 | N17: 5 | O17: =IFERROR(VLOOKUP(N17,'Puntos XCC Mayor'!$A$1:$B$15,2,FALSE),0) -> 12 | P17: 1 | Q17: =IFERROR(VLOOKUP(P17,'Puntos XCO'!$A$1:$B$63,2,FALSE),0) -> 200 | R17: 3 | S17: =IFERROR(VLOOKUP(R17,'Puntos XCC Mayor'!$A$1:$B$15,2,FALSE),0) -> 16 | T17: 3 | U17: =IFERROR(VLOOKUP(T17,'Puntos XCO'!$A$1:$B$63,2,FALSE),0) -> 120 | V17: =IFERROR(VLOOKUP(C17,RESXCC_1,9,FALSE),0) -> 3 | W17: =IFERROR(VLOOKUP(V17,'Puntos XCC Mayor'!$A$1:$B$15,2,FALSE),0) -> 16 | X17: =IFERROR(VLOOKUP(C17,RESXCO,9,FALSE),0) -> 3 | Y17: =IFERROR(VLOOKUP(X17,'Puntos XCO'!$A$1:$B$63,2,FALSE),0) -> 120 | Z17: =G17+I17+K17+M17+O17+Q17+S17+U17+W17+Y17 -> 659
A18: 4 | B18: 4 | C18: 94 | D18: NUÑEZ Alison* | E18: DESAMPARADOS BIKE CAFÉ FAST&UP | F18: 0 | G18: 0 | H18: 6 | I18: 95 | J18: 5 | K18: 12 | L18: 8 | M18: 85 | N18: 7 | O18: =IFERROR(VLOOKUP(N18,'Puntos XCC Mayor'!$A$1:$B$15,2,FALSE),0) -> 9 | P18: 3 | Q18: =IFERROR(VLOOKUP(P18,'Puntos XCO'!$A$1:$B$63,2,FALSE),0) -> 120 | R18: 6 | S18: =IFERROR(VLOOKUP(R18,'Puntos XCC Mayor'!$A$1:$B$15,2,FALSE),0) -> 10 | T18: 5 | U18: =IFERROR(VLOOKUP(T18,'Puntos XCO'!$A$1:$B$63,2,FALSE),0) -> 100 | V18: =IFERROR(VLOOKUP(C18,RESXCC_1,9,FALSE),0) -> 7 | W18: =IFERROR(VLOOKUP(V18,'Puntos XCC Mayor'!$A$1:$B$15,2,FALSE),0) -> 9 | X18: =IFERROR(VLOOKUP(C18,RESXCO,9,FALSE),0) -> 6 | Y18: =IFERROR(VLOOKUP(X18,'Puntos XCO'!$A$1:$B$63,2,FALSE),0) -> 95 | Z18: =G18+I18+K18+M18+O18+Q18+S18+U18+W18+Y18 -> 535
A19: 5 | B19: 5 | C19: 87 | D19: ZELEDÓN Gabriela | E19: NUMU COACHING | J19: 4 | K19: 14 | L19: 5 | M19: 100 | N19: 6 | O19: =IFERROR(VLOOKUP(N19,'Puntos XCC Mayor'!$A$1:$B$15,2,FALSE),0) -> 10 | P19: 7 | Q19: =IFERROR(VLOOKUP(P19,'Puntos XCO'!$A$1:$B$63,2,FALSE),0) -> 90 | R19: 4 | S19: =IFERROR(VLOOKUP(R19,'Puntos XCC Mayor'!$A$1:$B$15,2,FALSE),0) -> 14 | T19: 4 | U19: =IFERROR(VLOOKUP(T19,'Puntos XCO'!$A$1:$B$63,2,FALSE),0) -> 110 | V19: =IFERROR(VLOOKUP(C19,RESXCC_1,9,FALSE),0) -> 5 | W19: =IFERROR(VLOOKUP(V19,'Puntos XCC Mayor'!$A$1:$B$15,2,FALSE),0) -> 12 | X19: =IFERROR(VLOOKUP(C19,RESXCO,9,FALSE),0) -> 5 | Y19: =IFERROR(VLOOKUP(X19,'Puntos XCO'!$A$1:$B$63,2,FALSE),0) -> 100 | Z19: =G19+I19+K19+M19+O19+Q19+S19+U19+W19+Y19 -> 450
A20: 6 | B20: 6 | C20: 92 | D20: GARCÍA Marisol* | E20: COLONO BIKE STATION KOLBI | J20: 2 | K20: 20 | L20: 3 | M20: 120 | O20: =IFERROR(VLOOKUP(N20,'Puntos XCC Mayor'!$A$1:$B$15,2,FALSE),0) -> 0 | Q20: =IFERROR(VLOOKUP(P20,'Puntos XCO'!$A$1:$B$63,2,FALSE),0) -> 0 | R20: 2 | S20: =IFERROR(VLOOKUP(R20,'Puntos XCC Mayor'!$A$1:$B$15,2,FALSE),0) -> 20 | T20: 2 | U20: =IFERROR(VLOOKUP(T20,'Puntos XCO'!$A$1:$B$63,2,FALSE),0) -> 150 | V20: =IFERROR(VLOOKUP(C20,RESXCC_1,9,FALSE),0) -> 4 | W20: =IFERROR(VLOOKUP(V20,'Puntos XCC Mayor'!$A$1:$B$15,2,FALSE),0) -> 14 | X20: =IFERROR(VLOOKUP(C20,RESXCO,9,FALSE),0) -> 4 | Y20: =IFERROR(VLOOKUP(X20,'Puntos XCO'!$A$1:$B$63,2,FALSE),0) -> 110 | Z20: =G20+I20+K20+M20+O20+Q20+S20+U20+W20+Y20 -> 434
A21: 7 | B21: 7 | C21: 95 | D21: ALVARADO Elizabeth * | E21: SANTA ANA | F21: 8 | G21: 8 | H21: 9 | I21: 80 | J21: 6 | K21: 10 | L21: 7 | M21: 90 | O21: =IFERROR(VLOOKUP(N21,'Puntos XCC Mayor'!$A$1:$B$15,2,FALSE),0) -> 0 | Q21: =IFERROR(VLOOKUP(P21,'Puntos XCO'!$A$1:$B$63,2,FALSE),0) -> 0 | R21: 7 | S21: =IFERROR(VLOOKUP(R21,'Puntos XCC Mayor'!$A$1:$B$15,2,FALSE),0) -> 9 | T21: 7 | U21: =IFERROR(VLOOKUP(T21,'Puntos XCO'!$A$1:$B$63,2,FALSE),0) -> 90 | V21: =IFERROR(VLOOKUP(C21,RESXCC_1,9,FALSE),0) -> 6 | W21: =IFERROR(VLOOKUP(V21,'Puntos XCC Mayor'!$A$1:$B$15,2,FALSE),0) -> 10 | X21: =IFERROR(VLOOKUP(C21,RESXCO,9,FALSE),0) -> 7 | Y21: =IFERROR(VLOOKUP(X21,'Puntos XCO'!$A$1:$B$63,2,FALSE),0) -> 90 | Z21: =G21+I21+K21+M21+O21+Q21+S21+U21+W21+Y21 -> 387
A22: 8 | B22: 8 | C22: 90 | D22: RAHILLY Denise* | E22: BOBBYS CYCLING TEAM | F22: 0 | G22: 0 | H22: 8 | I22: 85 | J22: 0 | K22: 0 | L22: 6 | M22: 95 | O22: =IFERROR(VLOOKUP(N22,'Puntos XCC Mayor'!$A$1:$B$15,2,FALSE),0) -> 0 | Q22: =IFERROR(VLOOKUP(P22,'Puntos XCO'!$A$1:$B$63,2,FALSE),0) -> 0 | R22: 5 | S22: =IFERROR(VLOOKUP(R22,'Puntos XCC Mayor'!$A$1:$B$15,2,FALSE),0) -> 12 | T22: 6 | U22: =IFERROR(VLOOKUP(T22,'Puntos XCO'!$A$1:$B$63,2,FALSE),0) -> 95 | V22: =IFERROR(VLOOKUP(C22,RESXCC_1,9,FALSE),0) -> 0 | W22: =IFERROR(VLOOKUP(V22,'Puntos XCC Mayor'!$A$1:$B$15,2,FALSE),0) -> 0 | X22: =IFERROR(VLOOKUP(C22,RESXCO,9,FALSE),0) -> 0 | Y22: =IFERROR(VLOOKUP(X22,'Puntos XCO'!$A$1:$B$63,2,FALSE),0) -> 0 | Z22: =G22+I22+K22+M22+O22+Q22+S22+U22+W22+Y22 -> 287
A23: 9 | B23: 9 | C23: 88 | D23: MARTINEZ Daniela | E23: BOBBYS CYCLING TEAM | F23: 7 | G23: 9 | H23: 5 | I23: 100 | J23: 3 | K23: 16 | L23: 4 | M23: 110 | O23: =IFERROR(VLOOKUP(N23,'Puntos XCC Mayor'!$A$1:$B$15,2,FALSE),0) -> 0 | Q23: =IFERROR(VLOOKUP(P23,'Puntos XCO'!$A$1:$B$63,2,FALSE),0) -> 0 | R23: 0 | S23: =IFERROR(VLOOKUP(R23,'Puntos XCC Mayor'!$A$1:$B$15,2,FALSE),0) -> 0 | T23: 0 | U23: =IFERROR(VLOOKUP(T23,'Puntos XCO'!$A$1:$B$63,2,FALSE),0) -> 0 | V23: =IFERROR(VLOOKUP(C23,RESXCC_1,9,FALSE),0) -> 0 | W23: =IFERROR(VLOOKUP(V23,'Puntos XCC Mayor'!$A$1:$B$15,2,FALSE),0) -> 0 | X23: =IFERROR(VLOOKUP(C23,RESXCO,9,FALSE),0) -> 0 | Y23: =IFERROR(VLOOKUP(X23,'Puntos XCO'!$A$1:$B$63,2,FALSE),0) -> 0 | Z23: =G23+I23+K23+M23+O23+Q23+S23+U23+W23+Y23 -> 235
A24: 10 | B24: 10 | C24: 89 | D24: SALVINI Giuliana | E24: GEN2RISE | O24: =IFERROR(VLOOKUP(N24,'Puntos XCC Mayor'!$A$1:$B$15,2,FALSE),0) -> 0 | P24: 1 | Q24: =IFERROR(VLOOKUP(P24,'Puntos XCO'!$A$1:$B$63,2,FALSE),0) -> 200 | R24: 0 | S24: =IFERROR(VLOOKUP(R24,'Puntos XCC Mayor'!$A$1:$B$15,2,FALSE),0) -> 0 | T24: 0 | U24: =IFERROR(VLOOKUP(T24,'Puntos XCO'!$A$1:$B$63,2,FALSE),0) -> 0 | V24: =IFERROR(VLOOKUP(C24,RESXCC_1,9,FALSE),0) -> 0 | W24: =IFERROR(VLOOKUP(V24,'Puntos XCC Mayor'!$A$1:$B$15,2,FALSE),0) -> 0 | X24: =IFERROR(VLOOKUP(C24,RESXCO,9,FALSE),0) -> 0 | Y24: =IFERROR(VLOOKUP(X24,'Puntos XCO'!$A$1:$B$63,2,FALSE),0) -> 0 | Z24: =G24+I24+K24+M24+O24+Q24+S24+U24+W24+Y24 -> 200
A25: 11 | B25: 11 | C25: 82 | D25: RODRÍGUEZ Suheily | E25: SINTESIS DEVELOPMENT TEAM | N25: 1 | O25: =IFERROR(VLOOKUP(N25,'Puntos XCC Mayor'!$A$1:$B$15,2,FALSE),0) -> 25 | P25: 2 | Q25: =IFERROR(VLOOKUP(P25,'Puntos XCO'!$A$1:$B$63,2,FALSE),0) -> 150 | R25: 0 | S25: =IFERROR(VLOOKUP(R25,'Puntos XCC Mayor'!$A$1:$B$15,2,FALSE),0) -> 0 | T25: 0 | U25: =IFERROR(VLOOKUP(T25,'Puntos XCO'!$A$1:$B$63,2,FALSE),0) -> 0 | V25: =IFERROR(VLOOKUP(C25,RESXCC_1,9,FALSE),0) -> 0 | W25: =IFERROR(VLOOKUP(V25,'Puntos XCC Mayor'!$A$1:$B$15,2,FALSE),0) -> 0 | X25: =IFERROR(VLOOKUP(C25,RESXCO,9,FALSE),0) -> 0 | Y25: =IFERROR(VLOOKUP(X25,'Puntos XCO'!$A$1:$B$63,2,FALSE),0) -> 0 | Z25: =G25+I25+K25+M25+O25+Q25+S25+U25+W25+Y25 -> 175
A26: 12 | B26: 12 | C26: 93 | D26: WESTER Isabela Katerina* | E26: DONOVAN RACING | N26: 4 | O26: =IFERROR(VLOOKUP(N26,'Puntos XCC Mayor'!$A$1:$B$15,2,FALSE),0) -> 14 | P26: 2 | Q26: =IFERROR(VLOOKUP(P26,'Puntos XCO'!$A$1:$B$63,2,FALSE),0) -> 150 | R26: 0 | S26: =IFERROR(VLOOKUP(R26,'Puntos XCC Mayor'!$A$1:$B$15,2,FALSE),0) -> 0 | T26: 0 | U26: =IFERROR(VLOOKUP(T26,'Puntos XCO'!$A$1:$B$63,2,FALSE),0) -> 0 | V26: =IFERROR(VLOOKUP(C26,RESXCC_1,9,FALSE),0) -> 0 | W26: =IFERROR(VLOOKUP(V26,'Puntos XCC Mayor'!$A$1:$B$15,2,FALSE),0) -> 0 | X26: =IFERROR(VLOOKUP(C26,RESXCO,9,FALSE),0) -> 0 | Y26: =IFERROR(VLOOKUP(X26,'Puntos XCO'!$A$1:$B$63,2,FALSE),0) -> 0 | Z26: =G26+I26+K26+M26+O26+Q26+S26+U26+W26+Y26 -> 164
A27: 13 | B27: 13 | D27: AVILA Melisa* | E27: MANZATÉ LA SELVA NOVARIX | F27: 6 | G27: 10 | H27: 3 | I27: 120 | J27: 0 | K27: 0 | L27: 0 | M27: 0 | O27: =IFERROR(VLOOKUP(N27,'Puntos XCC Mayor'!$A$1:$B$15,2,FALSE),0) -> 0 | Q27: =IFERROR(VLOOKUP(P27,'Puntos XCO'!$A$1:$B$63,2,FALSE),0) -> 0 | R27: 0 | S27: =IFERROR(VLOOKUP(R27,'Puntos XCC Mayor'!$A$1:$B$15,2,FALSE),0) -> 0 | T27: 0 | U27: =IFERROR(VLOOKUP(T27,'Puntos XCO'!$A$1:$B$63,2,FALSE),0) -> 0 | V27: =IFERROR(VLOOKUP(C27,RESXCC_1,9,FALSE),0) -> 0 | W27: =IFERROR(VLOOKUP(V27,'Puntos XCC Mayor'!$A$1:$B$15,2,FALSE),0) -> 0 | X27: =IFERROR(VLOOKUP(C27,RESXCO,9,FALSE),0) -> 0 | Y27: =IFERROR(VLOOKUP(X27,'Puntos XCO'!$A$1:$B$63,2,FALSE),0) -> 0 | Z27: =G27+I27+K27+M27+O27+Q27+S27+U27+W27+Y27 -> 130
A28: 14 | B28: 14 | D28: MENA Milagro | E28: COLONO BIKE STATION KOLBI | F28: 2 | G28: 20 | H28: 4 | I28: 110 | J28: 0 | K28: 0 | L28: 0 | M28: 0 | O28: =IFERROR(VLOOKUP(N28,'Puntos XCC Mayor'!$A$1:$B$15,2,FALSE),0) -> 0 | Q28: =IFERROR(VLOOKUP(P28,'Puntos XCO'!$A$1:$B$63,2,FALSE),0) -> 0 | R28: 0 | S28: =IFERROR(VLOOKUP(R28,'Puntos XCC Mayor'!$A$1:$B$15,2,FALSE),0) -> 0 | T28: 0 | U28: =IFERROR(VLOOKUP(T28,'Puntos XCO'!$A$1:$B$63,2,FALSE),0) -> 0 | V28: =IFERROR(VLOOKUP(C28,RESXCC_1,9,FALSE),0) -> 0 | W28: =IFERROR(VLOOKUP(V28,'Puntos XCC Mayor'!$A$1:$B$15,2,FALSE),0) -> 0 | X28: =IFERROR(VLOOKUP(C28,RESXCO,9,FALSE),0) -> 0 | Y28: =IFERROR(VLOOKUP(X28,'Puntos XCO'!$A$1:$B$63,2,FALSE),0) -> 0 | Z28: =G28+I28+K28+M28+O28+Q28+S28+U28+W28+Y28 -> 130
A29: 15 | B29: 15 | C29: 86 | D29: RODRIGUEZ Erika | E29: MASSI | N29: 3 | O29: =IFERROR(VLOOKUP(N29,'Puntos XCC Mayor'!$A$1:$B$15,2,FALSE),0) -> 16 | P29: 6 | Q29: =IFERROR(VLOOKUP(P29,'Puntos XCO'!$A$1:$B$63,2,FALSE),0) -> 95 | R29: 0 | S29: =IFERROR(VLOOKUP(R29,'Puntos XCC Mayor'!$A$1:$B$15,2,FALSE),0) -> 0 | T29: 0 | U29: =IFERROR(VLOOKUP(T29,'Puntos XCO'!$A$1:$B$63,2,FALSE),0) -> 0 | V29: =IFERROR(VLOOKUP(C29,RESXCC_1,9,FALSE),0) -> 0 | W29: =IFERROR(VLOOKUP(V29,'Puntos XCC Mayor'!$A$1:$B$15,2,FALSE),0) -> 0 | X29: =IFERROR(VLOOKUP(C29,RESXCO,9,FALSE),0) -> 0 | Y29: =IFERROR(VLOOKUP(X29,'Puntos XCO'!$A$1:$B$63,2,FALSE),0) -> 0 | Z29: =G29+I29+K29+M29+O29+Q29+S29+U29+W29+Y29 -> 111
A30: 16 | B30: 16 | C30: 83 | D30: RAMIREZ Coral Marie | E30: SINTESIS DEVELOPMENT TEAM | O30: =IFERROR(VLOOKUP(N30,'Puntos XCC Mayor'!$A$1:$B$15,2,FALSE),0) -> 0 | P30: 4 | Q30: =IFERROR(VLOOKUP(P30,'Puntos XCO'!$A$1:$B$63,2,FALSE),0) -> 110 | R30: 0 | S30: =IFERROR(VLOOKUP(R30,'Puntos XCC Mayor'!$A$1:$B$15,2,FALSE),0) -> 0 | T30: 0 | U30: =IFERROR(VLOOKUP(T30,'Puntos XCO'!$A$1:$B$63,2,FALSE),0) -> 0 | V30: =IFERROR(VLOOKUP(C30,RESXCC_1,9,FALSE),0) -> 0 | W30: =IFERROR(VLOOKUP(V30,'Puntos XCC Mayor'!$A$1:$B$15,2,FALSE),0) -> 0 | X30: =IFERROR(VLOOKUP(C30,RESXCO,9,FALSE),0) -> 0 | Y30: =IFERROR(VLOOKUP(X30,'Puntos XCO'!$A$1:$B$63,2,FALSE),0) -> 0 | Z30: =G30+I30+K30+M30+O30+Q30+S30+U30+W30+Y30 -> 110
A31: 17 | B31: 17 | D31: MONTES Naidelyn* | E31: CCDR ESCAZÚ | F31: 0 | G31: 0 | H31: 7 | I31: 90 | J31: 0 | K31: 0 | L31: 0 | M31: 0 | O31: =IFERROR(VLOOKUP(N31,'Puntos XCC Mayor'!$A$1:$B$15,2,FALSE),0) -> 0 | Q31: =IFERROR(VLOOKUP(P31,'Puntos XCO'!$A$1:$B$63,2,FALSE),0) -> 0 | R31: 0 | S31: =IFERROR(VLOOKUP(R31,'Puntos XCC Mayor'!$A$1:$B$15,2,FALSE),0) -> 0 | T31: 0 | U31: =IFERROR(VLOOKUP(T31,'Puntos XCO'!$A$1:$B$63,2,FALSE),0) -> 0 | V31: =IFERROR(VLOOKUP(C31,RESXCC_1,9,FALSE),0) -> 0 | W31: =IFERROR(VLOOKUP(V31,'Puntos XCC Mayor'!$A$1:$B$15,2,FALSE),0) -> 0 | X31: =IFERROR(VLOOKUP(C31,RESXCO,9,FALSE),0) -> 0 | Y31: =IFERROR(VLOOKUP(X31,'Puntos XCO'!$A$1:$B$63,2,FALSE),0) -> 0 | Z31: =G31+I31+K31+M31+O31+Q31+S31+U31+W31+Y31 -> 90
A32: 18 | B32: 18 | D32: GOMEZ Yailin* | E32: MANZATÉ LA SELVA NOVARIX | F32: 4 | G32: 14 | H32: 0 | I32: 0 | J32: 0 | K32: 0 | L32: 0 | M32: 0 | O32: =IFERROR(VLOOKUP(N32,'Puntos XCC Mayor'!$A$1:$B$15,2,FALSE),0) -> 0 | Q32: =IFERROR(VLOOKUP(P32,'Puntos XCO'!$A$1:$B$63,2,FALSE),0) -> 0 | R32: 0 | S32: =IFERROR(VLOOKUP(R32,'Puntos XCC Mayor'!$A$1:$B$15,2,FALSE),0) -> 0 | T32: 0 | U32: =IFERROR(VLOOKUP(T32,'Puntos XCO'!$A$1:$B$63,2,FALSE),0) -> 0 | V32: =IFERROR(VLOOKUP(C32,RESXCC_1,9,FALSE),0) -> 0 | W32: =IFERROR(VLOOKUP(V32,'Puntos XCC Mayor'!$A$1:$B$15,2,FALSE),0) -> 0 | X32: =IFERROR(VLOOKUP(C32,RESXCO,9,FALSE),0) -> 0 | Y32: =IFERROR(VLOOKUP(X32,'Puntos XCO'!$A$1:$B$63,2,FALSE),0) -> 0 | Z32: =G32+I32+K32+M32+O32+Q32+S32+U32+W32+Y32 -> 14
A33: 19 | B33: 19 | D33: VARGAS Naomy* | E33: MANZATÉ LA SELVA NOVARIX | F33: 5 | G33: 12 | H33: 0 | I33: 0 | J33: 0 | K33: 0 | L33: 0 | M33: 0 | O33: =IFERROR(VLOOKUP(N33,'Puntos XCC Mayor'!$A$1:$B$15,2,FALSE),0) -> 0 | Q33: =IFERROR(VLOOKUP(P33,'Puntos XCO'!$A$1:$B$63,2,FALSE),0) -> 0 | R33: 0 | S33: =IFERROR(VLOOKUP(R33,'Puntos XCC Mayor'!$A$1:$B$15,2,FALSE),0) -> 0 | T33: 0 | U33: =IFERROR(VLOOKUP(T33,'Puntos XCO'!$A$1:$B$63,2,FALSE),0) -> 0 | V33: =IFERROR(VLOOKUP(C33,RESXCC_1,9,FALSE),0) -> 0 | W33: =IFERROR(VLOOKUP(V33,'Puntos XCC Mayor'!$A$1:$B$15,2,FALSE),0) -> 0 | X33: =IFERROR(VLOOKUP(C33,RESXCO,9,FALSE),0) -> 0 | Y33: =IFERROR(VLOOKUP(X33,'Puntos XCO'!$A$1:$B$63,2,FALSE),0) -> 0 | Z33: =G33+I33+K33+M33+O33+Q33+S33+U33+W33+Y33 -> 12

Sheet SUB23F
A8: SUB23 FEMENINO (19-22)
A10: 1 - Finca Grupo Orosi >21 y 22 febrero 2 - Parque La Libertad Desamparados > 28 y 29 marzo 3 - Adventure Park > 16 y 17 mayo 4 - Finca La Hisopa San Pedro de Turrubares > 13 y 14 junio
A11: 5 - > 18 y 19 julio 6 - > 12 y 13 setiembre 7 - > 31 Oct y 01 Nov
A13: POSICION | F13: 1 | J13: 2 | N13: 3 | R13: 4 | V13: 5 | Z13: TOTAL PUNTOS
A14: ACTUAL | B14: ANTERIOR | C14: NO | D14: NOMBRE | E14: EQUIPO | F14: POS XCC | G14: PTOS XCC | H14: POS XCO | I14: PTOS XCO | J14: POS XCC | K14: PTOS XCC | L14: POS XCO | M14: PTOS XCO | N14: POS XCC | O14: PTOS XCC | P14: POS XCO | Q14: PTOS XCO | R14: POS XCC | S14: PTOS XCC | T14: POS XCO | U14: PTOS XCO | V14: POS XCC | W14: PTOS XCC | X14: POS XCO | Y14: PTOS XCO
A15: 1 | B15: 1 | C15: 91 | D15: GARCÍA Isabel * | E15: COLONO BIKE STATION KOLBI | J15: 1 | K15: =IFERROR(VLOOKUP(J15,'Puntos XCC Mayor'!$A$1:$B$15,2,FALSE),"0") -> 25 | L15: 1 | M15: =IFERROR(VLOOKUP(L15,'Puntos XCO'!$A$1:$B$63,2,FALSE),0) -> 200 | N15: 2 | O15: =IFERROR(VLOOKUP(N15,'Puntos XCC Mayor'!$A$1:$B$15,2,FALSE),0) -> 20 | P15: 1 | Q15: =IFERROR(VLOOKUP(P15,'Puntos XCO'!$A$1:$B$63,2,FALSE),0) -> 200 | R15: 2 | S15: =IFERROR(VLOOKUP(R15,'Puntos XCC Mayor'!$A$1:$B$15,2,FALSE),0) -> 20 | T15: 2 | U15: =IFERROR(VLOOKUP(T15,'Puntos XCO'!$A$1:$B$63,2,FALSE),0) -> 150 | V15: 1 | W15: =IFERROR(VLOOKUP(V15,'Puntos XCC Mayor'!$A$1:$B$15,2,FALSE),0) -> 25 | X15: 1 | Y15: =IFERROR(VLOOKUP(X15,'Puntos XCO'!$A$1:$B$63,2,FALSE),0) -> 200 | Z15: =G15+I15+K15+M15+O15+Q15+S15+U15+W15+Y15 -> 840
A16: 2 | B16: 2 | C16: 94 | D16: NUÑEZ Alison * | E16: DESAMPARADOS BIKE CAFÉ | F16: 5 | G16: =IFERROR(VLOOKUP(F16,'Puntos XCC Mayor'!$A$1:$B$15,2,FALSE),0) -> 12 | H16: 2 | I16: =IFERROR(VLOOKUP(H16,'Puntos XCO'!$A$1:$B$63,2,FALSE),0) -> 150 | J16: 3 | K16: =IFERROR(VLOOKUP(J16,'Puntos XCC Mayor'!$A$1:$B$15,2,FALSE),"0") -> 16 | L16: 5 | M16: =IFERROR(VLOOKUP(L16,'Puntos XCO'!$A$1:$B$63,2,FALSE),0) -> 100 | N16: 3 | O16: =IFERROR(VLOOKUP(N16,'Puntos XCC Mayor'!$A$1:$B$15,2,FALSE),0) -> 16 | P16: 3 | Q16: =IFERROR(VLOOKUP(P16,'Puntos XCO'!$A$1:$B$63,2,FALSE),0) -> 120 | R16: 4 | S16: =IFERROR(VLOOKUP(R16,'Puntos XCC Mayor'!$A$1:$B$15,2,FALSE),0) -> 14 | T16: 3 | U16: =IFERROR(VLOOKUP(T16,'Puntos XCO'!$A$1:$B$63,2,FALSE),0) -> 120 | V16: 4 | W16: =IFERROR(VLOOKUP(V16,'Puntos XCC Mayor'!$A$1:$B$15,2,FALSE),0) -> 14 | X16: 3 | Y16: =IFERROR(VLOOKUP(X16,'Puntos XCO'!$A$1:$B$63,2,FALSE),0) -> 120 | Z16: =G16+I16+K16+M16+O16+Q16+S16+U16+W16+Y16 -> 682
A17: 3 | B17: 3 | C17: 92 | D17: GARCÍA Marisol * | E17: COLONO BIKE STATION KOLBI | J17: 2 | K17: =IFERROR(VLOOKUP(J17,'Puntos XCC Mayor'!$A$1:$B$15,2,FALSE),"0") -> 20 | L17: 2 | M17: =IFERROR(VLOOKUP(L17,'Puntos XCO'!$A$1:$B$63,2,FALSE),0) -> 150 | O17: =IFERROR(VLOOKUP(N17,'Puntos XCC Mayor'!$A$1:$B$15,2,FALSE),0) -> 0 | Q17: =IFERROR(VLOOKUP(P17,'Puntos XCO'!$A$1:$B$63,2,FALSE),0) -> 0 | R17: 1 | S17: =IFERROR(VLOOKUP(R17,'Puntos XCC Mayor'!$A$1:$B$15,2,FALSE),0) -> 25 | T17: 1 | U17: =IFERROR(VLOOKUP(T17,'Puntos XCO'!$A$1:$B$63,2,FALSE),0) -> 200 | V17: 2 | W17: =IFERROR(VLOOKUP(V17,'Puntos XCC Mayor'!$A$1:$B$15,2,FALSE),0) -> 20 | X17: 2 | Y17: =IFERROR(VLOOKUP(X17,'Puntos XCO'!$A$1:$B$63,2,FALSE),0) -> 150 | Z17: =G17+I17+K17+M17+O17+Q17+S17+U17+W17+Y17 -> 565
A18: 4 | B18: 5 | C18: 95 | D18: ALVARADO Elizabeth * | E18: SANTA ANA | F18: 4 | G18: =IFERROR(VLOOKUP(F18,'Puntos XCC Mayor'!$A$1:$B$15,2,FALSE),0) -> 14 | H18: 5 | I18: =IFERROR(VLOOKUP(H18,'Puntos XCO'!$A$1:$B$63,2,FALSE),0) -> 100 | J18: 4 | K18: =IFERROR(VLOOKUP(J18,'Puntos XCC Mayor'!$A$1:$B$15,2,FALSE),"0") -> 14 | L18: 4 | M18: =IFERROR(VLOOKUP(L18,'Puntos XCO'!$A$1:$B$63,2,FALSE),0) -> 110 | O18: =IFERROR(VLOOKUP(N18,'Puntos XCC Mayor'!$A$1:$B$15,2,FALSE),0) -> 0 | Q18: =IFERROR(VLOOKUP(P18,'Puntos XCO'!$A$1:$B$63,2,FALSE),0) -> 0 | R18: 5 | S18: =IFERROR(VLOOKUP(R18,'Puntos XCC Mayor'!$A$1:$B$15,2,FALSE),0) -> 12 | T18: 5 | U18: =IFERROR(VLOOKUP(T18,'Puntos XCO'!$A$1:$B$63,2,FALSE),0) -> 100 | V18: 3 | W18: =IFERROR(VLOOKUP(V18,'Puntos XCC Mayor'!$A$1:$B$15,2,FALSE),0) -> 16 | X18: 4 | Y18: =IFERROR(VLOOKUP(X18,'Puntos XCO'!$A$1:$B$63,2,FALSE),0) -> 110 | Z18: =G18+I18+K18+M18+O18+Q18+S18+U18+W18+Y18 -> 476
A19: 5 | B19: 4 | C19: 90 | D19: RAHILLY Denise* | E19: BOBBYS CYCLING TEAM | F19: 0 | G19: =IFERROR(VLOOKUP(F19,'Puntos XCC Mayor'!$A$1:$B$15,2,FALSE),0) -> 0 | H19: 4 | I19: =IFERROR(VLOOKUP(H19,'Puntos XCO'!$A$1:$B$63,2,FALSE),0) -> 110 | J19: 0 | K19: =IFERROR(VLOOKUP(J19,'Puntos XCC Mayor'!$A$1:$B$15,2,FALSE),"0") -> 0 | L19: 3 | M19: =IFERROR(VLOOKUP(L19,'Puntos XCO'!$A$1:$B$63,2,FALSE),0) -> 120 | O19: =IFERROR(VLOOKUP(N19,'Puntos XCC Mayor'!$A$1:$B$15,2,FALSE),0) -> 0 | Q19: =IFERROR(VLOOKUP(P19,'Puntos XCO'!$A$1:$B$63,2,FALSE),0) -> 0 | R19: 3 | S19: =IFERROR(VLOOKUP(R19,'Puntos XCC Mayor'!$A$1:$B$15,2,FALSE),0) -> 16 | T19: 4 | U19: =IFERROR(VLOOKUP(T19,'Puntos XCO'!$A$1:$B$63,2,FALSE),0) -> 110 | W19: =IFERROR(VLOOKUP(V19,'Puntos XCC Mayor'!$A$1:$B$15,2,FALSE),0) -> 0 | Y19: =IFERROR(VLOOKUP(X19,'Puntos XCO'!$A$1:$B$63,2,FALSE),0) -> 0 | Z19: =G19+I19+K19+M19+O19+Q19+S19+U19+W19+Y19 -> 356
A20: 6 | B20: 6 | D20: AVILA Melisa* | E20: MANZATÉ LA SELVA NOVARIX | F20: 3 | G20: =IFERROR(VLOOKUP(F20,'Puntos XCC Mayor'!$A$1:$B$15,2,FALSE),0) -> 16 | H20: 1 | I20: =IFERROR(VLOOKUP(H20,'Puntos XCO'!$A$1:$B$63,2,FALSE),0) -> 200 | J20: 0 | K20: =IFERROR(VLOOKUP(J20,'Puntos XCC Mayor'!$A$1:$B$15,2,FALSE),"0") -> 0 | L20: 0 | M20: =IFERROR(VLOOKUP(L20,'Puntos XCO'!$A$1:$B$63,2,FALSE),0) -> 0 | O20: =IFERROR(VLOOKUP(N20,'Puntos XCC Mayor'!$A$1:$B$15,2,FALSE),0) -> 0 | Q20: =IFERROR(VLOOKUP(P20,'Puntos XCO'!$A$1:$B$63,2,FALSE),0) -> 0 | S20: =IFERROR(VLOOKUP(R20,'Puntos XCC Mayor'!$A$1:$B$15,2,FALSE),0) -> 0 | U20: =IFERROR(VLOOKUP(T20,'Puntos XCO'!$A$1:$B$63,2,FALSE),0) -> 0 | W20: =IFERROR(VLOOKUP(V20,'Puntos XCC Mayor'!$A$1:$B$15,2,FALSE),0) -> 0 | Y20: =IFERROR(VLOOKUP(X20,'Puntos XCO'!$A$1:$B$63,2,FALSE),0) -> 0 | Z20: =G20+I20+K20+M20+O20+Q20+S20+U20+W20+Y20 -> 216
A21: 7 | B21: 7 | C21: 93 | D21: WESTER Isabella Katerina | E21: DONOVAN RACING | N21: 1 | O21: =IFERROR(VLOOKUP(N21,'Puntos XCC Mayor'!$A$1:$B$15,2,FALSE),0) -> 25 | P21: 2 | Q21: =IFERROR(VLOOKUP(P21,'Puntos XCO'!$A$1:$B$63,2,FALSE),0) -> 150 | S21: =IFERROR(VLOOKUP(R21,'Puntos XCC Mayor'!$A$1:$B$15,2,FALSE),0) -> 0 | U21: =IFERROR(VLOOKUP(T21,'Puntos XCO'!$A$1:$B$63,2,FALSE),0) -> 0 | W21: =IFERROR(VLOOKUP(V21,'Puntos XCC Mayor'!$A$1:$B$15,2,FALSE),0) -> 0 | Y21: =IFERROR(VLOOKUP(X21,'Puntos XCO'!$A$1:$B$63,2,FALSE),0) -> 0 | Z21: =G21+I21+K21+M21+O21+Q21+S21+U21+W21+Y21 -> 175
A22: 8 | B22: 8 | D22: MONTES Naidelyn* | E22: CCDR ESCAZÚ | F22: 0 | G22: =IFERROR(VLOOKUP(F22,'Puntos XCC Mayor'!$A$1:$B$15,2,FALSE),0) -> 0 | H22: 3 | I22: =IFERROR(VLOOKUP(H22,'Puntos XCO'!$A$1:$B$63,2,FALSE),0) -> 120 | J22: 0 | K22: =IFERROR(VLOOKUP(J22,'Puntos XCC Mayor'!$A$1:$B$15,2,FALSE),"0") -> 0 | L22: 0 | M22: =IFERROR(VLOOKUP(L22,'Puntos XCO'!$A$1:$B$63,2,FALSE),0) -> 0 | O22: =IFERROR(VLOOKUP(N22,'Puntos XCC Mayor'!$A$1:$B$15,2,FALSE),0) -> 0 | Q22: =IFERROR(VLOOKUP(P22,'Puntos XCO'!$A$1:$B$63,2,FALSE),0) -> 0 | S22: =IFERROR(VLOOKUP(R22,'Puntos XCC Mayor'!$A$1:$B$15,2,FALSE),0) -> 0 | U22: =IFERROR(VLOOKUP(T22,'Puntos XCO'!$A$1:$B$63,2,FALSE),0) -> 0 | W22: =IFERROR(VLOOKUP(V22,'Puntos XCC Mayor'!$A$1:$B$15,2,FALSE),0) -> 0 | Y22: =IFERROR(VLOOKUP(X22,'Puntos XCO'!$A$1:$B$63,2,FALSE),0) -> 0 | Z22: =G22+I22+K22+M22+O22+Q22+S22+U22+W22+Y22 -> 120
A23: 9 | B23: 9 | D23: GOMEZ Yailin* | E23: MANZATÉ LA SELVA NOVARIX | F23: 1 | G23: =IFERROR(VLOOKUP(F23,'Puntos XCC Mayor'!$A$1:$B$15,2,FALSE),0) -> 25 | I23: =IFERROR(VLOOKUP(H23,'Puntos XCO'!$A$1:$B$63,2,FALSE),0) -> 0 | J23: 0 | K23: =IFERROR(VLOOKUP(J23,'Puntos XCC Mayor'!$A$1:$B$15,2,FALSE),"0") -> 0 | L23: 0 | M23: =IFERROR(VLOOKUP(L23,'Puntos XCO'!$A$1:$B$63,2,FALSE),0) -> 0 | O23: =IFERROR(VLOOKUP(N23,'Puntos XCC Mayor'!$A$1:$B$15,2,FALSE),0) -> 0 | Q23: =IFERROR(VLOOKUP(P23,'Puntos XCO'!$A$1:$B$63,2,FALSE),0) -> 0 | S23: =IFERROR(VLOOKUP(R23,'Puntos XCC Mayor'!$A$1:$B$15,2,FALSE),0) -> 0 | U23: =IFERROR(VLOOKUP(T23,'Puntos XCO'!$A$1:$B$63,2,FALSE),0) -> 0 | W23: =IFERROR(VLOOKUP(V23,'Puntos XCC Mayor'!$A$1:$B$15,2,FALSE),0) -> 0 | Y23: =IFERROR(VLOOKUP(X23,'Puntos XCO'!$A$1:$B$63,2,FALSE),0) -> 0 | Z23: =G23+I23+K23+M23+O23+Q23+S23+U23+W23+Y23 -> 25
A24: 10 | B24: 10 | D24: VARGAS Naomy* | E24: MANZATÉ LA SELVA NOVARIX | F24: 2 | G24: =IFERROR(VLOOKUP(F24,'Puntos XCC Mayor'!$A$1:$B$15,2,FALSE),0) -> 20 | I24: =IFERROR(VLOOKUP(H24,'Puntos XCO'!$A$1:$B$63,2,FALSE),0) -> 0 | J24: 0 | K24: =IFERROR(VLOOKUP(J24,'Puntos XCC Mayor'!$A$1:$B$15,2,FALSE),"0") -> 0 | L24: 0 | M24: =IFERROR(VLOOKUP(L24,'Puntos XCO'!$A$1:$B$63,2,FALSE),0) -> 0 | O24: =IFERROR(VLOOKUP(N24,'Puntos XCC Mayor'!$A$1:$B$15,2,FALSE),0) -> 0 | Q24: =IFERROR(VLOOKUP(P24,'Puntos XCO'!$A$1:$B$63,2,FALSE),0) -> 0 | S24: =IFERROR(VLOOKUP(R24,'Puntos XCC Mayor'!$A$1:$B$15,2,FALSE),0) -> 0 | U24: =IFERROR(VLOOKUP(T24,'Puntos XCO'!$A$1:$B$63,2,FALSE),0) -> 0 | W24: =IFERROR(VLOOKUP(V24,'Puntos XCC Mayor'!$A$1:$B$15,2,FALSE),0) -> 0 | Y24: =IFERROR(VLOOKUP(X24,'Puntos XCO'!$A$1:$B$63,2,FALSE),0) -> 0 | Z24: =G24+I24+K24+M24+O24+Q24+S24+U24+W24+Y24 -> 20

Sheet JM
A8: JUVENIL MASCULINO (17-18)
A10: 1 - Finca Grupo Orosi >21 y 22 febrero 2 - Parque La Libertad Desamparados > 28 y 29 marzo 3 - Adventure Park > 16 y 17 mayo 4 - Finca La Hisopa San Pedro de Turrubares > 13 y 14 junio
A11: 5 - > 18 y 19 julio 6 - > 12 y 13 setiembre 7 - > 31 Oct y 01 Nov
A13: POSICION | F13: 1 | J13: 2 | N13: 3 | R13: 4 | V13: 5 | Z13: TOTAL PUNTOS
A14: ACTUAL | B14: ANTERIOR | C14: NO | D14: NOMBRE | E14: EQUIPO | F14: POS XCC | G14: PTOS XCC | H14: POS XCO | I14: PTOS XCO | J14: POS XCC | K14: PTOS XCC | L14: POS XCO | M14: PTOS XCO | N14: POS XCC | O14: PTOS XCC | P14: POS XCO | Q14: PTOS XCO | R14: POS XCC | S14: PTOS XCC | T14: POS XCO | U14: PTOS XCO | V14: POS XCC | W14: PTOS XCC | X14: POS XCO | Y14: PTOS XCO
A15: 1 | B15: 1 | C15: 103 | D15: ACUÑA Alejandro | E15: TEAM INNOVABIKES SKOLER UH | F15: 3 | G15: 8 | H15: 3 | I15: 120 | J15: 3 | K15: 8 | L15: 1 | M15: 200 | O15: =IFERROR(VLOOKUP(N15,'Puntos XCC Menor'!$A$1:$B$15,2,FALSE),0) -> 0 | P15: 2 | Q15: =IFERROR(VLOOKUP(P15,'Puntos XCO'!$A$1:$B$63,2,FALSE),0) -> 150 | R15: 1 | S15: =IFERROR(VLOOKUP(R15,'Puntos XCC Menor'!$A$1:$B$15,2,FALSE),0) -> 10 | T15: 1 | U15: =IFERROR(VLOOKUP(T15,'Puntos XCO'!$A$1:$B$63,2,FALSE),0) -> 200 | V15: =IFERROR(VLOOKUP(C15,RESXCC_1,9,FALSE),0) -> 2 | W15: =IFERROR(VLOOKUP(V15,'Puntos XCC Mayor'!$A$1:$B$15,2,FALSE),0) -> 20 | X15: =IFERROR(VLOOKUP(C15,RESXCO,9,FALSE),0) -> 1 | Y15: =IFERROR(VLOOKUP(X15,'Puntos XCO'!$A$1:$B$63,2,FALSE),0) -> 200 | Z15: =G15+I15+K15+M15+O15+Q15+S15+U15+W15+Y15 -> 916
A16: 2 | B16: 2 | C16: 105 | D16: ULATE Joshua* | E16: MECATRONICS / MCT COMPONENTS | F16: 4 | G16: 7 | H16: 2 | I16: 150 | J16: 4 | K16: 7 | L16: 3 | M16: 120 | O16: =IFERROR(VLOOKUP(N16,'Puntos XCC Menor'!$A$1:$B$15,2,FALSE),0) -> 0 | P16: 5 | Q16: =IFERROR(VLOOKUP(P16,'Puntos XCO'!$A$1:$B$63,2,FALSE),0) -> 100 | R16: 2 | S16: =IFERROR(VLOOKUP(R16,'Puntos XCC Menor'!$A$1:$B$15,2,FALSE),0) -> 9 | T16: 2 | U16: =IFERROR(VLOOKUP(T16,'Puntos XCO'!$A$1:$B$63,2,FALSE),0) -> 150 | V16: =IFERROR(VLOOKUP(C16,RESXCC_1,9,FALSE),0) -> 0 | W16: =IFERROR(VLOOKUP(V16,'Puntos XCC Mayor'!$A$1:$B$15,2,FALSE),0) -> 0 | X16: =IFERROR(VLOOKUP(C16,RESXCO,9,FALSE),0) -> 2 | Y16: =IFERROR(VLOOKUP(X16,'Puntos XCO'!$A$1:$B$63,2,FALSE),0) -> 150 | Z16: =G16+I16+K16+M16+O16+Q16+S16+U16+W16+Y16 -> 693
A17: 3 | B17: 3 | C17: 104 | D17: NARANJO Didier | E17: COLONO BIKE STATION KOLBI | F17: 1 | G17: 10 | H17: 4 | I17: 110 | J17: 1 | K17: 10 | L17: 2 | M17: 150 | O17: =IFERROR(VLOOKUP(N17,'Puntos XCC Menor'!$A$1:$B$15,2,FALSE),0) -> 0 | P17: 6 | Q17: =IFERROR(VLOOKUP(P17,'Puntos XCO'!$A$1:$B$63,2,FALSE),0) -> 95 | R17: 5 | S17: =IFERROR(VLOOKUP(R17,'Puntos XCC Menor'!$A$1:$B$15,2,FALSE),0) -> 6 | T17: 5 | U17: =IFERROR(VLOOKUP(T17,'Puntos XCO'!$A$1:$B$63,2,FALSE),0) -> 100 | V17: =IFERROR(VLOOKUP(C17,RESXCC_1,9,FALSE),0) -> 1 | W17: =IFERROR(VLOOKUP(V17,'Puntos XCC Mayor'!$A$1:$B$15,2,FALSE),0) -> 25 | X17: =IFERROR(VLOOKUP(C17,RESXCO,9,FALSE),0) -> 5 | Y17: =IFERROR(VLOOKUP(X17,'Puntos XCO'!$A$1:$B$63,2,FALSE),0) -> 100 | Z17: =G17+I17+K17+M17+O17+Q17+S17+U17+W17+Y17 -> 606
A18: 4 | B18: 4 | C18: 158 | D18: QUIRÓS Neythan Yariel | E18: TEAM INNOVABIKES SKOLER | F18: 2 | G18: 9 | H18: 1 | I18: 200 | J18: 2 | K18: 9 | L18: 4 | M18: 110 | O18: =IFERROR(VLOOKUP(N18,'Puntos XCC Menor'!$A$1:$B$15,2,FALSE),0) -> 0 | Q18: =IFERROR(VLOOKUP(P18,'Puntos XCO'!$A$1:$B$63,2,FALSE),0) -> 0 | R18: 3 | S18: =IFERROR(VLOOKUP(R18,'Puntos XCC Menor'!$A$1:$B$15,2,FALSE),0) -> 8 | T18: 8 | U18: =IFERROR(VLOOKUP(T18,'Puntos XCO'!$A$1:$B$63,2,FALSE),0) -> 85 | V18: =IFERROR(VLOOKUP(C18,RESXCC_1,9,FALSE),0) -> 3 | W18: =IFERROR(VLOOKUP(V18,'Puntos XCC Mayor'!$A$1:$B$15,2,FALSE),0) -> 16 | X18: =IFERROR(VLOOKUP(C18,RESXCO,9,FALSE),0) -> 3 | Y18: =IFERROR(VLOOKUP(X18,'Puntos XCO'!$A$1:$B$63,2,FALSE),0) -> 120 | Z18: =G18+I18+K18+M18+O18+Q18+S18+U18+W18+Y18 -> 557
A19: 5 | B19: 5 | C19: 106 | D19: MANZANARES Leandro | E19: CODEA DE ALAJUELA | F19: 5 | G19: 6 | H19: 5 | I19: 100 | J19: 6 | K19: 5 | L19: 17 | M19: 64 | O19: =IFERROR(VLOOKUP(N19,'Puntos XCC Menor'!$A$1:$B$15,2,FALSE),0) -> 0 | P19: 15 | Q19: =IFERROR(VLOOKUP(P19,'Puntos XCO'!$A$1:$B$63,2,FALSE),0) -> 68 | R19: 4 | S19: =IFERROR(VLOOKUP(R19,'Puntos XCC Menor'!$A$1:$B$15,2,FALSE),0) -> 7 | T19: 3 | U19: =IFERROR(VLOOKUP(T19,'Puntos XCO'!$A$1:$B$63,2,FALSE),0) -> 120 | V19: =IFERROR(VLOOKUP(C19,RESXCC_1,9,FALSE),0) -> 31 | W19: =IFERROR(VLOOKUP(V19,'Puntos XCC Mayor'!$A$1:$B$15,2,FALSE),0) -> 0 | X19: =IFERROR(VLOOKUP(C19,RESXCO,9,FALSE),0) -> 4 | Y19: =IFERROR(VLOOKUP(X19,'Puntos XCO'!$A$1:$B$63,2,FALSE),0) -> 110 | Z19: =G19+I19+K19+M19+O19+Q19+S19+U19+W19+Y19 -> 480
A20: 6 | B20: 7 | C20: 109 | D20: VEGA Santiago | E20: CCDR DE NARANJO | F20: 12 | G20: 0 | H20: 17 | I20: 64 | J20: 11 | K20: 0 | L20: 9 | M20: 80 | O20: =IFERROR(VLOOKUP(N20,'Puntos XCC Menor'!$A$1:$B$15,2,FALSE),0) -> 0 | P20: 11 | Q20: =IFERROR(VLOOKUP(P20,'Puntos XCO'!$A$1:$B$63,2,FALSE),0) -> 76 | R20: 6 | S20: =IFERROR(VLOOKUP(R20,'Puntos XCC Menor'!$A$1:$B$15,2,FALSE),0) -> 5 | T20: 6 | U20: =IFERROR(VLOOKUP(T20,'Puntos XCO'!$A$1:$B$63,2,FALSE),0) -> 95 | V20: =IFERROR(VLOOKUP(C20,RESXCC_1,9,FALSE),0) -> 5 | W20: =IFERROR(VLOOKUP(V20,'Puntos XCC Mayor'!$A$1:$B$15,2,FALSE),0) -> 12 | X20: =IFERROR(VLOOKUP(C20,RESXCO,9,FALSE),0) -> 9 | Y20: =IFERROR(VLOOKUP(X20,'Puntos XCO'!$A$1:$B$63,2,FALSE),0) -> 80 | Z20: =G20+I20+K20+M20+O20+Q20+S20+U20+W20+Y20 -> 412
A21: 7 | B21: 8 | C21: 107 | D21: MURILLO Sebastian* | E21: INDEPENDIENTE | F21: 19 | G21: 0 | H21: 11 | I21: 76 | J21: 12 | K21: 0 | L21: 8 | M21: 85 | O21: =IFERROR(VLOOKUP(N21,'Puntos XCC Menor'!$A$1:$B$15,2,FALSE),0) -> 0 | P21: 16 | Q21: =IFERROR(VLOOKUP(P21,'Puntos XCO'!$A$1:$B$63,2,FALSE),0) -> 66 | R21: 9 | S21: =IFERROR(VLOOKUP(R21,'Puntos XCC Menor'!$A$1:$B$15,2,FALSE),0) -> 2 | T21: 13 | U21: =IFERROR(VLOOKUP(T21,'Puntos XCO'!$A$1:$B$63,2,FALSE),0) -> 72 | V21: =IFERROR(VLOOKUP(C21,RESXCC_1,9,FALSE),0) -> 27 | W21: =IFERROR(VLOOKUP(V21,'Puntos XCC Mayor'!$A$1:$B$15,2,FALSE),0) -> 0 | X21: =IFERROR(VLOOKUP(C21,RESXCO,9,FALSE),0) -> 10 | Y21: =IFERROR(VLOOKUP(X21,'Puntos XCO'!$A$1:$B$63,2,FALSE),0) -> 78 | Z21: =G21+I21+K21+M21+O21+Q21+S21+U21+W21+Y21 -> 379
A22: 8 | B22: 9 | C22: 112 | D22: FONSECA Dianey | F22: 22 | G22: 0 | H22: 14 | I22: 70 | J22: 19 | K22: 0 | L22: 16 | M22: 66 | O22: =IFERROR(VLOOKUP(N22,'Puntos XCC Menor'!$A$1:$B$15,2,FALSE),0) -> 0 | P22: 12 | Q22: =IFERROR(VLOOKUP(P22,'Puntos XCO'!$A$1:$B$63,2,FALSE),0) -> 74 | R22: 0 | S22: =IFERROR(VLOOKUP(R22,'Puntos XCC Menor'!$A$1:$B$15,2,FALSE),0) -> 0 | T22: 9 | U22: =IFERROR(VLOOKUP(T22,'Puntos XCO'!$A$1:$B$63,2,FALSE),0) -> 80 | V22: =IFERROR(VLOOKUP(C22,RESXCC_1,9,FALSE),0) -> 31 | W22: =IFERROR(VLOOKUP(V22,'Puntos XCC Mayor'!$A$1:$B$15,2,FALSE),0) -> 0 | X22: =IFERROR(VLOOKUP(C22,RESXCO,9,FALSE),0) -> 11 | Y22: =IFERROR(VLOOKUP(X22,'Puntos XCO'!$A$1:$B$63,2,FALSE),0) -> 76 | Z22: =G22+I22+K22+M22+O22+Q22+S22+U22+W22+Y22 -> 366
A23: 9 | B23: 10 | C23: 108 | D23: CASASOLA Steven | E23: TEAM CQ.PZ | F23: 7 | G23: 4 | H23: 13 | I23: 72 | J23: 10 | K23: 1 | L23: 10 | M23: 78 | O23: =IFERROR(VLOOKUP(N23,'Puntos XCC Menor'!$A$1:$B$15,2,FALSE),0) -> 0 | P23: 14 | Q23: =IFERROR(VLOOKUP(P23,'Puntos XCO'!$A$1:$B$63,2,FALSE),0) -> 70 | R23: 17 | S23: =IFERROR(VLOOKUP(R23,'Puntos XCC Menor'!$A$1:$B$15,2,FALSE),0) -> 0 | T23: 19 | U23: =IFERROR(VLOOKUP(T23,'Puntos XCO'!$A$1:$B$63,2,FALSE),0) -> 60 | V23: =IFERROR(VLOOKUP(C23,RESXCC_1,9,FALSE),0) -> 22 | W23: =IFERROR(VLOOKUP(V23,'Puntos XCC Mayor'!$A$1:$B$15,2,FALSE),0) -> 0 | X23: =IFERROR(VLOOKUP(C23,RESXCO,9,FALSE),0) -> 13 | Y23: =IFERROR(VLOOKUP(X23,'Puntos XCO'!$A$1:$B$63,2,FALSE),0) -> 72 | Z23: =G23+I23+K23+M23+O23+Q23+S23+U23+W23+Y23 -> 357
A24: 10 | B24: 6 | C24: 113 | D24: AGUILAR Valentino* | E24: CCDR PARAÍSO | J24: 7 | K24: 4 | L24: 5 | M24: 100 | O24: =IFERROR(VLOOKUP(N24,'Puntos XCC Menor'!$A$1:$B$15,2,FALSE),0) -> 0 | P24: 4 | Q24: =IFERROR(VLOOKUP(P24,'Puntos XCO'!$A$1:$B$63,2,FALSE),0) -> 110 | R24: 0 | S24: =IFERROR(VLOOKUP(R24,'Puntos XCC Menor'!$A$1:$B$15,2,FALSE),0) -> 0 | T24: 4 | U24: =IFERROR(VLOOKUP(T24,'Puntos XCO'!$A$1:$B$63,2,FALSE),0) -> 110 | V24: =IFERROR(VLOOKUP(C24,RESXCC_1,9,FALSE),0) -> 0 | W24: =IFERROR(VLOOKUP(V24,'Puntos XCC Mayor'!$A$1:$B$15,2,FALSE),0) -> 0 | X24: =IFERROR(VLOOKUP(C24,RESXCO,9,FALSE),0) -> 0 | Y24: =IFERROR(VLOOKUP(X24,'Puntos XCO'!$A$1:$B$63,2,FALSE),0) -> 0 | Z24: =G24+I24+K24+M24+O24+Q24+S24+U24+W24+Y24 -> 324
A25: 11 | B25: 20 | C25: 142 | D25: GOMEZ Allan | E25: VQ ATHLETIC | F25: 17 | G25: 0 | H25: 0 | I25: 0 | J25: 15 | K25: 0 | L25: 12 | M25: 74 | O25: =IFERROR(VLOOKUP(N25,'Puntos XCC Menor'!$A$1:$B$15,2,FALSE),0) -> 0 | Q25: =IFERROR(VLOOKUP(P25,'Puntos XCO'!$A$1:$B$63,2,FALSE),0) -> 0 | R25: 8 | S25: =IFERROR(VLOOKUP(R25,'Puntos XCC Menor'!$A$1:$B$15,2,FALSE),0) -> 3 | T25: 7 | U25: =IFERROR(VLOOKUP(T25,'Puntos XCO'!$A$1:$B$63,2,FALSE),0) -> 90 | V25: =IFERROR(VLOOKUP(C25,RESXCC_1,9,FALSE),0) -> 6 | W25: =IFERROR(VLOOKUP(V25,'Puntos XCC Mayor'!$A$1:$B$15,2,FALSE),0) -> 10 | X25: =IFERROR(VLOOKUP(C25,RESXCO,9,FALSE),0) -> 8 | Y25: =IFERROR(VLOOKUP(X25,'Puntos XCO'!$A$1:$B$63,2,FALSE),0) -> 85 | Z25: =G25+I25+K25+M25+O25+Q25+S25+U25+W25+Y25 -> 262
A26: 12 | B26: 14 | C26: 114 | D26: FALCÓN Fernando* | E26: CICLISMO BELÉN | F26: 21 | G26: 0 | H26: 31 | I26: 36 | J26: 25 | K26: 0 | L26: 21 | M26: 56 | O26: =IFERROR(VLOOKUP(N26,'Puntos XCC Menor'!$A$1:$B$15,2,FALSE),0) -> 0 | P26: 23 | Q26: =IFERROR(VLOOKUP(P26,'Puntos XCO'!$A$1:$B$63,2,FALSE),0) -> 52 | R26: 20 | S26: =IFERROR(VLOOKUP(R26,'Puntos XCC Menor'!$A$1:$B$15,2,FALSE),0) -> 0 | T26: 23 | U26: =IFERROR(VLOOKUP(T26,'Puntos XCO'!$A$1:$B$63,2,FALSE),0) -> 52 | V26: =IFERROR(VLOOKUP(C26,RESXCC_1,9,FALSE),0) -> 16 | W26: =IFERROR(VLOOKUP(V26,'Puntos XCC Mayor'!$A$1:$B$15,2,FALSE),0) -> 0 | X26: =IFERROR(VLOOKUP(C26,RESXCO,9,FALSE),0) -> 20 | Y26: =IFERROR(VLOOKUP(X26,'Puntos XCO'!$A$1:$B$63,2,FALSE),0) -> 58 | Z26: =G26+I26+K26+M26+O26+Q26+S26+U26+W26+Y26 -> 254
A27: 13 | B27: 23 | C27: 126 | D27: SOTO Cristian* | E27: CCDR ESCAZU | O27: =IFERROR(VLOOKUP(N27,'Puntos XCC Menor'!$A$1:$B$15,2,FALSE),0) -> 0 | P27: 9 | Q27: =IFERROR(VLOOKUP(P27,'Puntos XCO'!$A$1:$B$63,2,FALSE),0) -> 80 | R27: 10 | S27: =IFERROR(VLOOKUP(R27,'Puntos XCC Menor'!$A$1:$B$15,2,FALSE),0) -> 1 | T27: 11 | U27: =IFERROR(VLOOKUP(T27,'Puntos XCO'!$A$1:$B$63,2,FALSE),0) -> 76 | V27: =IFERROR(VLOOKUP(C27,RESXCC_1,9,FALSE),0) -> 30 | W27: =IFERROR(VLOOKUP(V27,'Puntos XCC Mayor'!$A$1:$B$15,2,FALSE),0) -> 0 | X27: =IFERROR(VLOOKUP(C27,RESXCO,9,FALSE),0) -> 6 | Y27: =IFERROR(VLOOKUP(X27,'Puntos XCO'!$A$1:$B$63,2,FALSE),0) -> 95 | Z27: =G27+I27+K27+M27+O27+Q27+S27+U27+W27+Y27 -> 252
A28: 14 | B28: 13 | C28: 110 | D28: CAMPOS Matías | E28: PZ CICLYNG TEAM | F28: 20 | G28: 0 | H28: 18 | I28: 62 | J28: 9 | K28: 2 | L28: 11 | M28: 76 | O28: =IFERROR(VLOOKUP(N28,'Puntos XCC Menor'!$A$1:$B$15,2,FALSE),0) -> 0 | Q28: =IFERROR(VLOOKUP(P28,'Puntos XCO'!$A$1:$B$63,2,FALSE),0) -> 0 | R28: 7 | S28: =IFERROR(VLOOKUP(R28,'Puntos XCC Menor'!$A$1:$B$15,2,FALSE),0) -> 4 | T28: 21 | U28: =IFERROR(VLOOKUP(T28,'Puntos XCO'!$A$1:$B$63,2,FALSE),0) -> 56 | V28: =IFERROR(VLOOKUP(C28,RESXCC_1,9,FALSE),0) -> 28 | W28: =IFERROR(VLOOKUP(V28,'Puntos XCC Mayor'!$A$1:$B$15,2,FALSE),0) -> 0 | X28: =IFERROR(VLOOKUP(C28,RESXCO,9,FALSE),0) -> 23 | Y28: =IFERROR(VLOOKUP(X28,'Puntos XCO'!$A$1:$B$63,2,FALSE),0) -> 52 | Z28: =G28+I28+K28+M28+O28+Q28+S28+U28+W28+Y28 -> 252
A29: 15 | B29: 19 | C29: 160 | D29: NUÑEZ Axell* | E29: COMITÉ DE SANTA ANA | F29: 29 | G29: 0 | H29: 21 | I29: 56 | J29: 28 | K29: 0 | L29: 25 | M29: 48 | O29: =IFERROR(VLOOKUP(N29,'Puntos XCC Menor'!$A$1:$B$15,2,FALSE),0) -> 0 | Q29: =IFERROR(VLOOKUP(P29,'Puntos XCO'!$A$1:$B$63,2,FALSE),0) -> 0 | R29: 16 | S29: =IFERROR(VLOOKUP(R29,'Puntos XCC Menor'!$A$1:$B$15,2,FALSE),0) -> 0 | T29: 14 | U29: =IFERROR(VLOOKUP(T29,'Puntos XCO'!$A$1:$B$63,2,FALSE),0) -> 70 | V29: =IFERROR(VLOOKUP(C29,RESXCC_1,9,FALSE),0) -> 29 | W29: =IFERROR(VLOOKUP(V29,'Puntos XCC Mayor'!$A$1:$B$15,2,FALSE),0) -> 0 | X29: =IFERROR(VLOOKUP(C29,RESXCO,9,FALSE),0) -> 12 | Y29: =IFERROR(VLOOKUP(X29,'Puntos XCO'!$A$1:$B$63,2,FALSE),0) -> 74 | Z29: =G29+I29+K29+M29+O29+Q29+S29+U29+W29+Y29 -> 248
A30: 16 | B30: 16 | C30: 121 | D30: CAMPOS Kevin Andrey | E30: NUMU COACHING | J30: 33 | K30: 0 | L30: 27 | M30: 44 | O30: =IFERROR(VLOOKUP(N30,'Puntos XCC Menor'!$A$1:$B$15,2,FALSE),0) -> 0 | P30: 17 | Q30: =IFERROR(VLOOKUP(P30,'Puntos XCO'!$A$1:$B$63,2,FALSE),0) -> 64 | R30: 11 | S30: =IFERROR(VLOOKUP(R30,'Puntos XCC Menor'!$A$1:$B$15,2,FALSE),0) -> 0 | T30: 12 | U30: =IFERROR(VLOOKUP(T30,'Puntos XCO'!$A$1:$B$63,2,FALSE),0) -> 74 | V30: =IFERROR(VLOOKUP(C30,RESXCC_1,9,FALSE),0) -> 14 | W30: =IFERROR(VLOOKUP(V30,'Puntos XCC Mayor'!$A$1:$B$15,2,FALSE),0) -> 2 | X30: =IFERROR(VLOOKUP(C30,RESXCO,9,FALSE),0) -> 21 | Y30: =IFERROR(VLOOKUP(X30,'Puntos XCO'!$A$1:$B$63,2,FALSE),0) -> 56 | Z30: =G30+I30+K30+M30+O30+Q30+S30+U30+W30+Y30 -> 240
A31: 17 | B31: 27 | C31: 119 | D31: MENESES Cesar* | E31: CCDR PARAÍSO | F31: 24 | G31: 0 | H31: 29 | I31: 40 | J31: 23 | K31: 0 | L31: 26 | M31: 46 | O31: =IFERROR(VLOOKUP(N31,'Puntos XCC Menor'!$A$1:$B$15,2,FALSE),0) -> 0 | P31: 21 | Q31: =IFERROR(VLOOKUP(P31,'Puntos XCO'!$A$1:$B$63,2,FALSE),0) -> 56 | R31: 0 | S31: =IFERROR(VLOOKUP(R31,'Puntos XCC Menor'!$A$1:$B$15,2,FALSE),0) -> 0 | T31: 0 | U31: =IFERROR(VLOOKUP(T31,'Puntos XCO'!$A$1:$B$63,2,FALSE),0) -> 0 | V31: =IFERROR(VLOOKUP(C31,RESXCC_1,9,FALSE),0) -> 0 | W31: =IFERROR(VLOOKUP(V31,'Puntos XCC Mayor'!$A$1:$B$15,2,FALSE),0) -> 0 | X31: =IFERROR(VLOOKUP(C31,RESXCO,9,FALSE),0) -> 15 | Y31: =IFERROR(VLOOKUP(X31,'Puntos XCO'!$A$1:$B$63,2,FALSE),0) -> 68 | Z31: =G31+I31+K31+M31+O31+Q31+S31+U31+W31+Y31 -> 210
A32: 18 | B32: 11 | C32: 101 | D32: QUINTERO Santiago | E32: GW ERCO SPORTFITNESS | O32: =IFERROR(VLOOKUP(N32,'Puntos XCC Menor'!$A$1:$B$15,2,FALSE),0) -> 0 | P32: 1 | Q32: =IFERROR(VLOOKUP(P32,'Puntos XCO'!$A$1:$B$63,2,FALSE),0) -> 200 | R32: 0 | S32: =IFERROR(VLOOKUP(R32,'Puntos XCC Menor'!$A$1:$B$15,2,FALSE),0) -> 0 | T32: 0 | U32: =IFERROR(VLOOKUP(T32,'Puntos XCO'!$A$1:$B$63,2,FALSE),0) -> 0 | V32: =IFERROR(VLOOKUP(C32,RESXCC_1,9,FALSE),0) -> 0 | W32: =IFERROR(VLOOKUP(V32,'Puntos XCC Mayor'!$A$1:$B$15,2,FALSE),0) -> 0 | X32: =IFERROR(VLOOKUP(C32,RESXCO,9,FALSE),0) -> 0 | Y32: =IFERROR(VLOOKUP(X32,'Puntos XCO'!$A$1:$B$63,2,FALSE),0) -> 0 | Z32: =G32+I32+K32+M32+O32+Q32+S32+U32+W32+Y32 -> 200
A33: 19 | B33: 12 | C33: 132 | D33: OROZCO Aaron Felipe* | E33: CDR CERVANTES | F33: 23 | G33: 0 | H33: 10 | I33: 78 | J33: 22 | K33: 0 | L33: 19 | M33: 60 | O33: =IFERROR(VLOOKUP(N33,'Puntos XCC Menor'!$A$1:$B$15,2,FALSE),0) -> 0 | Q33: =IFERROR(VLOOKUP(P33,'Puntos XCO'!$A$1:$B$63,2,FALSE),0) -> 0 | R33: 0 | S33: =IFERROR(VLOOKUP(R33,'Puntos XCC Menor'!$A$1:$B$15,2,FALSE),0) -> 0 | T33: 18 | U33: =IFERROR(VLOOKUP(T33,'Puntos XCO'!$A$1:$B$63,2,FALSE),0) -> 62 | V33: =IFERROR(VLOOKUP(C33,RESXCC_1,9,FALSE),0) -> 0 | W33: =IFERROR(VLOOKUP(V33,'Puntos XCC Mayor'!$A$1:$B$15,2,FALSE),0) -> 0 | X33: =IFERROR(VLOOKUP(C33,RESXCO,9,FALSE),0) -> 0 | Y33: =IFERROR(VLOOKUP(X33,'Puntos XCO'!$A$1:$B$63,2,FALSE),0) -> 0 | Z33: =G33+I33+K33+M33+O33+Q33+S33+U33+W33+Y33 -> 200
A34: 20 | B34: 24 | C34: 122 | D34: CRUZ Alejandro* | E34: CODEA ALAJUELA - CICLO EPIC | J34: 30 | K34: 0 | L34: 33 | M34: 32 | O34: =IFERROR(VLOOKUP(N34,'Puntos XCC Menor'!$A$1:$B$15,2,FALSE),0) -> 0 | P34: 22 | Q34: =IFERROR(VLOOKUP(P34,'Puntos XCO'!$A$1:$B$63,2,FALSE),0) -> 54 | R34: 13 | S34: =IFERROR(VLOOKUP(R34,'Puntos XCC Menor'!$A$1:$B$15,2,FALSE),0) -> 0 | T34: 17 | U34: =IFERROR(VLOOKUP(T34,'Puntos XCO'!$A$1:$B$63,2,FALSE),0) -> 64 | V34: =IFERROR(VLOOKUP(C34,RESXCC_1,9,FALSE),0) -> 0 | W34: =IFERROR(VLOOKUP(V34,'Puntos XCC Mayor'!$A$1:$B$15,2,FALSE),0) -> 0 | X34: =IFERROR(VLOOKUP(C34,RESXCO,9,FALSE),0) -> 26 | Y34: =IFERROR(VLOOKUP(X34,'Puntos XCO'!$A$1:$B$63,2,FALSE),0) -> 46 | Z34: =G34+I34+K34+M34+O34+Q34+S34+U34+W34+Y34 -> 196
A35: 21 | B35: 15 | C35: 120 | D35: ARAYA Luis | E35: CODEA ALAJUELA | F35: 28 | G35: 0 | H35: 19 | I35: 60 | J35: 0 | K35: 0 | L35: 0 | M35: 0 | O35: =IFERROR(VLOOKUP(N35,'Puntos XCC Menor'!$A$1:$B$15,2,FALSE),0) -> 0 | P35: 20 | Q35: =IFERROR(VLOOKUP(P35,'Puntos XCO'!$A$1:$B$63,2,FALSE),0) -> 58 | R35: 14 | S35: =IFERROR(VLOOKUP(R35,'Puntos XCC Menor'!$A$1:$B$15,2,FALSE),0) -> 0 | T35: 16 | U35: =IFERROR(VLOOKUP(T35,'Puntos XCO'!$A$1:$B$63,2,FALSE),0) -> 66 | V35: =IFERROR(VLOOKUP(C35,RESXCC_1,9,FALSE),0) -> 15 | W35: =IFERROR(VLOOKUP(V35,'Puntos XCC Mayor'!$A$1:$B$15,2,FALSE),0) -> 1 | X35: =IFERROR(VLOOKUP(C35,RESXCO,9,FALSE),0) -> 0 | Y35: =IFERROR(VLOOKUP(X35,'Puntos XCO'!$A$1:$B$63,2,FALSE),0) -> 0 | Z35: =G35+I35+K35+M35+O35+Q35+S35+U35+W35+Y35 -> 185
A36: 22 | B36: 31 | C36: 163 | D36: UMAÑA Devis* | E36: CCDR DESAMPARADOS BIKE CAFE | F36: 13 | G36: 0 | H36: 0 | I36: 0 | J36: 20 | K36: 0 | L36: 22 | M36: 54 | O36: =IFERROR(VLOOKUP(N36,'Puntos XCC Menor'!$A$1:$B$15,2,FALSE),0) -> 0 | Q36: =IFERROR(VLOOKUP(P36,'Puntos XCO'!$A$1:$B$63,2,FALSE),0) -> 0 | R36: 23 | S36: =IFERROR(VLOOKUP(R36,'Puntos XCC Menor'!$A$1:$B$15,2,FALSE),0) -> 0 | T36: 15 | U36: =IFERROR(VLOOKUP(T36,'Puntos XCO'!$A$1:$B$63,2,FALSE),0) -> 68 | V36: =IFERROR(VLOOKUP(C36,RESXCC_1,9,FALSE),0) -> 25 | W36: =IFERROR(VLOOKUP(V36,'Puntos XCC Mayor'!$A$1:$B$15,2,FALSE),0) -> 0 | X36: =IFERROR(VLOOKUP(C36,RESXCO,9,FALSE),0) -> 18 | Y36: =IFERROR(VLOOKUP(X36,'Puntos XCO'!$A$1:$B$63,2,FALSE),0) -> 62 | Z36: =G36+I36+K36+M36+O36+Q36+S36+U36+W36+Y36 -> 184
A37: 23 | B37: 17 | C37: 159 | D37: BOLAÑOS Justin | E37: DESAMPARADOS BIKE CAFE | F37: 11 | G37: 0 | H37: 16 | I37: 66 | J37: 8 | K37: 3 | L37: 23 | M37: 52 | O37: =IFERROR(VLOOKUP(N37,'Puntos XCC Menor'!$A$1:$B$15,2,FALSE),0) -> 0 | Q37: =IFERROR(VLOOKUP(P37,'Puntos XCO'!$A$1:$B$63,2,FALSE),0) -> 0 | R37: 15 | S37: =IFERROR(VLOOKUP(R37,'Puntos XCC Menor'!$A$1:$B$15,2,FALSE),0) -> 0 | T37: 20 | U37: =IFERROR(VLOOKUP(T37,'Puntos XCO'!$A$1:$B$63,2,FALSE),0) -> 58 | V37: =IFERROR(VLOOKUP(C37,RESXCC_1,9,FALSE),0) -> 0 | W37: =IFERROR(VLOOKUP(V37,'Puntos XCC Mayor'!$A$1:$B$15,2,FALSE),0) -> 0 | X37: =IFERROR(VLOOKUP(C37,RESXCO,9,FALSE),0) -> 0 | Y37: =IFERROR(VLOOKUP(X37,'Puntos XCO'!$A$1:$B$63,2,FALSE),0) -> 0 | Z37: =G37+I37+K37+M37+O37+Q37+S37+U37+W37+Y37 -> 179
A38: 24 | B38: 18 | C38: 135 | D38: SOJO Joshua Samir | E38: CODEA COSTA FRUT | F38: 8 | G38: 3 | H38: 12 | I38: 74 | J38: 5 | K38: 6 | L38: 6 | M38: 95 | O38: =IFERROR(VLOOKUP(N38,'Puntos XCC Menor'!$A$1:$B$15,2,FALSE),0) -> 0 | Q38: =IFERROR(VLOOKUP(P38,'Puntos XCO'!$A$1:$B$63,2,FALSE),0) -> 0 | R38: 0 | S38: =IFERROR(VLOOKUP(R38,'Puntos XCC Menor'!$A$1:$B$15,2,FALSE),0) -> 0 | T38: 0 | U38: =IFERROR(VLOOKUP(T38,'Puntos XCO'!$A$1:$B$63,2,FALSE),0) -> 0 | V38: =IFERROR(VLOOKUP(C38,RESXCC_1,9,FALSE),0) -> 0 | W38: =IFERROR(VLOOKUP(V38,'Puntos XCC Mayor'!$A$1:$B$15,2,FALSE),0) -> 0 | X38: =IFERROR(VLOOKUP(C38,RESXCO,9,FALSE),0) -> 0 | Y38: =IFERROR(VLOOKUP(X38,'Puntos XCO'!$A$1:$B$63,2,FALSE),0) -> 0 | Z38: =G38+I38+K38+M38+O38+Q38+S38+U38+W38+Y38 -> 178
A39: 25 | B39: 29 | C39: 162 | D39: QUESADA Jerald Jesus* | E39: CCDRESCAZU | F39: 33 | G39: 0 | H39: 23 | I39: 52 | J39: 41 | K39: 0 | L39: 42 | M39: 22 | O39: =IFERROR(VLOOKUP(N39,'Puntos XCC Menor'!$A$1:$B$15,2,FALSE),0) -> 0 | Q39: =IFERROR(VLOOKUP(P39,'Puntos XCO'!$A$1:$B$63,2,FALSE),0) -> 0 | R39: 22 | S39: =IFERROR(VLOOKUP(R39,'Puntos XCC Menor'!$A$1:$B$15,2,FALSE),0) -> 0 | T39: 22 | U39: =IFERROR(VLOOKUP(T39,'Puntos XCO'!$A$1:$B$63,2,FALSE),0) -> 54 | V39: =IFERROR(VLOOKUP(C39,RESXCC_1,9,FALSE),0) -> 28 | W39: =IFERROR(VLOOKUP(V39,'Puntos XCC Mayor'!$A$1:$B$15,2,FALSE),0) -> 0 | X39: =IFERROR(VLOOKUP(C39,RESXCO,9,FALSE),0) -> 27 | Y39: =IFERROR(VLOOKUP(X39,'Puntos XCO'!$A$1:$B$63,2,FALSE),0) -> 44 | Z39: =G39+I39+K39+M39+O39+Q39+S39+U39+W39+Y39 -> 172
A40: 26 | B40: 34 | C40: 166 | D40: GAMBOA Elian* | E40: CCDR PARAÍSO | F40: 32 | G40: 0 | H40: 32 | I40: 34 | J40: 17 | K40: 0 | L40: 13 | M40: 72 | O40: =IFERROR(VLOOKUP(N40,'Puntos XCC Menor'!$A$1:$B$15,2,FALSE),0) -> 0 | Q40: =IFERROR(VLOOKUP(P40,'Puntos XCO'!$A$1:$B$63,2,FALSE),0) -> 0 | R40: 0 | S40: =IFERROR(VLOOKUP(R40,'Puntos XCC Menor'!$A$1:$B$15,2,FALSE),0) -> 0 | T40: 0 | U40: =IFERROR(VLOOKUP(T40,'Puntos XCO'!$A$1:$B$63,2,FALSE),0) -> 0 | V40: =IFERROR(VLOOKUP(C40,RESXCC_1,9,FALSE),0) -> 23 | W40: =IFERROR(VLOOKUP(V40,'Puntos XCC Mayor'!$A$1:$B$15,2,FALSE),0) -> 0 | X40: =IFERROR(VLOOKUP(C40,RESXCO,9,FALSE),0) -> 19 | Y40: =IFERROR(VLOOKUP(X40,'Puntos XCO'!$A$1:$B$63,2,FALSE),0) -> 60 | Z40: =G40+I40+K40+M40+O40+Q40+S40+U40+W40+Y40 -> 166
A41: 27 | B41: 21 | C41: 125 | D41: CAMPOS Emmanuel* | E41: CCDR DE NARANJO | J41: 37 | K41: 0 | L41: 40 | M41: 24 | O41: =IFERROR(VLOOKUP(N41,'Puntos XCC Menor'!$A$1:$B$15,2,FALSE),0) -> 0 | P41: 18 | Q41: =IFERROR(VLOOKUP(P41,'Puntos XCO'!$A$1:$B$63,2,FALSE),0) -> 62 | R41: 0 | S41: =IFERROR(VLOOKUP(R41,'Puntos XCC Menor'!$A$1:$B$15,2,FALSE),0) -> 0 | T41: 10 | U41: =IFERROR(VLOOKUP(T41,'Puntos XCO'!$A$1:$B$63,2,FALSE),0) -> 78 | V41: =IFERROR(VLOOKUP(C41,RESXCC_1,9,FALSE),0) -> 0 | W41: =IFERROR(VLOOKUP(V41,'Puntos XCC Mayor'!$A$1:$B$15,2,FALSE),0) -> 0 | X41: =IFERROR(VLOOKUP(C41,RESXCO,9,FALSE),0) -> 0 | Y41: =IFERROR(VLOOKUP(X41,'Puntos XCO'!$A$1:$B$63,2,FALSE),0) -> 0 | Z41: =G41+I41+K41+M41+O41+Q41+S41+U41+W41+Y41 -> 164
A42: 28 | B42: 22 | C42: 115 | D42: BOLAÑOS Jean Carlo | E42: CICLISMO BELÉN/ TEAM BIKE CENTER | J42: 14 | K42: 0 | L42: 7 | M42: 90 | O42: =IFERROR(VLOOKUP(N42,'Puntos XCC Menor'!$A$1:$B$15,2,FALSE),0) -> 0 | P42: 13 | Q42: =IFERROR(VLOOKUP(P42,'Puntos XCO'!$A$1:$B$63,2,FALSE),0) -> 72 | R42: 0 | S42: =IFERROR(VLOOKUP(R42,'Puntos XCC Menor'!$A$1:$B$15,2,FALSE),0) -> 0 | T42: 0 | U42: =IFERROR(VLOOKUP(T42,'Puntos XCO'!$A$1:$B$63,2,FALSE),0) -> 0 | V42: =IFERROR(VLOOKUP(C42,RESXCC_1,9,FALSE),0) -> 0 | W42: =IFERROR(VLOOKUP(V42,'Puntos XCC Mayor'!$A$1:$B$15,2,FALSE),0) -> 0 | X42: =IFERROR(VLOOKUP(C42,RESXCO,9,FALSE),0) -> 0 | Y42: =IFERROR(VLOOKUP(X42,'Puntos XCO'!$A$1:$B$63,2,FALSE),0) -> 0 | Z42: =G42+I42+K42+M42+O42+Q42+S42+U42+W42+Y42 -> 162
A43: 29 | B43: 39 | C43: 118 | D43: RODRIGUEZ Jose Pablo* | E43: CICLISMO BELÉN | F43: 15 | G43: 0 | H43: 35 | I43: 29 | J43: 36 | K43: 0 | L43: 20 | M43: 58 | O43: =IFERROR(VLOOKUP(N43,'Puntos XCC Menor'!$A$1:$B$15,2,FALSE),0) -> 0 | Q43: =IFERROR(VLOOKUP(P43,'Puntos XCO'!$A$1:$B$63,2,FALSE),0) -> 0 | R43: 0 | S43: =IFERROR(VLOOKUP(R43,'Puntos XCC Menor'!$A$1:$B$15,2,FALSE),0) -> 0 | T43: 0 | U43: =IFERROR(VLOOKUP(T43,'Puntos XCO'!$A$1:$B$63,2,FALSE),0) -> 0 | V43: =IFERROR(VLOOKUP(C43,RESXCC_1,9,FALSE),0) -> 17 | W43: =IFERROR(VLOOKUP(V43,'Puntos XCC Mayor'!$A$1:$B$15,2,FALSE),0) -> 0 | X43: =IFERROR(VLOOKUP(C43,RESXCO,9,FALSE),0) -> 14 | Y43: =IFERROR(VLOOKUP(X43,'Puntos XCO'!$A$1:$B$63,2,FALSE),0) -> 70 | Z43: =G43+I43+K43+M43+O43+Q43+S43+U43+W43+Y43 -> 157
A44: 30 | B44: 37 | C44: 147 | D44: CORRALES Isaac | E44: SCOTT SHIMANO CYCLING TEAM | F44: 35 | G44: 0 | H44: 24 | I44: 50 | J44: 31 | K44: 0 | L44: 29 | M44: 40 | O44: =IFERROR(VLOOKUP(N44,'Puntos XCC Menor'!$A$1:$B$15,2,FALSE),0) -> 0 | Q44: =IFERROR(VLOOKUP(P44,'Puntos XCO'!$A$1:$B$63,2,FALSE),0) -> 0 | R44: 12 | S44: =IFERROR(VLOOKUP(R44,'Puntos XCC Menor'!$A$1:$B$15,2,FALSE),0) -> 0 | T44: 0 | U44: =IFERROR(VLOOKUP(T44,'Puntos XCO'!$A$1:$B$63,2,FALSE),0) -> 0 | V44: =IFERROR(VLOOKUP(C44,RESXCC_1,9,FALSE),0) -> 19 | W44: =IFERROR(VLOOKUP(V44,'Puntos XCC Mayor'!$A$1:$B$15,2,FALSE),0) -> 0 | X44: =IFERROR(VLOOKUP(C44,RESXCO,9,FALSE),0) -> 17 | Y44: =IFERROR(VLOOKUP(X44,'Puntos XCO'!$A$1:$B$63,2,FALSE),0) -> 64 | Z44: =G44+I44+K44+M44+O44+Q44+S44+U44+W44+Y44 -> 154
A45: 31 | B45: 25 | D45: AGUILAR Mauro | E45: CCDR PARAÍSO | F45: 6 | G45: 5 | H45: 9 | I45: 80 | J45: 18 | K45: 0 | L45: 18 | M45: 62 | O45: =IFERROR(VLOOKUP(N45,'Puntos XCC Menor'!$A$1:$B$15,2,FALSE),0) -> 0 | Q45: =IFERROR(VLOOKUP(P45,'Puntos XCO'!$A$1:$B$63,2,FALSE),0) -> 0 | R45: 0 | S45: =IFERROR(VLOOKUP(R45,'Puntos XCC Menor'!$A$1:$B$15,2,FALSE),0) -> 0 | T45: 0 | U45: =IFERROR(VLOOKUP(T45,'Puntos XCO'!$A$1:$B$63,2,FALSE),0) -> 0 | V45: =IFERROR(VLOOKUP(C45,RESXCC_1,9,FALSE),0) -> 0 | W45: =IFERROR(VLOOKUP(V45,'Puntos XCC Mayor'!$A$1:$B$15,2,FALSE),0) -> 0 | X45: =IFERROR(VLOOKUP(C45,RESXCO,9,FALSE),0) -> 0 | Y45: =IFERROR(VLOOKUP(X45,'Puntos XCO'!$A$1:$B$63,2,FALSE),0) -> 0 | Z45: =G45+I45+K45+M45+O45+Q45+S45+U45+W45+Y45 -> 147
A46: 32 | B46: 26 | C46: 131 | D46: BARBOZA Mathias * | E46: CDR CERVANTES | F46: 10 | G46: 1 | H46: 6 | I46: 95 | J46: 0 | K46: 0 | L46: 24 | M46: 50 | O46: =IFERROR(VLOOKUP(N46,'Puntos XCC Menor'!$A$1:$B$15,2,FALSE),0) -> 0 | Q46: =IFERROR(VLOOKUP(P46,'Puntos XCO'!$A$1:$B$63,2,FALSE),0) -> 0 | R46: 0 | S46: =IFERROR(VLOOKUP(R46,'Puntos XCC Menor'!$A$1:$B$15,2,FALSE),0) -> 0 | T46: 0 | U46: =IFERROR(VLOOKUP(T46,'Puntos XCO'!$A$1:$B$63,2,FALSE),0) -> 0 | V46: =IFERROR(VLOOKUP(C46,RESXCC_1,9,FALSE),0) -> 0 | W46: =IFERROR(VLOOKUP(V46,'Puntos XCC Mayor'!$A$1:$B$15,2,FALSE),0) -> 0 | X46: =IFERROR(VLOOKUP(C46,RESXCO,9,FALSE),0) -> 0 | Y46: =IFERROR(VLOOKUP(X46,'Puntos XCO'!$A$1:$B$63,2,FALSE),0) -> 0 | Z46: =G46+I46+K46+M46+O46+Q46+S46+U46+W46+Y46 -> 146
A47: 33 | B47: 35 | C47: 161 | D47: THOMAS Dominick * | E47: CCDR DESAMPARADOS BIKE CAFÉ | F47: 18 | G47: 0 | H47: 20 | I47: 58 | J47: 24 | K47: 0 | L47: 30 | M47: 38 | O47: =IFERROR(VLOOKUP(N47,'Puntos XCC Menor'!$A$1:$B$15,2,FALSE),0) -> 0 | Q47: =IFERROR(VLOOKUP(P47,'Puntos XCO'!$A$1:$B$63,2,FALSE),0) -> 0 | R47: 18 | S47: =IFERROR(VLOOKUP(R47,'Puntos XCC Menor'!$A$1:$B$15,2,FALSE),0) -> 0 | T47: 0 | U47: =IFERROR(VLOOKUP(T47,'Puntos XCO'!$A$1:$B$63,2,FALSE),0) -> 0 | V47: =IFERROR(VLOOKUP(C47,RESXCC_1,9,FALSE),0) -> 21 | W47: =IFERROR(VLOOKUP(V47,'Puntos XCC Mayor'!$A$1:$B$15,2,FALSE),0) -> 0 | X47: =IFERROR(VLOOKUP(C47,RESXCO,9,FALSE),0) -> 24 | Y47: =IFERROR(VLOOKUP(X47,'Puntos XCO'!$A$1:$B$63,2,FALSE),0) -> 50 | Z47: =G47+I47+K47+M47+O47+Q47+S47+U47+W47+Y47 -> 146
A48: 34 | B48: 28 | D48: JIMÉNEZ Samuel | E48: DESAMPARADOS BIKI CAFÉ | F48: 34 | G48: 0 | H48: 15 | I48: 68 | J48: 13 | K48: 0 | L48: 14 | M48: 70 | O48: =IFERROR(VLOOKUP(N48,'Puntos XCC Menor'!$A$1:$B$15,2,FALSE),0) -> 0 | Q48: =IFERROR(VLOOKUP(P48,'Puntos XCO'!$A$1:$B$63,2,FALSE),0) -> 0 | R48: 0 | S48: =IFERROR(VLOOKUP(R48,'Puntos XCC Menor'!$A$1:$B$15,2,FALSE),0) -> 0 | T48: 0 | U48: =IFERROR(VLOOKUP(T48,'Puntos XCO'!$A$1:$B$63,2,FALSE),0) -> 0 | V48: =IFERROR(VLOOKUP(C48,RESXCC_1,9,FALSE),0) -> 0 | W48: =IFERROR(VLOOKUP(V48,'Puntos XCC Mayor'!$A$1:$B$15,2,FALSE),0) -> 0 | X48: =IFERROR(VLOOKUP(C48,RESXCO,9,FALSE),0) -> 0 | Y48: =IFERROR(VLOOKUP(X48,'Puntos XCO'!$A$1:$B$63,2,FALSE),0) -> 0 | Z48: =G48+I48+K48+M48+O48+Q48+S48+U48+W48+Y48 -> 138
A49: 35 | B49: 30 | C49: 130 | D49: LEIVA Jean Carlo * | E49: CDR CERVANTES | F49: 26 | G49: 0 | H49: 7 | I49: 90 | J49: 0 | K49: 0 | L49: 31 | M49: 36 | O49: =IFERROR(VLOOKUP(N49,'Puntos XCC Menor'!$A$1:$B$15,2,FALSE),0) -> 0 | Q49: =IFERROR(VLOOKUP(P49,'Puntos XCO'!$A$1:$B$63,2,FALSE),0) -> 0 | R49: 0 | S49: =IFERROR(VLOOKUP(R49,'Puntos XCC Menor'!$A$1:$B$15,2,FALSE),0) -> 0 | T49: 0 | U49: =IFERROR(VLOOKUP(T49,'Puntos XCO'!$A$1:$B$63,2,FALSE),0) -> 0 | V49: =IFERROR(VLOOKUP(C49,RESXCC_1,9,FALSE),0) -> 0 | W49: =IFERROR(VLOOKUP(V49,'Puntos XCC Mayor'!$A$1:$B$15,2,FALSE),0) -> 0 | X49: =IFERROR(VLOOKUP(C49,RESXCO,9,FALSE),0) -> 0 | Y49: =IFERROR(VLOOKUP(X49,'Puntos XCO'!$A$1:$B$63,2,FALSE),0) -> 0 | Z49: =G49+I49+K49+M49+O49+Q49+S49+U49+W49+Y49 -> 126
A50: 36 | B50: 32 | C50: 102 | D50: DE JESÚS Yandel | E50: SPORTSCIENCE RACING & DEVELOPMENT TEAM | O50: =IFERROR(VLOOKUP(N50,'Puntos XCC Menor'!$A$1:$B$15,2,FALSE),0) -> 0 | P50: 3 | Q50: =IFERROR(VLOOKUP(P50,'Puntos XCO'!$A$1:$B$63,2,FALSE),0) -> 120 | R50: 0 | S50: =IFERROR(VLOOKUP(R50,'Puntos XCC Menor'!$A$1:$B$15,2,FALSE),0) -> 0 | T50: 0 | U50: =IFERROR(VLOOKUP(T50,'Puntos XCO'!$A$1:$B$63,2,FALSE),0) -> 0 | V50: =IFERROR(VLOOKUP(C50,RESXCC_1,9,FALSE),0) -> 0 | W50: =IFERROR(VLOOKUP(V50,'Puntos XCC Mayor'!$A$1:$B$15,2,FALSE),0) -> 0 | X50: =IFERROR(VLOOKUP(C50,RESXCO,9,FALSE),0) -> 0 | Y50: =IFERROR(VLOOKUP(X50,'Puntos XCO'!$A$1:$B$63,2,FALSE),0) -> 0 | Z50: =G50+I50+K50+M50+O50+Q50+S50+U50+W50+Y50 -> 120
A51: 37 | B51: 33 | D51: PIEDRA Fabián* | E51: CCDR DESAMPARADOS | F51: 31 | G51: 0 | H51: 25 | I51: 48 | J51: 21 | K51: 0 | L51: 15 | M51: 68 | O51: =IFERROR(VLOOKUP(N51,'Puntos XCC Menor'!$A$1:$B$15,2,FALSE),0) -> 0 | Q51: =IFERROR(VLOOKUP(P51,'Puntos XCO'!$A$1:$B$63,2,FALSE),0) -> 0 | R51: 0 | S51: =IFERROR(VLOOKUP(R51,'Puntos XCC Menor'!$A$1:$B$15,2,FALSE),0) -> 0 | T51: 0 | U51: =IFERROR(VLOOKUP(T51,'Puntos XCO'!$A$1:$B$63,2,FALSE),0) -> 0 | V51: =IFERROR(VLOOKUP(C51,RESXCC_1,9,FALSE),0) -> 0 | W51: =IFERROR(VLOOKUP(V51,'Puntos XCC Mayor'!$A$1:$B$15,2,FALSE),0) -> 0 | X51: =IFERROR(VLOOKUP(C51,RESXCO,9,FALSE),0) -> 0 | Y51: =IFERROR(VLOOKUP(X51,'Puntos XCO'!$A$1:$B$63,2,FALSE),0) -> 0 | Z51: =G51+I51+K51+M51+O51+Q51+S51+U51+W51+Y51 -> 116
A52: 38 | C52: 171 | D52: =VLOOKUP(C52,PLANILLA,2,FALSE) -> MORA Jeferson* | E52: =VLOOKUP(C52,PLANILLA,4,FALSE) -> PZ CYCLING TEAM | V52: =IFERROR(VLOOKUP(C52,RESXCC_1,9,FALSE),0) -> 4 | W52: =IFERROR(VLOOKUP(V52,'Puntos XCC Mayor'!$A$1:$B$15,2,FALSE),0) -> 14 | X52: =IFERROR(VLOOKUP(C52,RESXCO,9,FALSE),0) -> 7 | Y52: =IFERROR(VLOOKUP(X52,'Puntos XCO'!$A$1:$B$63,2,FALSE),0) -> 90 | Z52: =G52+I52+K52+M52+O52+Q52+S52+U52+W52+Y52 -> 104
A53: 39 | B53: 47 | C53: 168 | D53: FERNANDEZ Jose Eduardo | E53: CCDR TURRIALBA | F53: 25 | G53: 0 | H53: 22 | I53: 54 | J53: 0 | K53: 0 | L53: 0 | M53: 0 | O53: =IFERROR(VLOOKUP(N53,'Puntos XCC Menor'!$A$1:$B$15,2,FALSE),0) -> 0 | Q53: =IFERROR(VLOOKUP(P53,'Puntos XCO'!$A$1:$B$63,2,FALSE),0) -> 0 | R53: 0 | S53: =IFERROR(VLOOKUP(R53,'Puntos XCC Menor'!$A$1:$B$15,2,FALSE),0) -> 0 | T53: 0 | U53: =IFERROR(VLOOKUP(T53,'Puntos XCO'!$A$1:$B$63,2,FALSE),0) -> 0 | V53: =IFERROR(VLOOKUP(C53,RESXCC_1,9,FALSE),0) -> 24 | W53: =IFERROR(VLOOKUP(V53,'Puntos XCC Mayor'!$A$1:$B$15,2,FALSE),0) -> 0 | X53: =IFERROR(VLOOKUP(C53,RESXCO,9,FALSE),0) -> 25 | Y53: =IFERROR(VLOOKUP(X53,'Puntos XCO'!$A$1:$B$63,2,FALSE),0) -> 48 | Z53: =G53+I53+K53+M53+O53+Q53+S53+U53+W53+Y53 -> 102
A54: 40 | B54: 36 | C54: 111 | D54: QUINTO Gabriel Jheremi* | E54: GIANT PERÚ SIN FRONTERAS | O54: =IFERROR(VLOOKUP(N54,'Puntos XCC Menor'!$A$1:$B$15,2,FALSE),0) -> 0 | P54: 7 | Q54: =IFERROR(VLOOKUP(P54,'Puntos XCO'!$A$1:$B$63,2,FALSE),0) -> 90 | R54: 0 | S54: =IFERROR(VLOOKUP(R54,'Puntos XCC Menor'!$A$1:$B$15,2,FALSE),0) -> 0 | T54: 0 | U54: =IFERROR(VLOOKUP(T54,'Puntos XCO'!$A$1:$B$63,2,FALSE),0) -> 0 | V54: =IFERROR(VLOOKUP(C54,RESXCC_1,9,FALSE),0) -> 0 | W54: =IFERROR(VLOOKUP(V54,'Puntos XCC Mayor'!$A$1:$B$15,2,FALSE),0) -> 0 | X54: =IFERROR(VLOOKUP(C54,RESXCO,9,FALSE),0) -> 0 | Y54: =IFERROR(VLOOKUP(X54,'Puntos XCO'!$A$1:$B$63,2,FALSE),0) -> 0 | Z54: =G54+I54+K54+M54+O54+Q54+S54+U54+W54+Y54 -> 90
A55: 41 | B55: 38 | D55: PEÑA Anthony* | E55: CICLISMO BELÉN | F55: 37 | G55: 0 | H55: 26 | I55: 46 | J55: 32 | K55: 0 | L55: 28 | M55: 42 | O55: =IFERROR(VLOOKUP(N55,'Puntos XCC Menor'!$A$1:$B$15,2,FALSE),0) -> 0 | Q55: =IFERROR(VLOOKUP(P55,'Puntos XCO'!$A$1:$B$63,2,FALSE),0) -> 0 | R55: 0 | S55: =IFERROR(VLOOKUP(R55,'Puntos XCC Menor'!$A$1:$B$15,2,FALSE),0) -> 0 | T55: 0 | U55: =IFERROR(VLOOKUP(T55,'Puntos XCO'!$A$1:$B$63,2,FALSE),0) -> 0 | V55: =IFERROR(VLOOKUP(C55,RESXCC_1,9,FALSE),0) -> 0 | W55: =IFERROR(VLOOKUP(V55,'Puntos XCC Mayor'!$A$1:$B$15,2,FALSE),0) -> 0 | X55: =IFERROR(VLOOKUP(C55,RESXCO,9,FALSE),0) -> 0 | Y55: =IFERROR(VLOOKUP(X55,'Puntos XCO'!$A$1:$B$63,2,FALSE),0) -> 0 | Z55: =G55+I55+K55+M55+O55+Q55+S55+U55+W55+Y55 -> 88
A56: 42 | B56: 40 | C56: 117 | D56: O'NEAL Kypton* | E56: DONOVAN RACING | O56: =IFERROR(VLOOKUP(N56,'Puntos XCC Menor'!$A$1:$B$15,2,FALSE),0) -> 0 | P56: 8 | Q56: =IFERROR(VLOOKUP(P56,'Puntos XCO'!$A$1:$B$63,2,FALSE),0) -> 85 | R56: 0 | S56: =IFERROR(VLOOKUP(R56,'Puntos XCC Menor'!$A$1:$B$15,2,FALSE),0) -> 0 | T56: 0 | U56: =IFERROR(VLOOKUP(T56,'Puntos XCO'!$A$1:$B$63,2,FALSE),0) -> 0 | V56: =IFERROR(VLOOKUP(C56,RESXCC_1,9,FALSE),0) -> 0 | W56: =IFERROR(VLOOKUP(V56,'Puntos XCC Mayor'!$A$1:$B$15,2,FALSE),0) -> 0 | X56: =IFERROR(VLOOKUP(C56,RESXCO,9,FALSE),0) -> 0 | Y56: =IFERROR(VLOOKUP(X56,'Puntos XCO'!$A$1:$B$63,2,FALSE),0) -> 0 | Z56: =G56+I56+K56+M56+O56+Q56+S56+U56+W56+Y56 -> 85
A57: 43 | B57: 41 | D57: CHINCHILLA Yeilan | E57: CCDR PARAÍSO | F57: 14 | G57: 0 | H57: 8 | I57: 85 | J57: 0 | K57: 0 | L57: 0 | M57: 0 | O57: =IFERROR(VLOOKUP(N57,'Puntos XCC Menor'!$A$1:$B$15,2,FALSE),0) -> 0 | Q57: =IFERROR(VLOOKUP(P57,'Puntos XCO'!$A$1:$B$63,2,FALSE),0) -> 0 | R57: 0 | S57: =IFERROR(VLOOKUP(R57,'Puntos XCC Menor'!$A$1:$B$15,2,FALSE),0) -> 0 | T57: 0 | U57: =IFERROR(VLOOKUP(T57,'Puntos XCO'!$A$1:$B$63,2,FALSE),0) -> 0 | V57: =IFERROR(VLOOKUP(C57,RESXCC_1,9,FALSE),0) -> 0 | W57: =IFERROR(VLOOKUP(V57,'Puntos XCC Mayor'!$A$1:$B$15,2,FALSE),0) -> 0 | X57: =IFERROR(VLOOKUP(C57,RESXCO,9,FALSE),0) -> 0 | Y57: =IFERROR(VLOOKUP(X57,'Puntos XCO'!$A$1:$B$63,2,FALSE),0) -> 0 | Z57: =G57+I57+K57+M57+O57+Q57+S57+U57+W57+Y57 -> 85
A58: 44 | B58: 51 | C58: 124 | D58: PORRAS Santiago* | E58: CICLISMO BELÉN | F58: 36 | G58: 0 | H58: 0 | I58: 0 | J58: 35 | K58: 0 | L58: 34 | M58: 30 | O58: =IFERROR(VLOOKUP(N58,'Puntos XCC Menor'!$A$1:$B$15,2,FALSE),0) -> 0 | Q58: =IFERROR(VLOOKUP(P58,'Puntos XCO'!$A$1:$B$63,2,FALSE),0) -> 0 | R58: 0 | S58: =IFERROR(VLOOKUP(R58,'Puntos XCC Menor'!$A$1:$B$15,2,FALSE),0) -> 0 | T58: 0 | U58: =IFERROR(VLOOKUP(T58,'Puntos XCO'!$A$1:$B$63,2,FALSE),0) -> 0 | V58: =IFERROR(VLOOKUP(C58,RESXCC_1,9,FALSE),0) -> 20 | W58: =IFERROR(VLOOKUP(V58,'Puntos XCC Mayor'!$A$1:$B$15,2,FALSE),0) -> 0 | X58: =IFERROR(VLOOKUP(C58,RESXCO,9,FALSE),0) -> 22 | Y58: =IFERROR(VLOOKUP(X58,'Puntos XCO'!$A$1:$B$63,2,FALSE),0) -> 54 | Z58: =G58+I58+K58+M58+O58+Q58+S58+U58+W58+Y58 -> 84
A59: 45 | B59: 42 | C59: 123 | D59: DICKENS Matthew* | E59: DIRT CAMP RACING | O59: =IFERROR(VLOOKUP(N59,'Puntos XCC Menor'!$A$1:$B$15,2,FALSE),0) -> 0 | P59: 10 | Q59: =IFERROR(VLOOKUP(P59,'Puntos XCO'!$A$1:$B$63,2,FALSE),0) -> 78 | R59: 0 | S59: =IFERROR(VLOOKUP(R59,'Puntos XCC Menor'!$A$1:$B$15,2,FALSE),0) -> 0 | T59: 0 | U59: =IFERROR(VLOOKUP(T59,'Puntos XCO'!$A$1:$B$63,2,FALSE),0) -> 0 | V59: =IFERROR(VLOOKUP(C59,RESXCC_1,9,FALSE),0) -> 0 | W59: =IFERROR(VLOOKUP(V59,'Puntos XCC Mayor'!$A$1:$B$15,2,FALSE),0) -> 0 | X59: =IFERROR(VLOOKUP(C59,RESXCO,9,FALSE),0) -> 0 | Y59: =IFERROR(VLOOKUP(X59,'Puntos XCO'!$A$1:$B$63,2,FALSE),0) -> 0 | Z59: =G59+I59+K59+M59+O59+Q59+S59+U59+W59+Y59 -> 78
A60: 46 | C60: 170 | D60: =VLOOKUP(C60,PLANILLA,2,FALSE) -> PEREIRA Keiner* | E60: =VLOOKUP(C60,PLANILLA,4,FALSE) -> TEAM TIERNITICOS-ELKY FERRETERÍA BIORACER | V60: =IFERROR(VLOOKUP(C60,RESXCC_1,9,FALSE),0) -> 18 | W60: =IFERROR(VLOOKUP(V60,'Puntos XCC Mayor'!$A$1:$B$15,2,FALSE),0) -> 0 | X60: =IFERROR(VLOOKUP(C60,RESXCO,9,FALSE),0) -> 16 | Y60: =IFERROR(VLOOKUP(X60,'Puntos XCO'!$A$1:$B$63,2,FALSE),0) -> 66 | Z60: =G60+I60+K60+M60+O60+Q60+S60+U60+W60+Y60 -> 66
A61: 47 | B61: 43 | C61: 167 | D61: RODRIGUEZ Lenny Jeffrey | E61: CCDR DESAMPARADOS BIKE CAFÉ | F61: 39 | G61: 0 | H61: 33 | I61: 32 | J61: 43 | K61: 0 | L61: 35 | M61: 29 | O61: =IFERROR(VLOOKUP(N61,'Puntos XCC Menor'!$A$1:$B$15,2,FALSE),0) -> 0 | Q61: =IFERROR(VLOOKUP(P61,'Puntos XCO'!$A$1:$B$63,2,FALSE),0) -> 0 | R61: 0 | S61: =IFERROR(VLOOKUP(R61,'Puntos XCC Menor'!$A$1:$B$15,2,FALSE),0) -> 0 | T61: 0 | U61: =IFERROR(VLOOKUP(T61,'Puntos XCO'!$A$1:$B$63,2,FALSE),0) -> 0 | V61: =IFERROR(VLOOKUP(C61,RESXCC_1,9,FALSE),0) -> 30 | W61: =IFERROR(VLOOKUP(V61,'Puntos XCC Mayor'!$A$1:$B$15,2,FALSE),0) -> 0 | X61: =IFERROR(VLOOKUP(C61,RESXCO,9,FALSE),0) -> 0 | Y61: =IFERROR(VLOOKUP(X61,'Puntos XCO'!$A$1:$B$63,2,FALSE),0) -> 0 | Z61: =G61+I61+K61+M61+O61+Q61+S61+U61+W61+Y61 -> 61
A62: 48 | B62: 44 | C62: 127 | D62: MARIN Sebastián* | E62: INDEPENDIENTE | O62: =IFERROR(VLOOKUP(N62,'Puntos XCC Menor'!$A$1:$B$15,2,FALSE),0) -> 0 | P62: 19 | Q62: =IFERROR(VLOOKUP(P62,'Puntos XCO'!$A$1:$B$63,2,FALSE),0) -> 60 | R62: 0 | S62: =IFERROR(VLOOKUP(R62,'Puntos XCC Menor'!$A$1:$B$15,2,FALSE),0) -> 0 | T62: 0 | U62: =IFERROR(VLOOKUP(T62,'Puntos XCO'!$A$1:$B$63,2,FALSE),0) -> 0 | V62: =IFERROR(VLOOKUP(C62,RESXCC_1,9,FALSE),0) -> 0 | W62: =IFERROR(VLOOKUP(V62,'Puntos XCC Mayor'!$A$1:$B$15,2,FALSE),0) -> 0 | X62: =IFERROR(VLOOKUP(C62,RESXCO,9,FALSE),0) -> 0 | Y62: =IFERROR(VLOOKUP(X62,'Puntos XCO'!$A$1:$B$63,2,FALSE),0) -> 0 | Z62: =G62+I62+K62+M62+O62+Q62+S62+U62+W62+Y62 -> 60
A63: 49 | B63: 45 | D63: SOLANO Dilan | E63: CCDR DESAMPARADOS BIKE CAFÉ | F63: 16 | G63: 0 | H63: 34 | I63: 30 | J63: 27 | K63: 0 | L63: 36 | M63: 28 | O63: =IFERROR(VLOOKUP(N63,'Puntos XCC Menor'!$A$1:$B$15,2,FALSE),0) -> 0 | Q63: =IFERROR(VLOOKUP(P63,'Puntos XCO'!$A$1:$B$63,2,FALSE),0) -> 0 | R63: 0 | S63: =IFERROR(VLOOKUP(R63,'Puntos XCC Menor'!$A$1:$B$15,2,FALSE),0) -> 0 | T63: 0 | U63: =IFERROR(VLOOKUP(T63,'Puntos XCO'!$A$1:$B$63,2,FALSE),0) -> 0 | V63: =IFERROR(VLOOKUP(C63,RESXCC_1,9,FALSE),0) -> 0 | W63: =IFERROR(VLOOKUP(V63,'Puntos XCC Mayor'!$A$1:$B$15,2,FALSE),0) -> 0 | X63: =IFERROR(VLOOKUP(C63,RESXCO,9,FALSE),0) -> 0 | Y63: =IFERROR(VLOOKUP(X63,'Puntos XCO'!$A$1:$B$63,2,FALSE),0) -> 0 | Z63: =G63+I63+K63+M63+O63+Q63+S63+U63+W63+Y63 -> 58
A64: 50 | B64: 46 | C64: 137 | D64: BRIONES Gedmelheintch* | E64: CCDR GUACIMO | F64: 40 | G64: 0 | H64: 30 | I64: 38 | J64: 45 | K64: 0 | L64: 45 | M64: 19 | O64: =IFERROR(VLOOKUP(N64,'Puntos XCC Menor'!$A$1:$B$15,2,FALSE),0) -> 0 | Q64: =IFERROR(VLOOKUP(P64,'Puntos XCO'!$A$1:$B$63,2,FALSE),0) -> 0 | R64: 0 | S64: =IFERROR(VLOOKUP(R64,'Puntos XCC Menor'!$A$1:$B$15,2,FALSE),0) -> 0 | T64: 0 | U64: =IFERROR(VLOOKUP(T64,'Puntos XCO'!$A$1:$B$63,2,FALSE),0) -> 0 | V64: =IFERROR(VLOOKUP(C64,RESXCC_1,9,FALSE),0) -> 0 | W64: =IFERROR(VLOOKUP(V64,'Puntos XCC Mayor'!$A$1:$B$15,2,FALSE),0) -> 0 | X64: =IFERROR(VLOOKUP(C64,RESXCO,9,FALSE),0) -> 0 | Y64: =IFERROR(VLOOKUP(X64,'Puntos XCO'!$A$1:$B$63,2,FALSE),0) -> 0 | Z64: =G64+I64+K64+M64+O64+Q64+S64+U64+W64+Y64 -> 57
A65: 51 | B65: 48 | C65: 138 | D65: RODRÍGUEZ Axel | E65: CCDR CARTAGO | F65: 27 | G65: 0 | H65: 27 | I65: 44 | J65: 0 | K65: 0 | L65: 0 | M65: 0 | O65: =IFERROR(VLOOKUP(N65,'Puntos XCC Menor'!$A$1:$B$15,2,FALSE),0) -> 0 | Q65: =IFERROR(VLOOKUP(P65,'Puntos XCO'!$A$1:$B$63,2,FALSE),0) -> 0 | R65: 0 | S65: =IFERROR(VLOOKUP(R65,'Puntos XCC Menor'!$A$1:$B$15,2,FALSE),0) -> 0 | T65: 0 | U65: =IFERROR(VLOOKUP(T65,'Puntos XCO'!$A$1:$B$63,2,FALSE),0) -> 0 | V65: =IFERROR(VLOOKUP(C65,RESXCC_1,9,FALSE),0) -> 0 | W65: =IFERROR(VLOOKUP(V65,'Puntos XCC Mayor'!$A$1:$B$15,2,FALSE),0) -> 0 | X65: =IFERROR(VLOOKUP(C65,RESXCO,9,FALSE),0) -> 0 | Y65: =IFERROR(VLOOKUP(X65,'Puntos XCO'!$A$1:$B$63,2,FALSE),0) -> 0 | Z65: =G65+I65+K65+M65+O65+Q65+S65+U65+W65+Y65 -> 44
A66: 52 | B66: 49 | C66: 129 | D66: JACKSON Bruce | E66: ACISA SARAPIQUI | F66: 38 | G66: 0 | H66: 28 | I66: 42 | J66: 0 | K66: 0 | L66: 0 | M66: 0 | O66: =IFERROR(VLOOKUP(N66,'Puntos XCC Menor'!$A$1:$B$15,2,FALSE),0) -> 0 | Q66: =IFERROR(VLOOKUP(P66,'Puntos XCO'!$A$1:$B$63,2,FALSE),0) -> 0 | R66: 0 | S66: =IFERROR(VLOOKUP(R66,'Puntos XCC Menor'!$A$1:$B$15,2,FALSE),0) -> 0 | T66: 0 | U66: =IFERROR(VLOOKUP(T66,'Puntos XCO'!$A$1:$B$63,2,FALSE),0) -> 0 | V66: =IFERROR(VLOOKUP(C66,RESXCC_1,9,FALSE),0) -> 0 | W66: =IFERROR(VLOOKUP(V66,'Puntos XCC Mayor'!$A$1:$B$15,2,FALSE),0) -> 0 | X66: =IFERROR(VLOOKUP(C66,RESXCO,9,FALSE),0) -> 0 | Y66: =IFERROR(VLOOKUP(X66,'Puntos XCO'!$A$1:$B$63,2,FALSE),0) -> 0 | Z66: =G66+I66+K66+M66+O66+Q66+S66+U66+W66+Y66 -> 42
A67: 53 | C67: 169 | D67: =VLOOKUP(C67,PLANILLA,2,FALSE) -> VARGAS Justin | E67: =VLOOKUP(C67,PLANILLA,4,FALSE) -> SOTO TRAINING -CCDR LIBERIA | V67: =IFERROR(VLOOKUP(C67,RESXCC_1,9,FALSE),0) -> 27 | W67: =IFERROR(VLOOKUP(V67,'Puntos XCC Mayor'!$A$1:$B$15,2,FALSE),0) -> 0 | X67: =IFERROR(VLOOKUP(C67,RESXCO,9,FALSE),0) -> 28 | Y67: =IFERROR(VLOOKUP(X67,'Puntos XCO'!$A$1:$B$63,2,FALSE),0) -> 42 | Z67: =G67+I67+K67+M67+O67+Q67+S67+U67+W67+Y67 -> 42
A68: 54 | C68: 165 | D68: =VLOOKUP(C68,PLANILLA,2,FALSE) -> GUILLEN Samuel | E68: =VLOOKUP(C68,PLANILLA,4,FALSE) -> CCDR SAN JOSE | R68: 21 | S68: =IFERROR(VLOOKUP(R68,'Puntos XCC Menor'!$A$1:$B$15,2,FALSE),0) -> 0 | T68: 0 | U68: =IFERROR(VLOOKUP(T68,'Puntos XCO'!$A$1:$B$63,2,FALSE),0) -> 0 | V68: =IFERROR(VLOOKUP(C68,RESXCC_1,9,FALSE),0) -> 0 | W68: =IFERROR(VLOOKUP(V68,'Puntos XCC Mayor'!$A$1:$B$15,2,FALSE),0) -> 0 | X68: =IFERROR(VLOOKUP(C68,RESXCO,9,FALSE),0) -> 29 | Y68: =IFERROR(VLOOKUP(X68,'Puntos XCO'!$A$1:$B$63,2,FALSE),0) -> 40 | Z68: =G68+I68+K68+M68+O68+Q68+S68+U68+W68+Y68 -> 40
A69: 55 | C69: 143 | D69: MARCHENA Ethan* | E69: CCDR SANTA CRUZ | F69: 0 | G69: 0 | H69: 0 | I69: 0 | J69: 0 | K69: 0 | L69: 0 | M69: 0 | O69: =IFERROR(VLOOKUP(N69,'Puntos XCC Menor'!$A$1:$B$15,2,FALSE),0) -> 0 | Q69: =IFERROR(VLOOKUP(P69,'Puntos XCO'!$A$1:$B$63,2,FALSE),0) -> 0 | R69: 0 | S69: =IFERROR(VLOOKUP(R69,'Puntos XCC Menor'!$A$1:$B$15,2,FALSE),0) -> 0 | T69: 0 | U69: =IFERROR(VLOOKUP(T69,'Puntos XCO'!$A$1:$B$63,2,FALSE),0) -> 0 | V69: =IFERROR(VLOOKUP(C69,RESXCC_1,9,FALSE),0) -> 26 | W69: =IFERROR(VLOOKUP(V69,'Puntos XCC Mayor'!$A$1:$B$15,2,FALSE),0) -> 0 | X69: =IFERROR(VLOOKUP(C69,RESXCO,9,FALSE),0) -> 30 | Y69: =IFERROR(VLOOKUP(X69,'Puntos XCO'!$A$1:$B$63,2,FALSE),0) -> 38 | Z69: =G69+I69+K69+M69+O69+Q69+S69+U69+W69+Y69 -> 38
A70: 56 | C70: 164 | D70: =VLOOKUP(C70,PLANILLA,2,FALSE) -> SÁNCHEZ Bruce | E70: =VLOOKUP(C70,PLANILLA,4,FALSE) -> ACISA SARAPIQUI | R70: 19 | S70: =IFERROR(VLOOKUP(R70,'Puntos XCC Menor'!$A$1:$B$15,2,FALSE),0) -> 0 | T70: 0 | U70: =IFERROR(VLOOKUP(T70,'Puntos XCO'!$A$1:$B$63,2,FALSE),0) -> 0 | V70: =IFERROR(VLOOKUP(C70,RESXCC_1,9,FALSE),0) -> 29 | W70: =IFERROR(VLOOKUP(V70,'Puntos XCC Mayor'!$A$1:$B$15,2,FALSE),0) -> 0 | X70: =IFERROR(VLOOKUP(C70,RESXCO,9,FALSE),0) -> 31 | Y70: =IFERROR(VLOOKUP(X70,'Puntos XCO'!$A$1:$B$63,2,FALSE),0) -> 36 | Z70: =G70+I70+K70+M70+O70+Q70+S70+U70+W70+Y70 -> 36
A71: 57 | B71: 50 | C71: 151 | D71: VASQUEZ Cristóbal* | E71: CODEA ALAJUELA | J71: 16 | K71: 0 | L71: 32 | M71: 34 | O71: =IFERROR(VLOOKUP(N71,'Puntos XCC Menor'!$A$1:$B$15,2,FALSE),0) -> 0 | Q71: =IFERROR(VLOOKUP(P71,'Puntos XCO'!$A$1:$B$63,2,FALSE),0) -> 0 | R71: 0 | S71: =IFERROR(VLOOKUP(R71,'Puntos XCC Menor'!$A$1:$B$15,2,FALSE),0) -> 0 | T71: 0 | U71: =IFERROR(VLOOKUP(T71,'Puntos XCO'!$A$1:$B$63,2,FALSE),0) -> 0 | V71: =IFERROR(VLOOKUP(C71,RESXCC_1,9,FALSE),0) -> 0 | W71: =IFERROR(VLOOKUP(V71,'Puntos XCC Mayor'!$A$1:$B$15,2,FALSE),0) -> 0 | X71: =IFERROR(VLOOKUP(C71,RESXCO,9,FALSE),0) -> 0 | Y71: =IFERROR(VLOOKUP(X71,'Puntos XCO'!$A$1:$B$63,2,FALSE),0) -> 0 | Z71: =G71+I71+K71+M71+O71+Q71+S71+U71+W71+Y71 -> 34
A72: 58 | B72: 52 | D72: WESTRA Seyo * | E72: CCDR PARAÍSO | F72: 0 | G72: 0 | H72: 0 | I72: 0 | J72: 42 | K72: 0 | L72: 37 | M72: 27 | O72: =IFERROR(VLOOKUP(N72,'Puntos XCC Menor'!$A$1:$B$15,2,FALSE),0) -> 0 | Q72: =IFERROR(VLOOKUP(P72,'Puntos XCO'!$A$1:$B$63,2,FALSE),0) -> 0 | R72: 0 | S72: =IFERROR(VLOOKUP(R72,'Puntos XCC Menor'!$A$1:$B$15,2,FALSE),0) -> 0 | T72: 0 | U72: =IFERROR(VLOOKUP(T72,'Puntos XCO'!$A$1:$B$63,2,FALSE),0) -> 0 | V72: =IFERROR(VLOOKUP(C72,RESXCC_1,9,FALSE),0) -> 0 | W72: =IFERROR(VLOOKUP(V72,'Puntos XCC Mayor'!$A$1:$B$15,2,FALSE),0) -> 0 | X72: =IFERROR(VLOOKUP(C72,RESXCO,9,FALSE),0) -> 0 | Y72: =IFERROR(VLOOKUP(X72,'Puntos XCO'!$A$1:$B$63,2,FALSE),0) -> 0 | Z72: =G72+I72+K72+M72+O72+Q72+S72+U72+W72+Y72 -> 27
A73: 59 | B73: 53 | C73: 149 | D73: LIRA Axel * | E73: DISTRIBUIDORA CRUZ TECNOCFORES CCDR POCOCI | J73: 40 | K73: 0 | L73: 38 | M73: 26 | O73: =IFERROR(VLOOKUP(N73,'Puntos XCC Menor'!$A$1:$B$15,2,FALSE),0) -> 0 | Q73: =IFERROR(VLOOKUP(P73,'Puntos XCO'!$A$1:$B$63,2,FALSE),0) -> 0 | R73: 0 | S73: =IFERROR(VLOOKUP(R73,'Puntos XCC Menor'!$A$1:$B$15,2,FALSE),0) -> 0 | T73: 0 | U73: =IFERROR(VLOOKUP(T73,'Puntos XCO'!$A$1:$B$63,2,FALSE),0) -> 0 | V73: =IFERROR(VLOOKUP(C73,RESXCC_1,9,FALSE),0) -> 0 | W73: =IFERROR(VLOOKUP(V73,'Puntos XCC Mayor'!$A$1:$B$15,2,FALSE),0) -> 0 | X73: =IFERROR(VLOOKUP(C73,RESXCO,9,FALSE),0) -> 0 | Y73: =IFERROR(VLOOKUP(X73,'Puntos XCO'!$A$1:$B$63,2,FALSE),0) -> 0 | Z73: =G73+I73+K73+M73+O73+Q73+S73+U73+W73+Y73 -> 26
A74: 60 | B74: 54 | C74: 155 | D74: VILLALOBOS Yohel* | E74: FERVISA LLISA BIOMED | J74: 0 | K74: 0 | L74: 39 | M74: 25 | O74: =IFERROR(VLOOKUP(N74,'Puntos XCC Menor'!$A$1:$B$15,2,FALSE),0) -> 0 | Q74: =IFERROR(VLOOKUP(P74,'Puntos XCO'!$A$1:$B$63,2,FALSE),0) -> 0 | R74: 0 | S74: =IFERROR(VLOOKUP(R74,'Puntos XCC Menor'!$A$1:$B$15,2,FALSE),0) -> 0 | T74: 0 | U74: =IFERROR(VLOOKUP(T74,'Puntos XCO'!$A$1:$B$63,2,FALSE),0) -> 0 | V74: =IFERROR(VLOOKUP(C74,RESXCC_1,9,FALSE),0) -> 0 | W74: =IFERROR(VLOOKUP(V74,'Puntos XCC Mayor'!$A$1:$B$15,2,FALSE),0) -> 0 | X74: =IFERROR(VLOOKUP(C74,RESXCO,9,FALSE),0) -> 0 | Y74: =IFERROR(VLOOKUP(X74,'Puntos XCO'!$A$1:$B$63,2,FALSE),0) -> 0 | Z74: =G74+I74+K74+M74+O74+Q74+S74+U74+W74+Y74 -> 25
A75: 61 | B75: 55 | C75: 156 | D75: GUZMAN Aaaron | E75: ACISA | J75: 34 | K75: 0 | L75: 41 | M75: 23 | O75: =IFERROR(VLOOKUP(N75,'Puntos XCC Menor'!$A$1:$B$15,2,FALSE),0) -> 0 | Q75: =IFERROR(VLOOKUP(P75,'Puntos XCO'!$A$1:$B$63,2,FALSE),0) -> 0 | R75: 0 | S75: =IFERROR(VLOOKUP(R75,'Puntos XCC Menor'!$A$1:$B$15,2,FALSE),0) -> 0 | T75: 0 | U75: =IFERROR(VLOOKUP(T75,'Puntos XCO'!$A$1:$B$63,2,FALSE),0) -> 0 | V75: =IFERROR(VLOOKUP(C75,RESXCC_1,9,FALSE),0) -> 0 | W75: =IFERROR(VLOOKUP(V75,'Puntos XCC Mayor'!$A$1:$B$15,2,FALSE),0) -> 0 | X75: =IFERROR(VLOOKUP(C75,RESXCO,9,FALSE),0) -> 0 | Y75: =IFERROR(VLOOKUP(X75,'Puntos XCO'!$A$1:$B$63,2,FALSE),0) -> 0 | Z75: =G75+I75+K75+M75+O75+Q75+S75+U75+W75+Y75 -> 23
A76: 62 | B76: 56 | C76: 152 | D76: MARTINEZ Alejandro* | E76: TURRIALBA | J76: 38 | K76: 0 | L76: 43 | M76: 21 | O76: =IFERROR(VLOOKUP(N76,'Puntos XCC Menor'!$A$1:$B$15,2,FALSE),0) -> 0 | Q76: =IFERROR(VLOOKUP(P76,'Puntos XCO'!$A$1:$B$63,2,FALSE),0) -> 0 | R76: 0 | S76: =IFERROR(VLOOKUP(R76,'Puntos XCC Menor'!$A$1:$B$15,2,FALSE),0) -> 0 | T76: 0 | U76: =IFERROR(VLOOKUP(T76,'Puntos XCO'!$A$1:$B$63,2,FALSE),0) -> 0 | V76: =IFERROR(VLOOKUP(C76,RESXCC_1,9,FALSE),0) -> 0 | W76: =IFERROR(VLOOKUP(V76,'Puntos XCC Mayor'!$A$1:$B$15,2,FALSE),0) -> 0 | X76: =IFERROR(VLOOKUP(C76,RESXCO,9,FALSE),0) -> 0 | Y76: =IFERROR(VLOOKUP(X76,'Puntos XCO'!$A$1:$B$63,2,FALSE),0) -> 0 | Z76: =G76+I76+K76+M76+O76+Q76+S76+U76+W76+Y76 -> 21
A77: 63 | B77: 57 | C77: 150 | D77: FERNÁNDEZ Caled* | E77: DISTRIBUIDORA CRUZ TECNOFORES CCDR POCOCÍ | J77: 44 | K77: 0 | L77: 44 | M77: 20 | O77: =IFERROR(VLOOKUP(N77,'Puntos XCC Menor'!$A$1:$B$15,2,FALSE),0) -> 0 | Q77: =IFERROR(VLOOKUP(P77,'Puntos XCO'!$A$1:$B$63,2,FALSE),0) -> 0 | R77: 0 | S77: =IFERROR(VLOOKUP(R77,'Puntos XCC Menor'!$A$1:$B$15,2,FALSE),0) -> 0 | T77: 0 | U77: =IFERROR(VLOOKUP(T77,'Puntos XCO'!$A$1:$B$63,2,FALSE),0) -> 0 | V77: =IFERROR(VLOOKUP(C77,RESXCC_1,9,FALSE),0) -> 0 | W77: =IFERROR(VLOOKUP(V77,'Puntos XCC Mayor'!$A$1:$B$15,2,FALSE),0) -> 0 | X77: =IFERROR(VLOOKUP(C77,RESXCO,9,FALSE),0) -> 0 | Y77: =IFERROR(VLOOKUP(X77,'Puntos XCO'!$A$1:$B$63,2,FALSE),0) -> 0 | Z77: =G77+I77+K77+M77+O77+Q77+S77+U77+W77+Y77 -> 20
A78: 64 | B78: 58 | D78: CASTILLO Edwan* | E78: ESC GUIDO BLANCO/CCDRL | F78: 30 | G78: 0 | H78: 0 | I78: 0 | J78: 29 | K78: 0 | L78: 46 | M78: 18 | O78: =IFERROR(VLOOKUP(N78,'Puntos XCC Menor'!$A$1:$B$15,2,FALSE),0) -> 0 | Q78: =IFERROR(VLOOKUP(P78,'Puntos XCO'!$A$1:$B$63,2,FALSE),0) -> 0 | R78: 0 | S78: =IFERROR(VLOOKUP(R78,'Puntos XCC Menor'!$A$1:$B$15,2,FALSE),0) -> 0 | T78: 0 | U78: =IFERROR(VLOOKUP(T78,'Puntos XCO'!$A$1:$B$63,2,FALSE),0) -> 0 | V78: =IFERROR(VLOOKUP(C78,RESXCC_1,9,FALSE),0) -> 0 | W78: =IFERROR(VLOOKUP(V78,'Puntos XCC Mayor'!$A$1:$B$15,2,FALSE),0) -> 0 | X78: =IFERROR(VLOOKUP(C78,RESXCO,9,FALSE),0) -> 0 | Y78: =IFERROR(VLOOKUP(X78,'Puntos XCO'!$A$1:$B$63,2,FALSE),0) -> 0 | Z78: =G78+I78+K78+M78+O78+Q78+S78+U78+W78+Y78 -> 18
A79: 65 | B79: 59 | D79: BERMUDEZ Diego Andres* | E79: SCOTT SHIMANO CYCLING TEAM | F79: 9 | G79: 2 | H79: 0 | I79: 0 | J79: 0 | K79: 0 | L79: 0 | M79: 0 | O79: =IFERROR(VLOOKUP(N79,'Puntos XCC Menor'!$A$1:$B$15,2,FALSE),0) -> 0 | Q79: =IFERROR(VLOOKUP(P79,'Puntos XCO'!$A$1:$B$63,2,FALSE),0) -> 0 | R79: 0 | S79: =IFERROR(VLOOKUP(R79,'Puntos XCC Menor'!$A$1:$B$15,2,FALSE),0) -> 0 | T79: 0 | U79: =IFERROR(VLOOKUP(T79,'Puntos XCO'!$A$1:$B$63,2,FALSE),0) -> 0 | V79: =IFERROR(VLOOKUP(C79,RESXCC_1,9,FALSE),0) -> 0 | W79: =IFERROR(VLOOKUP(V79,'Puntos XCC Mayor'!$A$1:$B$15,2,FALSE),0) -> 0 | X79: =IFERROR(VLOOKUP(C79,RESXCO,9,FALSE),0) -> 0 | Y79: =IFERROR(VLOOKUP(X79,'Puntos XCO'!$A$1:$B$63,2,FALSE),0) -> 0 | Z79: =G79+I79+K79+M79+O79+Q79+S79+U79+W79+Y79 -> 2
C80: 141 | D80: CORDERO Adriano* | E80: ACISA SARAPIQUI | F80: 0 | G80: 0 | H80: 0 | I80: 0 | J80: 0 | K80: 0 | L80: 0 | M80: 0 | O80: =IFERROR(VLOOKUP(N80,'Puntos XCC Menor'!$A$1:$B$15,2,FALSE),0) -> 0 | Q80: =IFERROR(VLOOKUP(P80,'Puntos XCO'!$A$1:$B$63,2,FALSE),0) -> 0 | R80: 0 | S80: =IFERROR(VLOOKUP(R80,'Puntos XCC Menor'!$A$1:$B$15,2,FALSE),0) -> 0 | T80: 0 | U80: =IFERROR(VLOOKUP(T80,'Puntos XCO'!$A$1:$B$63,2,FALSE),0) -> 0 | V80: =IFERROR(VLOOKUP(C80,RESXCC_1,9,FALSE),0) -> 0 | W80: =IFERROR(VLOOKUP(V80,'Puntos XCC Mayor'!$A$1:$B$15,2,FALSE),0) -> 0 | X80: =IFERROR(VLOOKUP(C80,RESXCO,9,FALSE),0) -> 0 | Y80: =IFERROR(VLOOKUP(X80,'Puntos XCO'!$A$1:$B$63,2,FALSE),0) -> 0 | Z80: =G80+I80+K80+M80+O80+Q80+S80+U80+W80+Y80 -> 0
C81: 153 | D81: GARRO Sergio* | E81: DISTRIBUIDORA CRUZ TECNOCFORES CCDR POCOCI | J81: 39 | K81: 0 | L81: 0 | M81: 0 | O81: =IFERROR(VLOOKUP(N81,'Puntos XCC Menor'!$A$1:$B$15,2,FALSE),0) -> 0 | Q81: =IFERROR(VLOOKUP(P81,'Puntos XCO'!$A$1:$B$63,2,FALSE),0) -> 0 | R81: 0 | S81: =IFERROR(VLOOKUP(R81,'Puntos XCC Menor'!$A$1:$B$15,2,FALSE),0) -> 0 | T81: 0 | U81: =IFERROR(VLOOKUP(T81,'Puntos XCO'!$A$1:$B$63,2,FALSE),0) -> 0 | V81: =IFERROR(VLOOKUP(C81,RESXCC_1,9,FALSE),0) -> 0 | W81: =IFERROR(VLOOKUP(V81,'Puntos XCC Mayor'!$A$1:$B$15,2,FALSE),0) -> 0 | X81: =IFERROR(VLOOKUP(C81,RESXCO,9,FALSE),0) -> 0 | Y81: =IFERROR(VLOOKUP(X81,'Puntos XCO'!$A$1:$B$63,2,FALSE),0) -> 0 | Z81: =G81+I81+K81+M81+O81+Q81+S81+U81+W81+Y81 -> 0
C82: 154 | D82: GAMBOA Yeirel* | E82: TEAM CRUZ DISTRIBUIDORA CRUZ CCDR POCOCI | J82: 26 | K82: 0 | L82: 0 | M82: 0 | O82: =IFERROR(VLOOKUP(N82,'Puntos XCC Menor'!$A$1:$B$15,2,FALSE),0) -> 0 | Q82: =IFERROR(VLOOKUP(P82,'Puntos XCO'!$A$1:$B$63,2,FALSE),0) -> 0 | R82: 0 | S82: =IFERROR(VLOOKUP(R82,'Puntos XCC Menor'!$A$1:$B$15,2,FALSE),0) -> 0 | T82: 0 | U82: =IFERROR(VLOOKUP(T82,'Puntos XCO'!$A$1:$B$63,2,FALSE),0) -> 0 | V82: =IFERROR(VLOOKUP(C82,RESXCC_1,9,FALSE),0) -> 0 | W82: =IFERROR(VLOOKUP(V82,'Puntos XCC Mayor'!$A$1:$B$15,2,FALSE),0) -> 0 | X82: =IFERROR(VLOOKUP(C82,RESXCO,9,FALSE),0) -> 0 | Y82: =IFERROR(VLOOKUP(X82,'Puntos XCO'!$A$1:$B$63,2,FALSE),0) -> 0 | Z82: =G82+I82+K82+M82+O82+Q82+S82+U82+W82+Y82 -> 0

Sheet JF
A8: JUVENIL FEMENINO (17-18)
A10: 1 - Finca Grupo Orosi >21 y 22 febrero 2 - Parque La Libertad Desamparados > 28 y 29 marzo 3 - Adventure Park > 16 y 17 mayo 4 - Finca La Hisopa San Pedro de Turrubares > 13 y 14 junio
A11: 5 - > 18 y 19 julio 6 - > 12 y 13 setiembre 7 - > 31 Oct y 01 Nov
A13: POSICION | F13: 1 | J13: 2 | N13: 3 | R13: 4 | V13: 5 | Z13: TOTAL PUNTOS
A14: ACTUAL | B14: ANTERIOR | C14: NO | D14: NOMBRE | E14: EQUIPO | F14: POS XCC | G14: PTOS XCC | H14: POS XCO | I14: PTOS XCO | J14: POS XCC | K14: PTOS XCC | L14: POS XCO | M14: PTOS XCO | N14: POS XCC | O14: PTOS XCC | P14: POS XCO | Q14: PTOS XCO | R14: POS XCC | S14: PTOS XCC | T14: POS XCO | U14: PTOS XCO | V14: POS XCC | W14: PTOS XCC | X14: POS XCO | Y14: PTOS XCO
A15: 1 | B15: 1 | C15: 263 | D15: MADRIGAL Maidelyn | E15: TEAM INNOVABIKES SKOLER UH | F15: 1 | G15: 10 | H15: 1 | I15: 200 | J15: 1 | K15: 10 | L15: 1 | M15: 200 | O15: =IFERROR(VLOOKUP(N15,'Puntos XCC Menor'!$A$1:$B$15,2,FALSE),0) -> 0 | P15: 2 | Q15: =IFERROR(VLOOKUP(P15,'Puntos XCO'!$A$1:$B$63,2,FALSE),0) -> 150 | R15: 1 | S15: =IFERROR(VLOOKUP(R15,'Puntos XCC Menor'!$A$1:$B$15,2,FALSE),0) -> 10 | T15: 1 | U15: =IFERROR(VLOOKUP(T15,'Puntos XCO'!$A$1:$B$63,2,FALSE),0) -> 200 | V15: =IFERROR(VLOOKUP(C15,RESXCC_1,9,FALSE),0) -> 1 | W15: =IFERROR(VLOOKUP(V15,'Puntos XCC Mayor'!$A$1:$B$15,2,FALSE),0) -> 25 | X15: =IFERROR(VLOOKUP(C15,RESXCO,9,FALSE),0) -> 1 | Y15: =IFERROR(VLOOKUP(X15,'Puntos XCO'!$A$1:$B$63,2,FALSE),0) -> 200 | Z15: =G15+I15+K15+M15+O15+Q15+S15+U15+W15+Y15 -> 1005
A16: 2 | B16: 2 | C16: 264 | D16: BARQUERO Brenda* | E16: CCDR BUENOS AIRES | F16: 2 | G16: 9 | H16: 4 | I16: 110 | J16: 2 | K16: 9 | L16: 2 | M16: 150 | O16: =IFERROR(VLOOKUP(N16,'Puntos XCC Menor'!$A$1:$B$15,2,FALSE),0) -> 0 | P16: 4 | Q16: =IFERROR(VLOOKUP(P16,'Puntos XCO'!$A$1:$B$63,2,FALSE),0) -> 110 | R16: 2 | S16: =IFERROR(VLOOKUP(R16,'Puntos XCC Menor'!$A$1:$B$15,2,FALSE),0) -> 9 | T16: 2 | U16: =IFERROR(VLOOKUP(T16,'Puntos XCO'!$A$1:$B$63,2,FALSE),0) -> 150 | V16: =IFERROR(VLOOKUP(C16,RESXCC_1,9,FALSE),0) -> 2 | W16: =IFERROR(VLOOKUP(V16,'Puntos XCC Mayor'!$A$1:$B$15,2,FALSE),0) -> 20 | X16: =IFERROR(VLOOKUP(C16,RESXCO,9,FALSE),0) -> 2 | Y16: =IFERROR(VLOOKUP(X16,'Puntos XCO'!$A$1:$B$63,2,FALSE),0) -> 150 | Z16: =G16+I16+K16+M16+O16+Q16+S16+U16+W16+Y16 -> 717
A17: 3 | B17: 3 | C17: 265 | D17: RIVERA Leonor Fernanda* | E17: CCDR ESCAZÚ | J17: 4 | K17: 7 | L17: 3 | M17: 120 | O17: =IFERROR(VLOOKUP(N17,'Puntos XCC Menor'!$A$1:$B$15,2,FALSE),0) -> 0 | P17: 5 | Q17: =IFERROR(VLOOKUP(P17,'Puntos XCO'!$A$1:$B$63,2,FALSE),0) -> 100 | R17: 3 | S17: =IFERROR(VLOOKUP(R17,'Puntos XCC Menor'!$A$1:$B$15,2,FALSE),0) -> 8 | T17: 0 | U17: =IFERROR(VLOOKUP(T17,'Puntos XCO'!$A$1:$B$63,2,FALSE),0) -> 0 | V17: =IFERROR(VLOOKUP(C17,RESXCC_1,9,FALSE),0) -> 4 | W17: =IFERROR(VLOOKUP(V17,'Puntos XCC Mayor'!$A$1:$B$15,2,FALSE),0) -> 14 | X17: =IFERROR(VLOOKUP(C17,RESXCO,9,FALSE),0) -> 5 | Y17: =IFERROR(VLOOKUP(X17,'Puntos XCO'!$A$1:$B$63,2,FALSE),0) -> 100 | Z17: =G17+I17+K17+M17+O17+Q17+S17+U17+W17+Y17 -> 349
A18: 4 | B18: 7 | C18: 266 | D18: ALVARADO Jimena* | E18: CCDR LIMÓN | F18: 0 | G18: 0 | H18: 3 | I18: 120 | J18: 0 | K18: 0 | L18: 0 | M18: 0 | O18: =IFERROR(VLOOKUP(N18,'Puntos XCC Menor'!$A$1:$B$15,2,FALSE),0) -> 0 | Q18: =IFERROR(VLOOKUP(P18,'Puntos XCO'!$A$1:$B$63,2,FALSE),0) -> 0 | R18: 0 | S18: =IFERROR(VLOOKUP(R18,'Puntos XCC Menor'!$A$1:$B$15,2,FALSE),0) -> 0 | T18: 0 | U18: =IFERROR(VLOOKUP(T18,'Puntos XCO'!$A$1:$B$63,2,FALSE),0) -> 0 | V18: =IFERROR(VLOOKUP(C18,RESXCC_1,9,FALSE),0) -> 3 | W18: =IFERROR(VLOOKUP(V18,'Puntos XCC Mayor'!$A$1:$B$15,2,FALSE),0) -> 16 | X18: =IFERROR(VLOOKUP(C18,RESXCO,9,FALSE),0) -> 3 | Y18: =IFERROR(VLOOKUP(X18,'Puntos XCO'!$A$1:$B$63,2,FALSE),0) -> 120 | Z18: =G18+I18+K18+M18+O18+Q18+S18+U18+W18+Y18 -> 256
A19: 5 | B19: 4 | C19: 261 | D19: GAVIRIA Daniela | E19: GW ERCO SPORTFITNESS | P19: 1 | Q19: =IFERROR(VLOOKUP(P19,'Puntos XCO'!$A$1:$B$63,2,FALSE),0) -> 200 | R19: 0 | S19: =IFERROR(VLOOKUP(R19,'Puntos XCC Menor'!$A$1:$B$15,2,FALSE),0) -> 0 | T19: 0 | U19: =IFERROR(VLOOKUP(T19,'Puntos XCO'!$A$1:$B$63,2,FALSE),0) -> 0 | V19: =IFERROR(VLOOKUP(C19,RESXCC_1,9,FALSE),0) -> 0 | W19: =IFERROR(VLOOKUP(V19,'Puntos XCC Mayor'!$A$1:$B$15,2,FALSE),0) -> 0 | X19: =IFERROR(VLOOKUP(C19,RESXCO,9,FALSE),0) -> 0 | Y19: =IFERROR(VLOOKUP(X19,'Puntos XCO'!$A$1:$B$63,2,FALSE),0) -> 0 | Z19: =G19+I19+K19+M19+O19+Q19+S19+U19+W19+Y19 -> 200
A20: 6 | B20: 5 | D20: ZÁRATE Nazareth* | E20: CICLISMO BELÉN | F20: 3 | G20: 8 | H20: 2 | I20: 150 | J20: 3 | K20: 8 | L20: 0 | M20: 0 | O20: =IFERROR(VLOOKUP(N20,'Puntos XCC Menor'!$A$1:$B$15,2,FALSE),0) -> 0 | Q20: =IFERROR(VLOOKUP(P20,'Puntos XCO'!$A$1:$B$63,2,FALSE),0) -> 0 | R20: 0 | S20: =IFERROR(VLOOKUP(R20,'Puntos XCC Menor'!$A$1:$B$15,2,FALSE),0) -> 0 | T20: 0 | U20: =IFERROR(VLOOKUP(T20,'Puntos XCO'!$A$1:$B$63,2,FALSE),0) -> 0 | V20: =IFERROR(VLOOKUP(C20,RESXCC_1,9,FALSE),0) -> 0 | W20: =IFERROR(VLOOKUP(V20,'Puntos XCC Mayor'!$A$1:$B$15,2,FALSE),0) -> 0 | X20: =IFERROR(VLOOKUP(C20,RESXCO,9,FALSE),0) -> 0 | Y20: =IFERROR(VLOOKUP(X20,'Puntos XCO'!$A$1:$B$63,2,FALSE),0) -> 0 | Z20: =G20+I20+K20+M20+O20+Q20+S20+U20+W20+Y20 -> 166
A21: 7 | B21: 6 | C21: 262 | D21: LEDGARD Alice | E21: GIANT PERÚ SIN FRONTERAS | P21: 3 | Q21: =IFERROR(VLOOKUP(P21,'Puntos XCO'!$A$1:$B$63,2,FALSE),0) -> 120 | R21: 0 | S21: =IFERROR(VLOOKUP(R21,'Puntos XCC Menor'!$A$1:$B$15,2,FALSE),0) -> 0 | T21: 0 | U21: =IFERROR(VLOOKUP(T21,'Puntos XCO'!$A$1:$B$63,2,FALSE),0) -> 0 | V21: =IFERROR(VLOOKUP(C21,RESXCC_1,9,FALSE),0) -> 0 | W21: =IFERROR(VLOOKUP(V21,'Puntos XCC Mayor'!$A$1:$B$15,2,FALSE),0) -> 0 | X21: =IFERROR(VLOOKUP(C21,RESXCO,9,FALSE),0) -> 0 | Y21: =IFERROR(VLOOKUP(X21,'Puntos XCO'!$A$1:$B$63,2,FALSE),0) -> 0 | Z21: =G21+I21+K21+M21+O21+Q21+S21+U21+W21+Y21 -> 120
A22: 8 | C22: 267 | D22: =VLOOKUP(C22,PLANILLA,2,FALSE) -> CALVO Fiorella | E22: =VLOOKUP(C22,PLANILLA,4,FALSE) -> ASOCIACIÓN CICLISTICA GRECIA | V22: =IFERROR(VLOOKUP(C22,RESXCC_1,9,FALSE),0) -> 0 | W22: =IFERROR(VLOOKUP(V22,'Puntos XCC Mayor'!$A$1:$B$15,2,FALSE),0) -> 0 | X22: =IFERROR(VLOOKUP(C22,RESXCO,9,FALSE),0) -> 4 | Y22: =IFERROR(VLOOKUP(X22,'Puntos XCO'!$A$1:$B$63,2,FALSE),0) -> 110 | Z22: =G22+I22+K22+M22+O22+Q22+S22+U22+W22+Y22 -> 110

Sheet PJM
A8: PREJUVENIL MASCULINO (15-16)
A10: 1 - Finca Grupo Orosi >21 y 22 febrero 2 - Parque La Libertad Desamparados > 28 y 29 marzo 3 - Adventure Park > 16 y 17 mayo 4 - Finca La Hisopa San Pedro de Turrubares > 13 y 14 junio
A11: 5 - > 18 y 19 julio 6 - > 12 y 13 setiembre 7 - > 31 Oct y 01 Nov
A13: POSICION | F13: 1 | J13: 2 | N13: 3 | R13: 4 | V13: 5 | Z13: TOTAL PUNTOS
A14: ACTUAL | B14: ANTERIOR | C14: NO | D14: NOMBRE | E14: EQUIPO | F14: POS XCC | G14: PTOS XCC | H14: POS XCO | I14: PTOS XCO | J14: POS XCC | K14: PTOS XCC | L14: POS XCO | M14: PTOS XCO | N14: POS XCC | O14: PTOS XCC | P14: POS XCO | Q14: PTOS XCO | R14: POS XCC | S14: PTOS XCC | T14: POS XCO | U14: PTOS XCO | V14: POS XCC | W14: PTOS XCC | X14: POS XCO | Y14: PTOS XCO
A15: 1 | B15: 2 | C15: 307 | D15: =VLOOKUP(C15,PLANILLA,2,FALSE) -> ARIAS Daniel* | E15: =VLOOKUP(C15,PLANILLA,4,FALSE) -> CICLISMO BELÉN | F15: 4 | G15: 7 | H15: 16 | I15: 66 | J15: 0 | K15: 0 | L15: 6 | M15: 95 | O15: =IFERROR(VLOOKUP(N15,'Puntos XCC Menor'!$A$1:$B$15,2,FALSE),0) -> 0 | P15: 3 | Q15: =IFERROR(VLOOKUP(P15,'Puntos XCO'!$A$1:$B$63,2,FALSE),0) -> 120 | R15: 4 | S15: =IFERROR(VLOOKUP(R15,'Puntos XCC Menor'!$A$1:$B$15,2,FALSE),0) -> 7 | T15: 1 | U15: =IFERROR(VLOOKUP(T15,'Puntos XCO'!$A$1:$B$63,2,FALSE),0) -> 200 | V15: =IFERROR(VLOOKUP(C15,RESXCC_1,9,FALSE),0) -> 2 | W15: =IFERROR(VLOOKUP(V15,'Puntos XCC Mayor'!$A$1:$B$15,2,FALSE),0) -> 20 | X15: =IFERROR(VLOOKUP(C15,RESXCO,9,FALSE),0) -> 1 | Y15: =IFERROR(VLOOKUP(X15,'Puntos XCO'!$A$1:$B$63,2,FALSE),0) -> 200 | Z15: =G15+I15+K15+M15+O15+Q15+S15+U15+W15+Y15 -> 715
A16: 2 | B16: 1 | C16: 301 | D16: =VLOOKUP(C16,PLANILLA,2,FALSE) -> GARCÍA Miguel | E16: =VLOOKUP(C16,PLANILLA,4,FALSE) -> COLONO BIKE STATION KOLBI | F16: 2 | G16: 9 | H16: 0 | I16: 0 | J16: 3 | K16: 8 | L16: 1 | M16: 200 | O16: =IFERROR(VLOOKUP(N16,'Puntos XCC Menor'!$A$1:$B$15,2,FALSE),0) -> 0 | P16: 2 | Q16: =IFERROR(VLOOKUP(P16,'Puntos XCO'!$A$1:$B$63,2,FALSE),0) -> 150 | R16: 1 | S16: =IFERROR(VLOOKUP(R16,'Puntos XCC Menor'!$A$1:$B$15,2,FALSE),0) -> 10 | T16: 3 | U16: =IFERROR(VLOOKUP(T16,'Puntos XCO'!$A$1:$B$63,2,FALSE),0) -> 120 | V16: =IFERROR(VLOOKUP(C16,RESXCC_1,9,FALSE),0) -> 1 | W16: =IFERROR(VLOOKUP(V16,'Puntos XCC Mayor'!$A$1:$B$15,2,FALSE),0) -> 25 | X16: =IFERROR(VLOOKUP(C16,RESXCO,9,FALSE),0) -> 4 | Y16: =IFERROR(VLOOKUP(X16,'Puntos XCO'!$A$1:$B$63,2,FALSE),0) -> 110 | Z16: =G16+I16+K16+M16+O16+Q16+S16+U16+W16+Y16 -> 632
A17: 3 | B17: 3 | C17: 311 | D17: =VLOOKUP(C17,PLANILLA,2,FALSE) -> SABALLO Joshua | E17: =VLOOKUP(C17,PLANILLA,4,FALSE) -> CICLISMO BELÉN | F17: 6 | G17: 5 | H17: 17 | I17: 64 | J17: 2 | K17: 9 | L17: 3 | M17: 120 | O17: =IFERROR(VLOOKUP(N17,'Puntos XCC Menor'!$A$1:$B$15,2,FALSE),0) -> 0 | P17: 6 | Q17: =IFERROR(VLOOKUP(P17,'Puntos XCO'!$A$1:$B$63,2,FALSE),0) -> 95 | R17: 3 | S17: =IFERROR(VLOOKUP(R17,'Puntos XCC Menor'!$A$1:$B$15,2,FALSE),0) -> 8 | T17: 2 | U17: =IFERROR(VLOOKUP(T17,'Puntos XCO'!$A$1:$B$63,2,FALSE),0) -> 150 | V17: =IFERROR(VLOOKUP(C17,RESXCC_1,9,FALSE),0) -> 4 | W17: =IFERROR(VLOOKUP(V17,'Puntos XCC Mayor'!$A$1:$B$15,2,FALSE),0) -> 14 | X17: =IFERROR(VLOOKUP(C17,RESXCO,9,FALSE),0) -> 5 | Y17: =IFERROR(VLOOKUP(X17,'Puntos XCO'!$A$1:$B$63,2,FALSE),0) -> 100 | Z17: =G17+I17+K17+M17+O17+Q17+S17+U17+W17+Y17 -> 565
A18: 4 | B18: 8 | C18: 321 | D18: =VLOOKUP(C18,PLANILLA,2,FALSE) -> AGUILAR Luciano | E18: =VLOOKUP(C18,PLANILLA,4,FALSE) -> CODEA ALAJUELA | F18: 3 | G18: 8 | H18: 2 | I18: 150 | J18: 4 | K18: 7 | L18: 0 | M18: 0 | O18: =IFERROR(VLOOKUP(N18,'Puntos XCC Menor'!$A$1:$B$15,2,FALSE),0) -> 0 | P18: 8 | Q18: =IFERROR(VLOOKUP(P18,'Puntos XCO'!$A$1:$B$63,2,FALSE),0) -> 85 | R18: 5 | S18: =IFERROR(VLOOKUP(R18,'Puntos XCC Menor'!$A$1:$B$15,2,FALSE),0) -> 6 | T18: 7 | U18: =IFERROR(VLOOKUP(T18,'Puntos XCO'!$A$1:$B$63,2,FALSE),0) -> 90 | V18: =IFERROR(VLOOKUP(C18,RESXCC_1,9,FALSE),0) -> 9 | W18: =IFERROR(VLOOKUP(V18,'Puntos XCC Mayor'!$A$1:$B$15,2,FALSE),0) -> 7 | X18: =IFERROR(VLOOKUP(C18,RESXCO,9,FALSE),0) -> 2 | Y18: =IFERROR(VLOOKUP(X18,'Puntos XCO'!$A$1:$B$63,2,FALSE),0) -> 150 | Z18: =G18+I18+K18+M18+O18+Q18+S18+U18+W18+Y18 -> 503
A19: 5 | B19: 6 | C19: 303 | D19: =VLOOKUP(C19,PLANILLA,2,FALSE) -> HERNÁNDEZ Walter David* | E19: =VLOOKUP(C19,PLANILLA,4,FALSE) -> SANTA ANA / HDZ TEAM | F19: 7 | G19: 4 | H19: 5 | I19: 100 | J19: 8 | K19: 3 | L19: 9 | M19: 80 | O19: =IFERROR(VLOOKUP(N19,'Puntos XCC Menor'!$A$1:$B$15,2,FALSE),0) -> 0 | P19: 5 | Q19: =IFERROR(VLOOKUP(P19,'Puntos XCO'!$A$1:$B$63,2,FALSE),0) -> 100 | R19: 6 | S19: =IFERROR(VLOOKUP(R19,'Puntos XCC Menor'!$A$1:$B$15,2,FALSE),0) -> 5 | T19: 8 | U19: =IFERROR(VLOOKUP(T19,'Puntos XCO'!$A$1:$B$63,2,FALSE),0) -> 85 | V19: =IFERROR(VLOOKUP(C19,RESXCC_1,9,FALSE),0) -> 8 | W19: =IFERROR(VLOOKUP(V19,'Puntos XCC Mayor'!$A$1:$B$15,2,FALSE),0) -> 8 | X19: =IFERROR(VLOOKUP(C19,RESXCO,9,FALSE),0) -> 6 | Y19: =IFERROR(VLOOKUP(X19,'Puntos XCO'!$A$1:$B$63,2,FALSE),0) -> 95 | Z19: =G19+I19+K19+M19+O19+Q19+S19+U19+W19+Y19 -> 480
A20: 6 | B20: 5 | C20: 302 | D20: =VLOOKUP(C20,PLANILLA,2,FALSE) -> CAMPOS Isaac* | E20: =VLOOKUP(C20,PLANILLA,4,FALSE) -> COLONO BIKE STATION KOLBI | F20: 1 | G20: 10 | H20: 1 | I20: 200 | J20: 1 | K20: 10 | L20: 2 | M20: 150 | O20: =IFERROR(VLOOKUP(N20,'Puntos XCC Menor'!$A$1:$B$15,2,FALSE),0) -> 0 | P20: 0 | Q20: =IFERROR(VLOOKUP(P20,'Puntos XCO'!$A$1:$B$63,2,FALSE),0) -> 0 | R20: 2 | S20: =IFERROR(VLOOKUP(R20,'Puntos XCC Menor'!$A$1:$B$15,2,FALSE),0) -> 9 | T20: 0 | U20: =IFERROR(VLOOKUP(T20,'Puntos XCO'!$A$1:$B$63,2,FALSE),0) -> 0 | V20: =IFERROR(VLOOKUP(C20,RESXCC_1,9,FALSE),0) -> 6 | W20: =IFERROR(VLOOKUP(V20,'Puntos XCC Mayor'!$A$1:$B$15,2,FALSE),0) -> 10 | X20: =IFERROR(VLOOKUP(C20,RESXCO,9,FALSE),0) -> 7 | Y20: =IFERROR(VLOOKUP(X20,'Puntos XCO'!$A$1:$B$63,2,FALSE),0) -> 90 | Z20: =G20+I20+K20+M20+O20+Q20+S20+U20+W20+Y20 -> 479
A21: 7 | B21: 7 | C21: 304 | D21: =VLOOKUP(C21,PLANILLA,2,FALSE) -> RODRIGUEZ Esteban Marcelo* | E21: =VLOOKUP(C21,PLANILLA,4,FALSE) -> MEGAMO MANZATÉ LA SELVA | F21: 5 | G21: 6 | H21: 3 | I21: 120 | J21: 5 | K21: 6 | L21: 8 | M21: 85 | O21: =IFERROR(VLOOKUP(N21,'Puntos XCC Menor'!$A$1:$B$15,2,FALSE),0) -> 0 | P21: 11 | Q21: =IFERROR(VLOOKUP(P21,'Puntos XCO'!$A$1:$B$63,2,FALSE),0) -> 76 | R21: 9 | S21: =IFERROR(VLOOKUP(R21,'Puntos XCC Menor'!$A$1:$B$15,2,FALSE),0) -> 2 | T21: 21 | U21: =IFERROR(VLOOKUP(T21,'Puntos XCO'!$A$1:$B$63,2,FALSE),0) -> 56 | V21: =IFERROR(VLOOKUP(C21,RESXCC_1,9,FALSE),0) -> 23 | W21: =IFERROR(VLOOKUP(V21,'Puntos XCC Mayor'!$A$1:$B$15,2,FALSE),0) -> 0 | X21: =IFERROR(VLOOKUP(C21,RESXCO,9,FALSE),0) -> 9 | Y21: =IFERROR(VLOOKUP(X21,'Puntos XCO'!$A$1:$B$63,2,FALSE),0) -> 80 | Z21: =G21+I21+K21+M21+O21+Q21+S21+U21+W21+Y21 -> 431
A22: 8 | B22: 4 | C22: 325 | D22: =VLOOKUP(C22,PLANILLA,2,FALSE) -> ALFARO Emmanuel | E22: =VLOOKUP(C22,PLANILLA,4,FALSE) | F22: 12 | G22: 0 | H22: 8 | I22: 85 | J22: 6 | K22: 5 | L22: 4 | M22: 110 | O22: =IFERROR(VLOOKUP(N22,'Puntos XCC Menor'!$A$1:$B$15,2,FALSE),0) -> 0 | P22: 9 | Q22: =IFERROR(VLOOKUP(P22,'Puntos XCO'!$A$1:$B$63,2,FALSE),0) -> 80 | R22: 8 | S22: =IFERROR(VLOOKUP(R22,'Puntos XCC Menor'!$A$1:$B$15,2,FALSE),0) -> 3 | T22: 4 | U22: =IFERROR(VLOOKUP(T22,'Puntos XCO'!$A$1:$B$63,2,FALSE),0) -> 110 | V22: =IFERROR(VLOOKUP(C22,RESXCC_1,9,FALSE),0) -> 0 | W22: =IFERROR(VLOOKUP(V22,'Puntos XCC Mayor'!$A$1:$B$15,2,FALSE),0) -> 0 | X22: =IFERROR(VLOOKUP(C22,RESXCO,9,FALSE),0) -> 0 | Y22: =IFERROR(VLOOKUP(X22,'Puntos XCO'!$A$1:$B$63,2,FALSE),0) -> 0 | Z22: =G22+I22+K22+M22+O22+Q22+S22+U22+W22+Y22 -> 393
A23: 9 | B23: 11 | C23: 337 | D23: =VLOOKUP(C23,PLANILLA,2,FALSE) -> CORRALES Billy | E23: =VLOOKUP(C23,PLANILLA,4,FALSE) -> NUMU COACHING | F23: 14 | G23: 0 | H23: 7 | I23: 90 | J23: 0 | K23: 0 | L23: 13 | M23: 72 | O23: =IFERROR(VLOOKUP(N23,'Puntos XCC Menor'!$A$1:$B$15,2,FALSE),0) -> 0 | P23: 21 | Q23: =IFERROR(VLOOKUP(P23,'Puntos XCO'!$A$1:$B$63,2,FALSE),0) -> 56 | R23: 15 | S23: =IFERROR(VLOOKUP(R23,'Puntos XCC Menor'!$A$1:$B$15,2,FALSE),0) -> 0 | T23: 12 | U23: =IFERROR(VLOOKUP(T23,'Puntos XCO'!$A$1:$B$63,2,FALSE),0) -> 74 | V23: =IFERROR(VLOOKUP(C23,RESXCC_1,9,FALSE),0) -> 12 | W23: =IFERROR(VLOOKUP(V23,'Puntos XCC Mayor'!$A$1:$B$15,2,FALSE),0) -> 4 | X23: =IFERROR(VLOOKUP(C23,RESXCO,9,FALSE),0) -> 16 | Y23: =IFERROR(VLOOKUP(X23,'Puntos XCO'!$A$1:$B$63,2,FALSE),0) -> 66 | Z23: =G23+I23+K23+M23+O23+Q23+S23+U23+W23+Y23 -> 362
A24: 10 | B24: 12 | C24: 327 | D24: =VLOOKUP(C24,PLANILLA,2,FALSE) -> ACUÑA Felipe | E24: =VLOOKUP(C24,PLANILLA,4,FALSE) -> CCDR NARANJO | F24: 23 | G24: 0 | H24: 0 | I24: 0 | J24: 20 | K24: 0 | L24: 11 | M24: 76 | O24: =IFERROR(VLOOKUP(N24,'Puntos XCC Menor'!$A$1:$B$15,2,FALSE),0) -> 0 | P24: 4 | Q24: =IFERROR(VLOOKUP(P24,'Puntos XCO'!$A$1:$B$63,2,FALSE),0) -> 110 | R24: 11 | S24: =IFERROR(VLOOKUP(R24,'Puntos XCC Menor'!$A$1:$B$15,2,FALSE),0) -> 0 | T24: 5 | U24: =IFERROR(VLOOKUP(T24,'Puntos XCO'!$A$1:$B$63,2,FALSE),0) -> 100 | V24: =IFERROR(VLOOKUP(C24,RESXCC_1,9,FALSE),0) -> 5 | W24: =IFERROR(VLOOKUP(V24,'Puntos XCC Mayor'!$A$1:$B$15,2,FALSE),0) -> 12 | X24: =IFERROR(VLOOKUP(C24,RESXCO,9,FALSE),0) -> 21 | Y24: =IFERROR(VLOOKUP(X24,'Puntos XCO'!$A$1:$B$63,2,FALSE),0) -> 56 | Z24: =G24+I24+K24+M24+O24+Q24+S24+U24+W24+Y24 -> 354
A25: 11 | B25: 10 | C25: 333 | D25: =VLOOKUP(C25,PLANILLA,2,FALSE) -> SOTO Sebastian | E25: =VLOOKUP(C25,PLANILLA,4,FALSE) -> CODEA ALAJUELA | F25: 17 | G25: 0 | H25: 12 | I25: 74 | J25: 16 | K25: 0 | L25: 22 | M25: 54 | O25: =IFERROR(VLOOKUP(N25,'Puntos XCC Menor'!$A$1:$B$15,2,FALSE),0) -> 0 | P25: 14 | Q25: =IFERROR(VLOOKUP(P25,'Puntos XCO'!$A$1:$B$63,2,FALSE),0) -> 70 | R25: 12 | S25: =IFERROR(VLOOKUP(R25,'Puntos XCC Menor'!$A$1:$B$15,2,FALSE),0) -> 0 | T25: 6 | U25: =IFERROR(VLOOKUP(T25,'Puntos XCO'!$A$1:$B$63,2,FALSE),0) -> 95 | V25: =IFERROR(VLOOKUP(C25,RESXCC_1,9,FALSE),0) -> 14 | W25: =IFERROR(VLOOKUP(V25,'Puntos XCC Mayor'!$A$1:$B$15,2,FALSE),0) -> 2 | X25: =IFERROR(VLOOKUP(C25,RESXCO,9,FALSE),0) -> 20 | Y25: =IFERROR(VLOOKUP(X25,'Puntos XCO'!$A$1:$B$63,2,FALSE),0) -> 58 | Z25: =G25+I25+K25+M25+O25+Q25+S25+U25+W25+Y25 -> 353
A26: 12 | B26: 13 | C26: 314 | D26: =VLOOKUP(C26,PLANILLA,2,FALSE) -> HERRERO Josué* | E26: =VLOOKUP(C26,PLANILLA,4,FALSE) -> CICLISMO BELÉN | F26: 9 | G26: 2 | H26: 11 | I26: 76 | J26: 12 | K26: 0 | L26: 26 | M26: 46 | O26: =IFERROR(VLOOKUP(N26,'Puntos XCC Menor'!$A$1:$B$15,2,FALSE),0) -> 0 | P26: 16 | Q26: =IFERROR(VLOOKUP(P26,'Puntos XCO'!$A$1:$B$63,2,FALSE),0) -> 66 | R26: 10 | S26: =IFERROR(VLOOKUP(R26,'Puntos XCC Menor'!$A$1:$B$15,2,FALSE),0) -> 1 | T26: 10 | U26: =IFERROR(VLOOKUP(T26,'Puntos XCO'!$A$1:$B$63,2,FALSE),0) -> 78 | V26: =IFERROR(VLOOKUP(C26,RESXCC_1,9,FALSE),0) -> 36 | W26: =IFERROR(VLOOKUP(V26,'Puntos XCC Mayor'!$A$1:$B$15,2,FALSE),0) -> 0 | X26: =IFERROR(VLOOKUP(C26,RESXCO,9,FALSE),0) -> 11 | Y26: =IFERROR(VLOOKUP(X26,'Puntos XCO'!$A$1:$B$63,2,FALSE),0) -> 76 | Z26: =G26+I26+K26+M26+O26+Q26+S26+U26+W26+Y26 -> 345
... A34: 20 | B34: 18 | C34: 310 | D34: =VLOOKUP(C34,PLANILLA,2,FALSE) -> SEGURA Thomas | E34: =VLOOKUP(C34,PLANILLA,4,FALSE) -> CICLISMO BELÉN | F34: 21 | G34: 0 | H34: 14 | I34: 70 | J34: 23 | K34: 0 | L34: 32 | M34: 34 | O34: =IFERROR(VLOOKUP(N34,'Puntos XCC Menor'!$A$1:$B$15,2,FALSE),0) -> 0 | P34: 15 | Q34: =IFERROR(VLOOKUP(P34,'Puntos XCO'!$A$1:$B$63,2,FALSE),0) -> 68 | R34: 17 | S34: =IFERROR(VLOOKUP(R34,'Puntos XCC Menor'!$A$1:$B$15,2,FALSE),0) -> 0 | T34: 27 | U34: =IFERROR(VLOOKUP(T34,'Puntos XCO'!$A$1:$B$63,2,FALSE),0) -> 44 | V34: =IFERROR(VLOOKUP(C34,RESXCC_1,9,FALSE),0) -> 19 | W34: =IFERROR(VLOOKUP(V34,'Puntos XCC Mayor'!$A$1:$B$15,2,FALSE),0) -> 0 | X34: =IFERROR(VLOOKUP(C34,RESXCO,9,FALSE),0) -> 23 | Y34: =IFERROR(VLOOKUP(X34,'Puntos XCO'!$A$1:$B$63,2,FALSE),0) -> 52 | Z34: =G34+I34+K34+M34+O34+Q34+S34+U34+W34+Y34 -> 268
A35: 21 | B35: 23 | C35: 342 | D35: =VLOOKUP(C35,PLANILLA,2,FALSE) -> RODRÍGUEZ Dylan Fabian* | E35: =VLOOKUP(C35,PLANILLA,4,FALSE) -> CODEA | J35: 18 | K35: 0 | L35: 20 | M35: 58 | O35: =IFERROR(VLOOKUP(N35,'Puntos XCC Menor'!$A$1:$B$15,2,FALSE),0) -> 0 | P35: 18 | Q35: =IFERROR(VLOOKUP(P35,'Puntos XCO'!$A$1:$B$63,2,FALSE),0) -> 62 | R35: 21 | S35: =IFERROR(VLOOKUP(R35,'Puntos XCC Menor'!$A$1:$B$15,2,FALSE),0) -> 0 | T35: 19 | U35: =IFERROR(VLOOKUP(T35,'Puntos XCO'!$A$1:$B$63,2,FALSE),0) -> 60 | V35: =IFERROR(VLOOKUP(C35,RESXCC_1,9,FALSE),0) -> 17 | W35: =IFERROR(VLOOKUP(V35,'Puntos XCC Mayor'!$A$1:$B$15,2,FALSE),0) -> 0 | X35: =IFERROR(VLOOKUP(C35,RESXCO,9,FALSE),0) -> 10 | Y35: =IFERROR(VLOOKUP(X35,'Puntos XCO'!$A$1:$B$63,2,FALSE),0) -> 78 | Z35: =G35+I35+K35+M35+O35+Q35+S35+U35+W35+Y35 -> 258
A36: 22 | B36: 20 | C36: 306 | D36: =VLOOKUP(C36,PLANILLA,2,FALSE) -> VARELA Mathias | E36: =VLOOKUP(C36,PLANILLA,4,FALSE) -> CICLISMO BELEN | F36: 27 | G36: 0 | H36: 24 | I36: 50 | J36: 19 | K36: 0 | L36: 25 | M36: 48 | O36: =IFERROR(VLOOKUP(N36,'Puntos XCC Menor'!$A$1:$B$15,2,FALSE),0) -> 0 | P36: 20 | Q36: =IFERROR(VLOOKUP(P36,'Puntos XCO'!$A$1:$B$63,2,FALSE),0) -> 58 | R36: 18 | S36: =IFERROR(VLOOKUP(R36,'Puntos XCC Menor'!$A$1:$B$15,2,FALSE),0) -> 0 | T36: 22 | U36: =IFERROR(VLOOKUP(T36,'Puntos XCO'!$A$1:$B$63,2,FALSE),0) -> 54 | V36: =IFERROR(VLOOKUP(C36,RESXCC_1,9,FALSE),0) -> 27 | W36: =IFERROR(VLOOKUP(V36,'Puntos XCC Mayor'!$A$1:$B$15,2,FALSE),0) -> 0 | X36: =IFERROR(VLOOKUP(C36,RESXCO,9,FALSE),0) -> 27 | Y36: =IFERROR(VLOOKUP(X36,'Puntos XCO'!$A$1:$B$63,2,FALSE),0) -> 44 | Z36: =G36+I36+K36+M36+O36+Q36+S36+U36+W36+Y36 -> 254
A37: 23 | B37: 35 | C37: 346 | D37: =VLOOKUP(C37,PLANILLA,2,FALSE) -> NUÑEZ Lorenzo | E37: =VLOOKUP(C37,PLANILLA,4,FALSE) -> TEAM- TIERNITICOS- ELKY FERRETERÍA- BIORACER | J37: 10 | K37: 1 | L37: 7 | M37: 90 | O37: =IFERROR(VLOOKUP(N37,'Puntos XCC Menor'!$A$1:$B$15,2,FALSE),0) -> 0 | P37: 0 | Q37: =IFERROR(VLOOKUP(P37,'Puntos XCO'!$A$1:$B$63,2,FALSE),0) -> 0 | R37: 0 | S37: =IFERROR(VLOOKUP(R37,'Puntos XCC Menor'!$A$1:$B$15,2,FALSE),0) -> 0 | T37: 0 | U37: =IFERROR(VLOOKUP(T37,'Puntos XCO'!$A$1:$B$63,2,FALSE),0) -> 0 | V37: =IFERROR(VLOOKUP(C37,RESXCC_1,9,FALSE),0) -> 3 | W37: =IFERROR(VLOOKUP(V37,'Puntos XCC Mayor'!$A$1:$B$15,2,FALSE),0) -> 16 | X37: =IFERROR(VLOOKUP(C37,RESXCO,9,FALSE),0) -> 3 | Y37: =IFERROR(VLOOKUP(X37,'Puntos XCO'!$A$1:$B$63,2,FALSE),0) -> 120 | Z37: =G37+I37+K37+M37+O37+Q37+S37+U37+W37+Y37 -> 227
A38: 24 | B38: 21 | C38: 349 | D38: =VLOOKUP(C38,PLANILLA,2,FALSE) -> PAREDES Miguel | E38: =VLOOKUP(C38,PLANILLA,4,FALSE) -> ASTRANOVA BIKE HOUSE TREK | O38: =IFERROR(VLOOKUP(N38,'Puntos XCC Menor'!$A$1:$B$15,2,FALSE),0) -> 0 | P38: 1 | Q38: =IFERROR(VLOOKUP(P38,'Puntos XCO'!$A$1:$B$63,2,FALSE),0) -> 200 | R38: 0 | S38: =IFERROR(VLOOKUP(R38,'Puntos XCC Menor'!$A$1:$B$15,2,FALSE),0) -> 0 | T38: 0 | U38: =IFERROR(VLOOKUP(T38,'Puntos XCO'!$A$1:$B$63,2,FALSE),0) -> 0 | V38: =IFERROR(VLOOKUP(C38,RESXCC_1,9,FALSE),0) -> 0 | W38: =IFERROR(VLOOKUP(V38,'Puntos XCC Mayor'!$A$1:$B$15,2,FALSE),0) -> 0 | X38: =IFERROR(VLOOKUP(C38,RESXCO,9,FALSE),0) -> 0 | Y38: =IFERROR(VLOOKUP(X38,'Puntos XCO'!$A$1:$B$63,2,FALSE),0) -> 0 | Z38: =G38+I38+K38+M38+O38+Q38+S38+U38+W38+Y38 -> 200
A39: 25 | B39: 31 | C39: 348 | D39: =VLOOKUP(C39,PLANILLA,2,FALSE) -> FERNÁNDEZ Sebastián* | E39: =VLOOKUP(C39,PLANILLA,4,FALSE) -> ASOCIACIÓN CICLISTICA TURRIALBA | J39: 0 | K39: 0 | L39: 16 | M39: 66 | O39: =IFERROR(VLOOKUP(N39,'Puntos XCC Menor'!$A$1:$B$15,2,FALSE),0) -> 0 | P39: 22 | Q39: =IFERROR(VLOOKUP(P39,'Puntos XCO'!$A$1:$B$63,2,FALSE),0) -> 54 | R39: 0 | S39: =IFERROR(VLOOKUP(R39,'Puntos XCC Menor'!$A$1:$B$15,2,FALSE),0) -> 0 | T39: 0 | U39: =IFERROR(VLOOKUP(T39,'Puntos XCO'!$A$1:$B$63,2,FALSE),0) -> 0 | V39: =IFERROR(VLOOKUP(C39,RESXCC_1,9,FALSE),0) -> 11 | W39: =IFERROR(VLOOKUP(V39,'Puntos XCC Mayor'!$A$1:$B$15,2,FALSE),0) -> 5 | X39: =IFERROR(VLOOKUP(C39,RESXCO,9,FALSE),0) -> 15 | Y39: =IFERROR(VLOOKUP(X39,'Puntos XCO'!$A$1:$B$63,2,FALSE),0) -> 68 | Z39: =G39+I39+K39+M39+O39+Q39+S39+U39+W39+Y39 -> 193
A40: 26 | B40: 30 | C40: 343 | D40: =VLOOKUP(C40,PLANILLA,2,FALSE) -> VARGAS David | E40: =VLOOKUP(C40,PLANILLA,4,FALSE) -> ACISA SARAPIQUÍ | J40: 34 | K40: 0 | L40: 28 | M40: 42 | O40: =IFERROR(VLOOKUP(N40,'Puntos XCC Menor'!$A$1:$B$15,2,FALSE),0) -> 0 | P40: 0 | Q40: =IFERROR(VLOOKUP(P40,'Puntos XCO'!$A$1:$B$63,2,FALSE),0) -> 0 | R40: 19 | S40: =IFERROR(VLOOKUP(R40,'Puntos XCC Menor'!$A$1:$B$15,2,FALSE),0) -> 0 | T40: 9 | U40: =IFERROR(VLOOKUP(T40,'Puntos XCO'!$A$1:$B$63,2,FALSE),0) -> 80 | V40: =IFERROR(VLOOKUP(C40,RESXCC_1,9,FALSE),0) -> 18 | W40: =IFERROR(VLOOKUP(V40,'Puntos XCC Mayor'!$A$1:$B$15,2,FALSE),0) -> 0 | X40: =IFERROR(VLOOKUP(C40,RESXCO,9,FALSE),0) -> 17 | Y40: =IFERROR(VLOOKUP(X40,'Puntos XCO'!$A$1:$B$63,2,FALSE),0) -> 64 | Z40: =G40+I40+K40+M40+O40+Q40+S40+U40+W40+Y40 -> 186
A41: 27 | B41: 33 | C41: 320 | D41: =VLOOKUP(C41,PLANILLA,2,FALSE) -> SUNSIN Eithan | E41: =VLOOKUP(C41,PLANILLA,4,FALSE) -> ACISA | F41: 25 | G41: 0 | H41: 20 | I41: 58 | J41: 29 | K41: 0 | L41: 23 | M41: 52 | O41: =IFERROR(VLOOKUP(N41,'Puntos XCC Menor'!$A$1:$B$15,2,FALSE),0) -> 0 | P41: 0 | Q41: =IFERROR(VLOOKUP(P41,'Puntos XCO'!$A$1:$B$63,2,FALSE),0) -> 0 | R41: 25 | S41: =IFERROR(VLOOKUP(R41,'Puntos XCC Menor'!$A$1:$B$15,2,FALSE),0) -> 0 | T41: 0 | U41: =IFERROR(VLOOKUP(T41,'Puntos XCO'!$A$1:$B$63,2,FALSE),0) -> 0 | V41: =IFERROR(VLOOKUP(C41,RESXCC_1,9,FALSE),0) -> 26 | W41: =IFERROR(VLOOKUP(V41,'Puntos XCC Mayor'!$A$1:$B$15,2,FALSE),0) -> 0 | X41: =IFERROR(VLOOKUP(C41,RESXCO,9,FALSE),0) -> 25 | Y41: =IFERROR(VLOOKUP(X41,'Puntos XCO'!$A$1:$B$63,2,FALSE),0) -> 48 | Z41: =G41+I41+K41+M41+O41+Q41+S41+U41+W41+Y41 -> 158
A42: 28 | B42: 24 | C42: 328 | D42: =VLOOKUP(C42,PLANILLA,2,FALSE) -> CISNEROS Ian Felipe* | E42: =VLOOKUP(C42,PLANILLA,4,FALSE) -> TEAM CQ PZ | F42: 30 | G42: 0 | H42: 15 | I42: 68 | J42: 37 | K42: 0 | L42: 33 | M42: 32 | O42: =IFERROR(VLOOKUP(N42,'Puntos XCC Menor'!$A$1:$B$15,2,FALSE),0) -> 0 | P42: 25 | Q42: =IFERROR(VLOOKUP(P42,'Puntos XCO'!$A$1:$B$63,2,FALSE),0) -> 48 | R42: 0 | S42: =IFERROR(VLOOKUP(R42,'Puntos XCC Menor'!$A$1:$B$15,2,FALSE),0) -> 0 | T42: 0 | U42: =IFERROR(VLOOKUP(T42,'Puntos XCO'!$A$1:$B$63,2,FALSE),0) -> 0 | V42: =IFERROR(VLOOKUP(C42,RESXCC_1,9,FALSE),0) -> 0 | W42: =IFERROR(VLOOKUP(V42,'Puntos XCC Mayor'!$A$1:$B$15,2,FALSE),0) -> 0 | X42: =IFERROR(VLOOKUP(C42,RESXCO,9,FALSE),0) -> 0 | Y42: =IFERROR(VLOOKUP(X42,'Puntos XCO'!$A$1:$B$63,2,FALSE),0) -> 0 | Z42: =G42+I42+K42+M42+O42+Q42+S42+U42+W42+Y42 -> 148
A43: 29 | B43: 38 | C43: 329 | D43: =VLOOKUP(C43,PLANILLA,2,FALSE) -> RAMIREZ Adrián | E43: =VLOOKUP(C43,PLANILLA,4,FALSE) -> CCDR SAN JOSÉ | F43: 16 | G43: 0 | H43: 0 | I43: 0 | J43: 28 | K43: 0 | L43: 29 | M43: 40 | O43: =IFERROR(VLOOKUP(N43,'Puntos XCC Menor'!$A$1:$B$15,2,FALSE),0) -> 0 | P43: 0 | Q43: =IFERROR(VLOOKUP(P43,'Puntos XCO'!$A$1:$B$63,2,FALSE),0) -> 0 | R43: 28 | S43: =IFERROR(VLOOKUP(R43,'Puntos XCC Menor'!$A$1:$B$15,2,FALSE),0) -> 0 | T43: 26 | U43: =IFERROR(VLOOKUP(T43,'Puntos XCO'!$A$1:$B$63,2,FALSE),0) -> 46 | V43: =IFERROR(VLOOKUP(C43,RESXCC_1,9,FALSE),0) -> 22 | W43: =IFERROR(VLOOKUP(V43,'Puntos XCC Mayor'!$A$1:$B$15,2,FALSE),0) -> 0 | X43: =IFERROR(VLOOKUP(C43,RESXCO,9,FALSE),0) -> 18 | Y43: =IFERROR(VLOOKUP(X43,'Puntos XCO'!$A$1:$B$63,2,FALSE),0) -> 62 | Z43: =G43+I43+K43+M43+O43+Q43+S43+U43+W43+Y43 -> 148
A44: 30 | B44: 25 | C44: 331 | D44: =VLOOKUP(C44,PLANILLA,2,FALSE) -> PRENDAS Santiago | E44: =VLOOKUP(C44,PLANILLA,4,FALSE) -> CCDRCARTAGO | F44: 11 | G44: 0 | H44: 13 | I44: 72 | J44: 17 | K44: 0 | L44: 12 | M44: 74 | O44: =IFERROR(VLOOKUP(N44,'Puntos XCC Menor'!$A$1:$B$15,2,FALSE),0) -> 0 | P44: 0 | Q44: =IFERROR(VLOOKUP(P44,'Puntos XCO'!$A$1:$B$63,2,FALSE),0) -> 0 | R44: 0 | S44: =IFERROR(VLOOKUP(R44,'Puntos XCC Menor'!$A$1:$B$15,2,FALSE),0) -> 0 | T44: 0 | U44: =IFERROR(VLOOKUP(T44,'Puntos XCO'!$A$1:$B$63,2,FALSE),0) -> 0 | V44: =IFERROR(VLOOKUP(C44,RESXCC_1,9,FALSE),0) -> 0 | W44: =IFERROR(VLOOKUP(V44,'Puntos XCC Mayor'!$A$1:$B$15,2,FALSE),0) -> 0 | X44: =IFERROR(VLOOKUP(C44,RESXCO,9,FALSE),0) -> 0 | Y44: =IFERROR(VLOOKUP(X44,'Puntos XCO'!$A$1:$B$63,2,FALSE),0) -> 0 | Z44: =G44+I44+K44+M44+O44+Q44+S44+U44+W44+Y44 -> 146
A45: 31 | B45: 34 | C45: 341 | D45: =VLOOKUP(C45,PLANILLA,2,FALSE) -> ZUMBADO Yaikel | E45: =VLOOKUP(C45,PLANILLA,4,FALSE) -> CODEA | J45: 27 | K45: 0 | L45: 0 | M45: 0 | O45: =IFERROR(VLOOKUP(N45,'Puntos XCC Menor'!$A$1:$B$15,2,FALSE),0) -> 0 | P45: 24 | Q45: =IFERROR(VLOOKUP(P45,'Puntos XCO'!$A$1:$B$63,2,FALSE),0) -> 50 | R45: 26 | S45: =IFERROR(VLOOKUP(R45,'Puntos XCC Menor'!$A$1:$B$15,2,FALSE),0) -> 0 | T45: 24 | U45: =IFERROR(VLOOKUP(T45,'Puntos XCO'!$A$1:$B$63,2,FALSE),0) -> 50 | V45: =IFERROR(VLOOKUP(C45,RESXCC_1,9,FALSE),0) -> 21 | W45: =IFERROR(VLOOKUP(V45,'Puntos XCC Mayor'!$A$1:$B$15,2,FALSE),0) -> 0 | X45: =IFERROR(VLOOKUP(C45,RESXCO,9,FALSE),0) -> 26 | Y45: =IFERROR(VLOOKUP(X45,'Puntos XCO'!$A$1:$B$63,2,FALSE),0) -> 46 | Z45: =G45+I45+K45+M45+O45+Q45+S45+U45+W45+Y45 -> 146
A46: 32 | B46: 26 | C46: 316 | D46: =VLOOKUP(C46,PLANILLA,2,FALSE) -> CHAVES Emanuel | E46: =VLOOKUP(C46,PLANILLA,4,FALSE) -> CCDR PARAÍSO | F46: 32 | G46: 0 | H46: 29 | I46: 40 | J46: 7 | K46: 4 | L46: 5 | M46: 100 | O46: =IFERROR(VLOOKUP(N46,'Puntos XCC Menor'!$A$1:$B$15,2,FALSE),0) -> 0 | P46: 0 | Q46: =IFERROR(VLOOKUP(P46,'Puntos XCO'!$A$1:$B$63,2,FALSE),0) -> 0 | R46: 0 | S46: =IFERROR(VLOOKUP(R46,'Puntos XCC Menor'!$A$1:$B$15,2,FALSE),0) -> 0 | T46: 0 | U46: =IFERROR(VLOOKUP(T46,'Puntos XCO'!$A$1:$B$63,2,FALSE),0) -> 0 | V46: =IFERROR(VLOOKUP(C46,RESXCC_1,9,FALSE),0) -> 20 | W46: =IFERROR(VLOOKUP(V46,'Puntos XCC Mayor'!$A$1:$B$15,2,FALSE),0) -> 0 | X46: =IFERROR(VLOOKUP(C46,RESXCO,9,FALSE),0) -> 0 | Y46: =IFERROR(VLOOKUP(X46,'Puntos XCO'!$A$1:$B$63,2,FALSE),0) -> 0 | Z46: =G46+I46+K46+M46+O46+Q46+S46+U46+W46+Y46 -> 144
A47: 33 | B47: 27 | C47: 315 | D47: =VLOOKUP(C47,PLANILLA,2,FALSE) -> MALDONADO Franco | E47: =VLOOKUP(C47,PLANILLA,4,FALSE) -> DESAMPARADOS | F47: 0 | G47: 0 | H47: 21 | I47: 56 | J47: 21 | K47: 0 | L47: 30 | M47: 38 | O47: =IFERROR(VLOOKUP(N47,'Puntos XCC Menor'!$A$1:$B$15,2,FALSE),0) -> 0 | P47: 0 | Q47: =IFERROR(VLOOKUP(P47,'Puntos XCO'!$A$1:$B$63,2,FALSE),0) -> 0 | R47: 24 | S47: =IFERROR(VLOOKUP(R47,'Puntos XCC Menor'!$A$1:$B$15,2,FALSE),0) -> 0 | T47: 25 | U47: =IFERROR(VLOOKUP(T47,'Puntos XCO'!$A$1:$B$63,2,FALSE),0) -> 48 | V47: =IFERROR(VLOOKUP(C47,RESXCC_1,9,FALSE),0) -> 0 | W47: =IFERROR(VLOOKUP(V47,'Puntos XCC Mayor'!$A$1:$B$15,2,FALSE),0) -> 0 | X47: =IFERROR(VLOOKUP(C47,RESXCO,9,FALSE),0) -> 0 | Y47: =IFERROR(VLOOKUP(X47,'Puntos XCO'!$A$1:$B$63,2,FALSE),0) -> 0 | Z47: =G47+I47+K47+M47+O47+Q47+S47+U47+W47+Y47 -> 142
A48: 34 | B48: 28 | C48: 322 | D48: =VLOOKUP(C48,PLANILLA,2,FALSE) -> DUARTE Luis Andrés* | E48: =VLOOKUP(C48,PLANILLA,4,FALSE) -> ESCUELA GUIDO BLANCO CCDRLIBERIA | F48: 0 | G48: 0 | H48: 27 | I48: 44 | J48: 31 | K48: 0 | L48: 31 | M48: 36 | O48: =IFERROR(VLOOKUP(N48,'Puntos XCC Menor'!$A$1:$B$15,2,FALSE),0) -> 0 | P48: 23 | Q48: =IFERROR(VLOOKUP(P48,'Puntos XCO'!$A$1:$B$63,2,FALSE),0) -> 52 | R48: 27 | S48: =IFERROR(VLOOKUP(R48,'Puntos XCC Menor'!$A$1:$B$15,2,FALSE),0) -> 0 | T48: 0 | U48: =IFERROR(VLOOKUP(T48,'Puntos XCO'!$A$1:$B$63,2,FALSE),0) -> 0 | V48: =IFERROR(VLOOKUP(C48,RESXCC_1,9,FALSE),0) -> 0 | W48: =IFERROR(VLOOKUP(V48,'Puntos XCC Mayor'!$A$1:$B$15,2,FALSE),0) -> 0 | X48: =IFERROR(VLOOKUP(C48,RESXCO,9,FALSE),0) -> 0 | Y48: =IFERROR(VLOOKUP(X48,'Puntos XCO'!$A$1:$B$63,2,FALSE),0) -> 0 | Z48: =G48+I48+K48+M48+O48+Q48+S48+U48+W48+Y48 -> 132
A49: 35 | B49: 29 | C49: 335 | D49: =VLOOKUP(C49,PLANILLA,2,FALSE) -> BARRANTES Thomas * | E49: =VLOOKUP(C49,PLANILLA,4,FALSE) -> ASOC. CICLISTICA GRIEGA | F49: 22 | G49: 0 | H49: 18 | I49: 62 | J49: 22 | K49: 0 | L49: 17 | M49: 64 | O49: =IFERROR(VLOOKUP(N49,'Puntos XCC Menor'!$A$1:$B$15,2,FALSE),0) -> 0 | P49: 0 | Q49: =IFERROR(VLOOKUP(P49,'Puntos XCO'!$A$1:$B$63,2,FALSE),0) -> 0 | R49: 0 | S49: =IFERROR(VLOOKUP(R49,'Puntos XCC Menor'!$A$1:$B$15,2,FALSE),0) -> 0 | T49: 0 | U49: =IFERROR(VLOOKUP(T49,'Puntos XCO'!$A$1:$B$63,2,FALSE),0) -> 0 | V49: =IFERROR(VLOOKUP(C49,RESXCC_1,9,FALSE),0) -> 0 | W49: =IFERROR(VLOOKUP(V49,'Puntos XCC Mayor'!$A$1:$B$15,2,FALSE),0) -> 0 | X49: =IFERROR(VLOOKUP(C49,RESXCO,9,FALSE),0) -> 0 | Y49: =IFERROR(VLOOKUP(X49,'Puntos XCO'!$A$1:$B$63,2,FALSE),0) -> 0 | Z49: =G49+I49+K49+M49+O49+Q49+S49+U49+W49+Y49 -> 126
A50: 36 | B50: 39 | C50: 317 | D50: =VLOOKUP(C50,PLANILLA,2,FALSE) -> MOYA Santiago* | E50: =VLOOKUP(C50,PLANILLA,4,FALSE) -> CCDR PARAÍSO | F50: 31 | G50: 0 | H50: 22 | I50: 54 | J50: 30 | K50: 0 | L50: 34 | M50: 30 | O50: =IFERROR(VLOOKUP(N50,'Puntos XCC Menor'!$A$1:$B$15,2,FALSE),0) -> 0 | P50: 0 | Q50: =IFERROR(VLOOKUP(P50,'Puntos XCO'!$A$1:$B$63,2,FALSE),0) -> 0 | R50: 0 | S50: =IFERROR(VLOOKUP(R50,'Puntos XCC Menor'!$A$1:$B$15,2,FALSE),0) -> 0 | T50: 0 | U50: =IFERROR(VLOOKUP(T50,'Puntos XCO'!$A$1:$B$63,2,FALSE),0) -> 0 | V50: =IFERROR(VLOOKUP(C50,RESXCC_1,9,FALSE),0) -> 30 | W50: =IFERROR(VLOOKUP(V50,'Puntos XCC Mayor'!$A$1:$B$15,2,FALSE),0) -> 0 | X50: =IFERROR(VLOOKUP(C50,RESXCO,9,FALSE),0) -> 31 | Y50: =IFERROR(VLOOKUP(X50,'Puntos XCO'!$A$1:$B$63,2,FALSE),0) -> 36 | Z50: =G50+I50+K50+M50+O50+Q50+S50+U50+W50+Y50 -> 120
A51: 37 | B51: 32 | C51: 344 | D51: =VLOOKUP(C51,PLANILLA,2,FALSE) -> ACOSTA Jakob | E51: =VLOOKUP(C51,PLANILLA,4,FALSE) -> CCDR SAN JOSÉ | J51: 13 | K51: 0 | L51: 24 | M51: 50 | O51: =IFERROR(VLOOKUP(N51,'Puntos XCC Menor'!$A$1:$B$15,2,FALSE),0) -> 0 | P51: 0 | Q51: =IFERROR(VLOOKUP(P51,'Puntos XCO'!$A$1:$B$63,2,FALSE),0) -> 0 | R51: 20 | S51: =IFERROR(VLOOKUP(R51,'Puntos XCC Menor'!$A$1:$B$15,2,FALSE),0) -> 0 | T51: 15 | U51: =IFERROR(VLOOKUP(T51,'Puntos XCO'!$A$1:$B$63,2,FALSE),0) -> 68 | V51: =IFERROR(VLOOKUP(C51,RESXCC_1,9,FALSE),0) -> 0 | W51: =IFERROR(VLOOKUP(V51,'Puntos XCC Mayor'!$A$1:$B$15,2,FALSE),0) -> 0 | X51: =IFERROR(VLOOKUP(C51,RESXCO,9,FALSE),0) -> 0 | Y51: =IFERROR(VLOOKUP(X51,'Puntos XCO'!$A$1:$B$63,2,FALSE),0) -> 0 | Z51: =G51+I51+K51+M51+O51+Q51+S51+U51+W51+Y51 -> 118
A52: 38 | B52: 40 | C52: 324 | D52: =VLOOKUP(C52,PLANILLA,2,FALSE) -> ALVAREZ Mateo* | E52: =VLOOKUP(C52,PLANILLA,4,FALSE) -> CCDR ESCAZU | F52: 0 | G52: 0 | H52: 28 | I52: 42 | J52: 32 | K52: 0 | L52: 0 | M52: 0 | O52: =IFERROR(VLOOKUP(N52,'Puntos XCC Menor'!$A$1:$B$15,2,FALSE),0) -> 0 | P52: 0 | Q52: =IFERROR(VLOOKUP(P52,'Puntos XCO'!$A$1:$B$63,2,FALSE),0) -> 0 | R52: 31 | S52: =IFERROR(VLOOKUP(R52,'Puntos XCC Menor'!$A$1:$B$15,2,FALSE),0) -> 0 | T52: 28 | U52: =IFERROR(VLOOKUP(T52,'Puntos XCO'!$A$1:$B$63,2,FALSE),0) -> 42 | V52: =IFERROR(VLOOKUP(C52,RESXCC_1,9,FALSE),0) -> 32 | W52: =IFERROR(VLOOKUP(V52,'Puntos XCC Mayor'!$A$1:$B$15,2,FALSE),0) -> 0 | X52: =IFERROR(VLOOKUP(C52,RESXCO,9,FALSE),0) -> 34 | Y52: =IFERROR(VLOOKUP(X52,'Puntos XCO'!$A$1:$B$63,2,FALSE),0) -> 30 | Z52: =G52+I52+K52+M52+O52+Q52+S52+U52+W52+Y52 -> 114
A53: 39 | B53: 44 | C53: 351 | D53: =VLOOKUP(C53,PLANILLA,2,FALSE) -> SALAS Matías | E53: =VLOOKUP(C53,PLANILLA,4,FALSE) -> CODEA | R53: 29 | S53: =IFERROR(VLOOKUP(R53,'Puntos XCC Menor'!$A$1:$B$15,2,FALSE),0) -> 0 | T53: 23 | U53: =IFERROR(VLOOKUP(T53,'Puntos XCO'!$A$1:$B$63,2,FALSE),0) -> 52 | V53: =IFERROR(VLOOKUP(C53,RESXCC_1,9,FALSE),0) -> 35 | W53: =IFERROR(VLOOKUP(V53,'Puntos XCC Mayor'!$A$1:$B$15,2,FALSE),0) -> 0 | X53: =IFERROR(VLOOKUP(C53,RESXCO,9,FALSE),0) -> 29 | Y53: =IFERROR(VLOOKUP(X53,'Puntos XCO'!$A$1:$B$63,2,FALSE),0) -> 40 | Z53: =G53+I53+K53+M53+O53+Q53+S53+U53+W53+Y53 -> 92
A54: 40 | B54: 42 | C54: 340 | D54: =VLOOKUP(C54,PLANILLA,2,FALSE) -> GUEVARA Esteban Mauricio* | E54: =VLOOKUP(C54,PLANILLA,4,FALSE) -> CCDR SANTA CRUZ | F54: 29 | G54: 0 | H54: 19 | I54: 60 | J54: 0 | K54: 0 | L54: 0 | M54: 0 | O54: =IFERROR(VLOOKUP(N54,'Puntos XCC Menor'!$A$1:$B$15,2,FALSE),0) -> 0 | P54: 0 | Q54: =IFERROR(VLOOKUP(P54,'Puntos XCO'!$A$1:$B$63,2,FALSE),0) -> 0 | R54: 0 | S54: =IFERROR(VLOOKUP(R54,'Puntos XCC Menor'!$A$1:$B$15,2,FALSE),0) -> 0 | T54: 0 | U54: =IFERROR(VLOOKUP(T54,'Puntos XCO'!$A$1:$B$63,2,FALSE),0) -> 0 | V54: =IFERROR(VLOOKUP(C54,RESXCC_1,9,FALSE),0) -> 29 | W54: =IFERROR(VLOOKUP(V54,'Puntos XCC Mayor'!$A$1:$B$15,2,FALSE),0) -> 0 | X54: =IFERROR(VLOOKUP(C54,RESXCO,9,FALSE),0) -> 33 | Y54: =IFERROR(VLOOKUP(X54,'Puntos XCO'!$A$1:$B$63,2,FALSE),0) -> 32 | Z54: =G54+I54+K54+M54+O54+Q54+S54+U54+W54+Y54 -> 92
A55: 41 | B55: 36 | C55: 350 | D55: =VLOOKUP(C55,PLANILLA,2,FALSE) -> CARBALLO Bryan* | E55: =VLOOKUP(C55,PLANILLA,4,FALSE) -> BIKERS RACING TEAM | O55: =IFERROR(VLOOKUP(N55,'Puntos XCC Menor'!$A$1:$B$15,2,FALSE),0) -> 0 | P55: 7 | Q55: =IFERROR(VLOOKUP(P55,'Puntos XCO'!$A$1:$B$63,2,FALSE),0) -> 90 | R55: 0 | S55: =IFERROR(VLOOKUP(R55,'Puntos XCC Menor'!$A$1:$B$15,2,FALSE),0) -> 0 | T55: 0 | U55: =IFERROR(VLOOKUP(T55,'Puntos XCO'!$A$1:$B$63,2,FALSE),0) -> 0 | V55: =IFERROR(VLOOKUP(C55,RESXCC_1,9,FALSE),0) -> 0 | W55: =IFERROR(VLOOKUP(V55,'Puntos XCC Mayor'!$A$1:$B$15,2,FALSE),0) -> 0 | X55: =IFERROR(VLOOKUP(C55,RESXCO,9,FALSE),0) -> 0 | Y55: =IFERROR(VLOOKUP(X55,'Puntos XCO'!$A$1:$B$63,2,FALSE),0) -> 0 | Z55: =G55+I55+K55+M55+O55+Q55+S55+U55+W55+Y55 -> 90
A56: 42 | B56: 37 | C56: 318 | D56: =VLOOKUP(C56,PLANILLA,2,FALSE) -> CAMPOS Moisés* | E56: =VLOOKUP(C56,PLANILLA,4,FALSE) -> CCDR PARAÍSO | F56: 28 | G56: 0 | H56: 25 | I56: 48 | J56: 35 | K56: 0 | L56: 0 | M56: 0 | O56: =IFERROR(VLOOKUP(N56,'Puntos XCC Menor'!$A$1:$B$15,2,FALSE),0) -> 0 | P56: 0 | Q56: =IFERROR(VLOOKUP(P56,'Puntos XCO'!$A$1:$B$63,2,FALSE),0) -> 0 | R56: 0 | S56: =IFERROR(VLOOKUP(R56,'Puntos XCC Menor'!$A$1:$B$15,2,FALSE),0) -> 0 | T56: 29 | U56: =IFERROR(VLOOKUP(T56,'Puntos XCO'!$A$1:$B$63,2,FALSE),0) -> 40 | V56: =IFERROR(VLOOKUP(C56,RESXCC_1,9,FALSE),0) -> 0 | W56: =IFERROR(VLOOKUP(V56,'Puntos XCC Mayor'!$A$1:$B$15,2,FALSE),0) -> 0 | X56: =IFERROR(VLOOKUP(C56,RESXCO,9,FALSE),0) -> 0 | Y56: =IFERROR(VLOOKUP(X56,'Puntos XCO'!$A$1:$B$63,2,FALSE),0) -> 0 | Z56: =G56+I56+K56+M56+O56+Q56+S56+U56+W56+Y56 -> 88
A57: 43 | B57: 46 | C57: 352 | D57: =VLOOKUP(C57,PLANILLA,2,FALSE) -> PORTUGUÉS Mathias* | E57: =VLOOKUP(C57,PLANILLA,4,FALSE) -> CCDR PARAÍSO | R57: 0 | S57: =IFERROR(VLOOKUP(R57,'Puntos XCC Menor'!$A$1:$B$15,2,FALSE),0) -> 0 | T57: 30 | U57: =IFERROR(VLOOKUP(T57,'Puntos XCO'!$A$1:$B$63,2,FALSE),0) -> 38 | V57: =IFERROR(VLOOKUP(C57,RESXCC_1,9,FALSE),0) -> 31 | W57: =IFERROR(VLOOKUP(V57,'Puntos XCC Mayor'!$A$1:$B$15,2,FALSE),0) -> 0 | X57: =IFERROR(VLOOKUP(C57,RESXCO,9,FALSE),0) -> 30 | Y57: =IFERROR(VLOOKUP(X57,'Puntos XCO'!$A$1:$B$63,2,FALSE),0) -> 38 | Z57: =G57+I57+K57+M57+O57+Q57+S57+U57+W57+Y57 -> 76
A58: 44 | B58: 41 | C58: 338 | D58: =VLOOKUP(C58,PLANILLA,2,FALSE) -> PICADO Emiliano | E58: =VLOOKUP(C58,PLANILLA,4,FALSE) -> DONDE LANDA | F58: 0 | G58: 0 | H58: 26 | I58: 46 | J58: 0 | K58: 0 | L58: 35 | M58: 29 | O58: =IFERROR(VLOOKUP(N58,'Puntos XCC Menor'!$A$1:$B$15,2,FALSE),0) -> 0 | P58: 0 | Q58: =IFERROR(VLOOKUP(P58,'Puntos XCO'!$A$1:$B$63,2,FALSE),0) -> 0 | R58: 0 | S58: =IFERROR(VLOOKUP(R58,'Puntos XCC Menor'!$A$1:$B$15,2,FALSE),0) -> 0 | T58: 0 | U58: =IFERROR(VLOOKUP(T58,'Puntos XCO'!$A$1:$B$63,2,FALSE),0) -> 0 | V58: =IFERROR(VLOOKUP(C58,RESXCC_1,9,FALSE),0) -> 0 | W58: =IFERROR(VLOOKUP(V58,'Puntos XCC Mayor'!$A$1:$B$15,2,FALSE),0) -> 0 | X58: =IFERROR(VLOOKUP(C58,RESXCO,9,FALSE),0) -> 0 | Y58: =IFERROR(VLOOKUP(X58,'Puntos XCO'!$A$1:$B$63,2,FALSE),0) -> 0 | Z58: =G58+I58+K58+M58+O58+Q58+S58+U58+W58+Y58 -> 75
A59: 45 | C59: 312 | D59: =VLOOKUP(C59,PLANILLA,2,FALSE) -> VARGAS Saul* | E59: =VLOOKUP(C59,PLANILLA,4,FALSE) -> ULTIMATE TEAM | F59: 0 | G59: 0 | H59: 0 | I59: 0 | J59: 0 | K59: 0 | L59: 0 | M59: 0 | O59: =IFERROR(VLOOKUP(N59,'Puntos XCC Menor'!$A$1:$B$15,2,FALSE),0) -> 0 | P59: 0 | Q59: =IFERROR(VLOOKUP(P59,'Puntos XCO'!$A$1:$B$63,2,FALSE),0) -> 0 | R59: 0 | S59: =IFERROR(VLOOKUP(R59,'Puntos XCC Menor'!$A$1:$B$15,2,FALSE),0) -> 0 | T59: 0 | U59: =IFERROR(VLOOKUP(T59,'Puntos XCO'!$A$1:$B$63,2,FALSE),0) -> 0 | V59: =IFERROR(VLOOKUP(C59,RESXCC_1,9,FALSE),0) -> 28 | W59: =IFERROR(VLOOKUP(V59,'Puntos XCC Mayor'!$A$1:$B$15,2,FALSE),0) -> 0 | X59: =IFERROR(VLOOKUP(C59,RESXCO,9,FALSE),0) -> 13 | Y59: =IFERROR(VLOOKUP(X59,'Puntos XCO'!$A$1:$B$63,2,FALSE),0) -> 72 | Z59: =G59+I59+K59+M59+O59+Q59+S59+U59+W59+Y59 -> 72
A60: 46 | B60: 43 | C60: 339 | D60: =VLOOKUP(C60,PLANILLA,2,FALSE) -> BRENES Tayron Fabián* | E60: =VLOOKUP(C60,PLANILLA,4,FALSE) -> CCDR CARTAGO | F60: 0 | G60: 0 | H60: 23 | I60: 52 | J60: 0 | K60: 0 | L60: 0 | M60: 0 | O60: =IFERROR(VLOOKUP(N60,'Puntos XCC Menor'!$A$1:$B$15,2,FALSE),0) -> 0 | P60: 0 | Q60: =IFERROR(VLOOKUP(P60,'Puntos XCO'!$A$1:$B$63,2,FALSE),0) -> 0 | R60: 0 | S60: =IFERROR(VLOOKUP(R60,'Puntos XCC Menor'!$A$1:$B$15,2,FALSE),0) -> 0 | T60: 0 | U60: =IFERROR(VLOOKUP(T60,'Puntos XCO'!$A$1:$B$63,2,FALSE),0) -> 0 | V60: =IFERROR(VLOOKUP(C60,RESXCC_1,9,FALSE),0) -> 0 | W60: =IFERROR(VLOOKUP(V60,'Puntos XCC Mayor'!$A$1:$B$15,2,FALSE),0) -> 0 | X60: =IFERROR(VLOOKUP(C60,RESXCO,9,FALSE),0) -> 0 | Y60: =IFERROR(VLOOKUP(X60,'Puntos XCO'!$A$1:$B$63,2,FALSE),0) -> 0 | Z60: =G60+I60+K60+M60+O60+Q60+S60+U60+W60+Y60 -> 52
A61: 47 | B61: 45 | C61: 347 | D61: =VLOOKUP(C61,PLANILLA,2,FALSE) -> SALAZAR Adriel* | E61: =VLOOKUP(C61,PLANILLA,4,FALSE) -> CCDR SAN JOSÉ | J61: 26 | K61: 0 | L61: 27 | M61: 44 | O61: =IFERROR(VLOOKUP(N61,'Puntos XCC Menor'!$A$1:$B$15,2,FALSE),0) -> 0 | P61: 0 | Q61: =IFERROR(VLOOKUP(P61,'Puntos XCO'!$A$1:$B$63,2,FALSE),0) -> 0 | R61: 0 | S61: =IFERROR(VLOOKUP(R61,'Puntos XCC Menor'!$A$1:$B$15,2,FALSE),0) -> 0 | T61: 0 | U61: =IFERROR(VLOOKUP(T61,'Puntos XCO'!$A$1:$B$63,2,FALSE),0) -> 0 | V61: =IFERROR(VLOOKUP(C61,RESXCC_1,9,FALSE),0) -> 0 | W61: =IFERROR(VLOOKUP(V61,'Puntos XCC Mayor'!$A$1:$B$15,2,FALSE),0) -> 0 | X61: =IFERROR(VLOOKUP(C61,RESXCO,9,FALSE),0) -> 0 | Y61: =IFERROR(VLOOKUP(X61,'Puntos XCO'!$A$1:$B$63,2,FALSE),0) -> 0 | Z61: =G61+I61+K61+M61+O61+Q61+S61+U61+W61+Y61 -> 44
A62: 48 | C62: 355 | D62: =VLOOKUP(C62,PLANILLA,2,FALSE) -> ALVAREZ Deyler* | E62: =VLOOKUP(C62,PLANILLA,4,FALSE) -> CCDR MATINA-CICLO SALAS BATAAN | V62: =IFERROR(VLOOKUP(C62,RESXCC_1,9,FALSE),0) -> 24 | W62: =IFERROR(VLOOKUP(V62,'Puntos XCC Mayor'!$A$1:$B$15,2,FALSE),0) -> 0 | X62: =IFERROR(VLOOKUP(C62,RESXCO,9,FALSE),0) -> 28 | Y62: =IFERROR(VLOOKUP(X62,'Puntos XCO'!$A$1:$B$63,2,FALSE),0) -> 42 | Z62: =G62+I62+K62+M62+O62+Q62+S62+U62+W62+Y62 -> 42
A63: 49 | B63: 47 | C63: 330 | D63: =VLOOKUP(C63,PLANILLA,2,FALSE) -> CASTRO Juandavid | E63: =VLOOKUP(C63,PLANILLA,4,FALSE) | F63: 20 | G63: 0 | H63: 31 | I63: 36 | J63: 0 | K63: 0 | L63: 0 | M63: 0 | O63: =IFERROR(VLOOKUP(N63,'Puntos XCC Menor'!$A$1:$B$15,2,FALSE),0) -> 0 | P63: 0 | Q63: =IFERROR(VLOOKUP(P63,'Puntos XCO'!$A$1:$B$63,2,FALSE),0) -> 0 | R63: 0 | S63: =IFERROR(VLOOKUP(R63,'Puntos XCC Menor'!$A$1:$B$15,2,FALSE),0) -> 0 | T63: 0 | U63: =IFERROR(VLOOKUP(T63,'Puntos XCO'!$A$1:$B$63,2,FALSE),0) -> 0 | V63: =IFERROR(VLOOKUP(C63,RESXCC_1,9,FALSE),0) -> 0 | W63: =IFERROR(VLOOKUP(V63,'Puntos XCC Mayor'!$A$1:$B$15,2,FALSE),0) -> 0 | X63: =IFERROR(VLOOKUP(C63,RESXCO,9,FALSE),0) -> 0 | Y63: =IFERROR(VLOOKUP(X63,'Puntos XCO'!$A$1:$B$63,2,FALSE),0) -> 0 | Z63: =G63+I63+K63+M63+O63+Q63+S63+U63+W63+Y63 -> 36
A64: 50 | C64: 353 | D64: =VLOOKUP(C64,PLANILLA,2,FALSE) -> CUBERO Sebastián | E64: =VLOOKUP(C64,PLANILLA,4,FALSE) -> CCDR CARTAGO | V64: =IFERROR(VLOOKUP(C64,RESXCC_1,9,FALSE),0) -> 33 | W64: =IFERROR(VLOOKUP(V64,'Puntos XCC Mayor'!$A$1:$B$15,2,FALSE),0) -> 0 | X64: =IFERROR(VLOOKUP(C64,RESXCO,9,FALSE),0) -> 32 | Y64: =IFERROR(VLOOKUP(X64,'Puntos XCO'!$A$1:$B$63,2,FALSE),0) -> 34 | Z64: =G64+I64+K64+M64+O64+Q64+S64+U64+W64+Y64 -> 34
A65: 51 | C65: 354 | D65: =VLOOKUP(C65,PLANILLA,2,FALSE) -> PIZARRO Jose Alejandro* | E65: =VLOOKUP(C65,PLANILLA,4,FALSE) -> CCDR SANTA CRUZ | V65: =IFERROR(VLOOKUP(C65,RESXCC_1,9,FALSE),0) -> 34 | W65: =IFERROR(VLOOKUP(V65,'Puntos XCC Mayor'!$A$1:$B$15,2,FALSE),0) -> 0 | X65: =IFERROR(VLOOKUP(C65,RESXCO,9,FALSE),0) -> 35 | Y65: =IFERROR(VLOOKUP(X65,'Puntos XCO'!$A$1:$B$63,2,FALSE),0) -> 29 | Z65: =G65+I65+K65+M65+O65+Q65+S65+U65+W65+Y65 -> 29
A66: 52 | C66: 356 | D66: =VLOOKUP(C66,PLANILLA,2,FALSE) -> GUIDO Sebastián Manuel* | E66: =VLOOKUP(C66,PLANILLA,4,FALSE) -> CCDR SANTA CRUZ | V66: =IFERROR(VLOOKUP(C66,RESXCC_1,9,FALSE),0) -> 37 | W66: =IFERROR(VLOOKUP(V66,'Puntos XCC Mayor'!$A$1:$B$15,2,FALSE),0) -> 0 | X66: =IFERROR(VLOOKUP(C66,RESXCO,9,FALSE),0) -> 36 | Y66: =IFERROR(VLOOKUP(X66,'Puntos XCO'!$A$1:$B$63,2,FALSE),0) -> 28 | Z66: =G66+I66+K66+M66+O66+Q66+S66+U66+W66+Y66 -> 28
A67: 53 | B67: 48 | C67: 345 | D67: =VLOOKUP(C67,PLANILLA,2,FALSE) -> MONGE Mathias* | E67: =VLOOKUP(C67,PLANILLA,4,FALSE) -> MECATRONICS / MCT COMPONENTS | J67: 36 | K67: 0 | L67: 37 | M67: 27 | O67: =IFERROR(VLOOKUP(N67,'Puntos XCC Menor'!$A$1:$B$15,2,FALSE),0) -> 0 | P67: 0 | Q67: =IFERROR(VLOOKUP(P67,'Puntos XCO'!$A$1:$B$63,2,FALSE),0) -> 0 | R67: 0 | S67: =IFERROR(VLOOKUP(R67,'Puntos XCC Menor'!$A$1:$B$15,2,FALSE),0) -> 0 | T67: 0 | U67: =IFERROR(VLOOKUP(T67,'Puntos XCO'!$A$1:$B$63,2,FALSE),0) -> 0 | V67: =IFERROR(VLOOKUP(C67,RESXCC_1,9,FALSE),0) -> 0 | W67: =IFERROR(VLOOKUP(V67,'Puntos XCC Mayor'!$A$1:$B$15,2,FALSE),0) -> 0 | X67: =IFERROR(VLOOKUP(C67,RESXCO,9,FALSE),0) -> 0 | Y67: =IFERROR(VLOOKUP(X67,'Puntos XCO'!$A$1:$B$63,2,FALSE),0) -> 0 | Z67: =G67+I67+K67+M67+O67+Q67+S67+U67+W67+Y67 -> 27
C68: 308 | D68: =VLOOKUP(C68,PLANILLA,2,FALSE) -> HERRERO Josué* | E68: =VLOOKUP(C68,PLANILLA,4,FALSE) -> CICLISMO BELÉN | F68: 0 | G68: 0 | H68: 0 | I68: 0 | J68: 0 | K68: 0 | L68: 0 | M68: 0 | O68: =IFERROR(VLOOKUP(N68,'Puntos XCC Menor'!$A$1:$B$15,2,FALSE),0) -> 0 | P68: 0 | Q68: =IFERROR(VLOOKUP(P68,'Puntos XCO'!$A$1:$B$63,2,FALSE),0) -> 0 | R68: 0 | S68: =IFERROR(VLOOKUP(R68,'Puntos XCC Menor'!$A$1:$B$15,2,FALSE),0) -> 0 | T68: 0 | U68: =IFERROR(VLOOKUP(T68,'Puntos XCO'!$A$1:$B$63,2,FALSE),0) -> 0 | V68: =IFERROR(VLOOKUP(C68,RESXCC_1,9,FALSE),0) -> 0 | W68: =IFERROR(VLOOKUP(V68,'Puntos XCC Mayor'!$A$1:$B$15,2,FALSE),0) -> 0 | X68: =IFERROR(VLOOKUP(C68,RESXCO,9,FALSE),0) -> 0 | Y68: =IFERROR(VLOOKUP(X68,'Puntos XCO'!$A$1:$B$63,2,FALSE),0) -> 0 | Z68: =G68+I68+K68+M68+O68+Q68+S68+U68+W68+Y68 -> 0
C69: 334 | D69: =VLOOKUP(C69,PLANILLA,2,FALSE) -> SOLIS Santiago* | E69: =VLOOKUP(C69,PLANILLA,4,FALSE) -> BETHEL, MOANA, EDUS , ZARCERO | F69: 15 | G69: 0 | H69: 0 | I69: 0 | J69: 38 | K69: 0 | L69: 0 | M69: 0 | O69: =IFERROR(VLOOKUP(N69,'Puntos XCC Menor'!$A$1:$B$15,2,FALSE),0) -> 0 | P69: 0 | Q69: =IFERROR(VLOOKUP(P69,'Puntos XCO'!$A$1:$B$63,2,FALSE),0) -> 0 | R69: 0 | S69: =IFERROR(VLOOKUP(R69,'Puntos XCC Menor'!$A$1:$B$15,2,FALSE),0) -> 0 | T69: 0 | U69: =IFERROR(VLOOKUP(T69,'Puntos XCO'!$A$1:$B$63,2,FALSE),0) -> 0 | V69: =IFERROR(VLOOKUP(C69,RESXCC_1,9,FALSE),0) -> 0 | W69: =IFERROR(VLOOKUP(V69,'Puntos XCC Mayor'!$A$1:$B$15,2,FALSE),0) -> 0 | X69: =IFERROR(VLOOKUP(C69,RESXCO,9,FALSE),0) -> 0 | Y69: =IFERROR(VLOOKUP(X69,'Puntos XCO'!$A$1:$B$63,2,FALSE),0) -> 0 | Z69: =G69+I69+K69+M69+O69+Q69+S69+U69+W69+Y69 -> 0
C70: 357 | D70: =VLOOKUP(C70,PLANILLA,2,FALSE) -> CASTRO Carlos Isaac | E70: =VLOOKUP(C70,PLANILLA,4,FALSE) -> COMITÉ DE DEPORTES DE ACOSTA | V70: =IFERROR(VLOOKUP(C70,RESXCC_1,9,FALSE),0) -> 0 | W70: =IFERROR(VLOOKUP(V70,'Puntos XCC Mayor'!$A$1:$B$15,2,FALSE),0) -> 0 | X70: =IFERROR(VLOOKUP(C70,RESXCO,9,FALSE),0) -> 0 | Y70: =IFERROR(VLOOKUP(X70,'Puntos XCO'!$A$1:$B$63,2,FALSE),0) -> 0 | Z70: =G70+I70+K70+M70+O70+Q70+S70+U70+W70+Y70 -> 0

Sheet PJF
A8: PREJUVENIL FEMENINO (15-16)
A10: 1 - Finca Grupo Orosi >21 y 22 febrero 2 - Parque La Libertad Desamparados > 28 y 29 marzo 3 - Adventure Park > 16 y 17 mayo 4 - Finca La Hisopa San Pedro de Turrubares > 13 y 14 junio
A11: 5 - > 18 y 19 julio 6 - > 12 y 13 setiembre 7 - > 31 Oct y 01 Nov
A13: POSICION | F13: 1 | J13: 2 | N13: 3 | R13: 4 | V13: 5 | Z13: TOTAL PUNTOS
A14: ACTUAL | B14: ANTERIOR | C14: NO | D14: NOMBRE | E14: EQUIPO | F14: POS XCC | G14: PTOS XCC | H14: POS XCO | I14: PTOS XCO | J14: POS XCC | K14: PTOS XCC | L14: POS XCO | M14: PTOS XCO | N14: POS XCC | O14: PTOS XCC | P14: POS XCO | Q14: PTOS XCO | R14: POS XCC | S14: PTOS XCC | T14: POS XCO | U14: PTOS XCO | V14: POS XCC | W14: PTOS XCC | X14: POS XCO | Y14: PTOS XCO
A15: 1 | B15: 1 | C15: 381 | D15: =VLOOKUP(C15,PLANILLA,2,FALSE) -> JIMENEZ Briana | E15: =VLOOKUP(C15,PLANILLA,4,FALSE) -> BOBBYS CYCLING TEAM | F15: 1 | G15: 10 | H15: 1 | I15: 200 | J15: 1 | K15: 10 | L15: 1 | M15: 200 | O15: =IFERROR(VLOOKUP(N15,'Puntos XCC Menor'!$A$1:$B$15,2,FALSE),0) -> 0 | P15: 1 | Q15: =IFERROR(VLOOKUP(P15,'Puntos XCO'!$A$1:$B$63,2,FALSE),0) -> 200 | R15: 1 | S15: =IFERROR(VLOOKUP(R15,'Puntos XCC Menor'!$A$1:$B$15,2,FALSE),0) -> 10 | T15: 1 | U15: =IFERROR(VLOOKUP(T15,'Puntos XCO'!$A$1:$B$63,2,FALSE),0) -> 200 | V15: =IFERROR(VLOOKUP(C15,RESXCC_1,9,FALSE),0) -> 1 | W15: =IFERROR(VLOOKUP(V15,'Puntos XCC Mayor'!$A$1:$B$15,2,FALSE),0) -> 25 | X15: =IFERROR(VLOOKUP(C15,RESXCO,9,FALSE),0) -> 2 | Y15: =IFERROR(VLOOKUP(X15,'Puntos XCO'!$A$1:$B$63,2,FALSE),0) -> 150 | Z15: =G15+I15+K15+M15+O15+Q15+S15+U15+W15+Y15 -> 1005
A16: 2 | B16: 2 | C16: 387 | D16: =VLOOKUP(C16,PLANILLA,2,FALSE) -> AZOFEIFA Sofia* | E16: =VLOOKUP(C16,PLANILLA,4,FALSE) -> BOBBYS CYCLING TEAM | F16: 2 | G16: 9 | H16: 2 | I16: 150 | J16: 2 | K16: 9 | L16: 3 | M16: 120 | O16: =IFERROR(VLOOKUP(N16,'Puntos XCC Menor'!$A$1:$B$15,2,FALSE),0) -> 0 | P16: 0 | Q16: =IFERROR(VLOOKUP(P16,'Puntos XCO'!$A$1:$B$63,2,FALSE),0) -> 0 | R16: 3 | S16: =IFERROR(VLOOKUP(R16,'Puntos XCC Menor'!$A$1:$B$15,2,FALSE),0) -> 8 | T16: 2 | U16: =IFERROR(VLOOKUP(T16,'Puntos XCO'!$A$1:$B$63,2,FALSE),0) -> 150 | V16: =IFERROR(VLOOKUP(C16,RESXCC_1,9,FALSE),0) -> 2 | W16: =IFERROR(VLOOKUP(V16,'Puntos XCC Mayor'!$A$1:$B$15,2,FALSE),0) -> 20 | X16: =IFERROR(VLOOKUP(C16,RESXCO,9,FALSE),0) -> 3 | Y16: =IFERROR(VLOOKUP(X16,'Puntos XCO'!$A$1:$B$63,2,FALSE),0) -> 120 | Z16: =G16+I16+K16+M16+O16+Q16+S16+U16+W16+Y16 -> 586
A17: 3 | B17: 3 | C17: 384 | D17: =VLOOKUP(C17,PLANILLA,2,FALSE) -> SOLIS Nathalia Fabiana* | E17: =VLOOKUP(C17,PLANILLA,4,FALSE) -> CCDR ALAJUELA | F17: 0 | G17: 0 | H17: 8 | I17: 85 | J17: 8 | K17: 3 | L17: 6 | M17: 95 | O17: =IFERROR(VLOOKUP(N17,'Puntos XCC Menor'!$A$1:$B$15,2,FALSE),0) -> 0 | P17: 3 | Q17: =IFERROR(VLOOKUP(P17,'Puntos XCO'!$A$1:$B$63,2,FALSE),0) -> 120 | R17: 6 | S17: =IFERROR(VLOOKUP(R17,'Puntos XCC Menor'!$A$1:$B$15,2,FALSE),0) -> 5 | T17: 4 | U17: =IFERROR(VLOOKUP(T17,'Puntos XCO'!$A$1:$B$63,2,FALSE),0) -> 110 | V17: =IFERROR(VLOOKUP(C17,RESXCC_1,9,FALSE),0) -> 7 | W17: =IFERROR(VLOOKUP(V17,'Puntos XCC Mayor'!$A$1:$B$15,2,FALSE),0) -> 9 | X17: =IFERROR(VLOOKUP(C17,RESXCO,9,FALSE),0) -> 6 | Y17: =IFERROR(VLOOKUP(X17,'Puntos XCO'!$A$1:$B$63,2,FALSE),0) -> 95 | Z17: =G17+I17+K17+M17+O17+Q17+S17+U17+W17+Y17 -> 522
A18: 4 | B18: 7 | C18: 382 | D18: =VLOOKUP(C18,PLANILLA,2,FALSE) -> CASTRO Camila | E18: =VLOOKUP(C18,PLANILLA,4,FALSE) -> CCDR SANTA ANA | F18: 3 | G18: 8 | H18: 4 | I18: 110 | J18: 3 | K18: 8 | L18: 2 | M18: 150 | O18: =IFERROR(VLOOKUP(N18,'Puntos XCC Menor'!$A$1:$B$15,2,FALSE),0) -> 0 | P18: 0 | Q18: =IFERROR(VLOOKUP(P18,'Puntos XCO'!$A$1:$B$63,2,FALSE),0) -> 0 | R18: 5 | S18: =IFERROR(VLOOKUP(R18,'Puntos XCC Menor'!$A$1:$B$15,2,FALSE),0) -> 6 | T18: 0 | U18: =IFERROR(VLOOKUP(T18,'Puntos XCO'!$A$1:$B$63,2,FALSE),0) -> 0 | V18: =IFERROR(VLOOKUP(C18,RESXCC_1,9,FALSE),0) -> 3 | W18: =IFERROR(VLOOKUP(V18,'Puntos XCC Mayor'!$A$1:$B$15,2,FALSE),0) -> 16 | X18: =IFERROR(VLOOKUP(C18,RESXCO,9,FALSE),0) -> 1 | Y18: =IFERROR(VLOOKUP(X18,'Puntos XCO'!$A$1:$B$63,2,FALSE),0) -> 200 | Z18: =G18+I18+K18+M18+O18+Q18+S18+U18+W18+Y18 -> 498
A19: 5 | B19: 4 | C19: 388 | D19: =VLOOKUP(C19,PLANILLA,2,FALSE) -> CÉSPEDES Isabella Jazlene* | E19: =VLOOKUP(C19,PLANILLA,4,FALSE) -> SKALA MONTEVERDE/ CCDR MONTEVERDE | F19: 7 | G19: 4 | H19: 6 | I19: 95 | J19: 7 | K19: 4 | L19: 0 | M19: 0 | O19: =IFERROR(VLOOKUP(N19,'Puntos XCC Menor'!$A$1:$B$15,2,FALSE),0) -> 0 | P19: 2 | Q19: =IFERROR(VLOOKUP(P19,'Puntos XCO'!$A$1:$B$63,2,FALSE),0) -> 150 | R19: 4 | S19: =IFERROR(VLOOKUP(R19,'Puntos XCC Menor'!$A$1:$B$15,2,FALSE),0) -> 7 | T19: 3 | U19: =IFERROR(VLOOKUP(T19,'Puntos XCO'!$A$1:$B$63,2,FALSE),0) -> 120 | V19: =IFERROR(VLOOKUP(C19,RESXCC_1,9,FALSE),0) -> 6 | W19: =IFERROR(VLOOKUP(V19,'Puntos XCC Mayor'!$A$1:$B$15,2,FALSE),0) -> 10 | X19: =IFERROR(VLOOKUP(C19,RESXCO,9,FALSE),0) -> 7 | Y19: =IFERROR(VLOOKUP(X19,'Puntos XCO'!$A$1:$B$63,2,FALSE),0) -> 90 | Z19: =G19+I19+K19+M19+O19+Q19+S19+U19+W19+Y19 -> 480
A20: 6 | B20: 5 | C20: 386 | D20: =VLOOKUP(C20,PLANILLA,2,FALSE) -> LIZANO Nicole Daniela | E20: =VLOOKUP(C20,PLANILLA,4,FALSE) -> MEGAMO MANZATÉ LA SELVA | F20: 4 | G20: 7 | H20: 3 | I20: 120 | J20: 5 | K20: 6 | L20: 5 | M20: 100 | O20: =IFERROR(VLOOKUP(N20,'Puntos XCC Menor'!$A$1:$B$15,2,FALSE),0) -> 0 | P20: 0 | Q20: =IFERROR(VLOOKUP(P20,'Puntos XCO'!$A$1:$B$63,2,FALSE),0) -> 0 | R20: 2 | S20: =IFERROR(VLOOKUP(R20,'Puntos XCC Menor'!$A$1:$B$15,2,FALSE),0) -> 9 | T20: 5 | U20: =IFERROR(VLOOKUP(T20,'Puntos XCO'!$A$1:$B$63,2,FALSE),0) -> 100 | V20: =IFERROR(VLOOKUP(C20,RESXCC_1,9,FALSE),0) -> 4 | W20: =IFERROR(VLOOKUP(V20,'Puntos XCC Mayor'!$A$1:$B$15,2,FALSE),0) -> 14 | X20: =IFERROR(VLOOKUP(C20,RESXCO,9,FALSE),0) -> 4 | Y20: =IFERROR(VLOOKUP(X20,'Puntos XCO'!$A$1:$B$63,2,FALSE),0) -> 110 | Z20: =G20+I20+K20+M20+O20+Q20+S20+U20+W20+Y20 -> 466
A21: 7 | B21: 6 | C21: 385 | D21: =VLOOKUP(C21,PLANILLA,2,FALSE) -> OVIEDO Camila | E21: =VLOOKUP(C21,PLANILLA,4,FALSE) -> CICLISMO BELEN | F21: 5 | G21: 6 | H21: 5 | I21: 100 | J21: 4 | K21: 7 | L21: 7 | M21: 90 | O21: =IFERROR(VLOOKUP(N21,'Puntos XCC Menor'!$A$1:$B$15,2,FALSE),0) -> 0 | P21: 0 | Q21: =IFERROR(VLOOKUP(P21,'Puntos XCO'!$A$1:$B$63,2,FALSE),0) -> 0 | R21: 0 | S21: =IFERROR(VLOOKUP(R21,'Puntos XCC Menor'!$A$1:$B$15,2,FALSE),0) -> 0 | T21: 6 | U21: =IFERROR(VLOOKUP(T21,'Puntos XCO'!$A$1:$B$63,2,FALSE),0) -> 95 | V21: =IFERROR(VLOOKUP(C21,RESXCC_1,9,FALSE),0) -> 8 | W21: =IFERROR(VLOOKUP(V21,'Puntos XCC Mayor'!$A$1:$B$15,2,FALSE),0) -> 8 | X21: =IFERROR(VLOOKUP(C21,RESXCO,9,FALSE),0) -> 8 | Y21: =IFERROR(VLOOKUP(X21,'Puntos XCO'!$A$1:$B$63,2,FALSE),0) -> 85 | Z21: =G21+I21+K21+M21+O21+Q21+S21+U21+W21+Y21 -> 391
A22: 8 | B22: 8 | C22: 383 | D22: =VLOOKUP(C22,PLANILLA,2,FALSE) -> ALFARO María Isabella* | E22: =VLOOKUP(C22,PLANILLA,4,FALSE) -> CCDR SANTA ANA | F22: 6 | G22: 5 | H22: 7 | I22: 90 | J22: 6 | K22: 5 | L22: 4 | M22: 110 | O22: =IFERROR(VLOOKUP(N22,'Puntos XCC Menor'!$A$1:$B$15,2,FALSE),0) -> 0 | P22: 0 | Q22: =IFERROR(VLOOKUP(P22,'Puntos XCO'!$A$1:$B$63,2,FALSE),0) -> 0 | R22: 0 | S22: =IFERROR(VLOOKUP(R22,'Puntos XCC Menor'!$A$1:$B$15,2,FALSE),0) -> 0 | T22: 0 | U22: =IFERROR(VLOOKUP(T22,'Puntos XCO'!$A$1:$B$63,2,FALSE),0) -> 0 | V22: =IFERROR(VLOOKUP(C22,RESXCC_1,9,FALSE),0) -> 5 | W22: =IFERROR(VLOOKUP(V22,'Puntos XCC Mayor'!$A$1:$B$15,2,FALSE),0) -> 12 | X22: =IFERROR(VLOOKUP(C22,RESXCO,9,FALSE),0) -> 5 | Y22: =IFERROR(VLOOKUP(X22,'Puntos XCO'!$A$1:$B$63,2,FALSE),0) -> 100 | Z22: =G22+I22+K22+M22+O22+Q22+S22+U22+W22+Y22 -> 322
A23: 9 | B23: 9 | C23: 390 | D23: =VLOOKUP(C23,PLANILLA,2,FALSE) -> GUTIÉRREZ Gaele Sofia* | E23: =VLOOKUP(C23,PLANILLA,4,FALSE) -> CCDR SANTA CRUZ NUMU | J23: 9 | K23: 2 | L23: 8 | M23: 85 | O23: =IFERROR(VLOOKUP(N23,'Puntos XCC Menor'!$A$1:$B$15,2,FALSE),0) -> 0 | P23: 0 | Q23: =IFERROR(VLOOKUP(P23,'Puntos XCO'!$A$1:$B$63,2,FALSE),0) -> 0 | R23: 0 | S23: =IFERROR(VLOOKUP(R23,'Puntos XCC Menor'!$A$1:$B$15,2,FALSE),0) -> 0 | T23: 0 | U23: =IFERROR(VLOOKUP(T23,'Puntos XCO'!$A$1:$B$63,2,FALSE),0) -> 0 | V23: =IFERROR(VLOOKUP(C23,RESXCC_1,9,FALSE),0) -> 0 | W23: =IFERROR(VLOOKUP(V23,'Puntos XCC Mayor'!$A$1:$B$15,2,FALSE),0) -> 0 | X23: =IFERROR(VLOOKUP(C23,RESXCO,9,FALSE),0) -> 9 | Y23: =IFERROR(VLOOKUP(X23,'Puntos XCO'!$A$1:$B$63,2,FALSE),0) -> 80 | Z23: =G23+I23+K23+M23+O23+Q23+S23+U23+W23+Y23 -> 167
C24: 389 | D24: =VLOOKUP(C24,PLANILLA,2,FALSE) -> PÉREZ Alexa | E24: =VLOOKUP(C24,PLANILLA,4,FALSE) -> CICLISMO TURRIALBA | F24: 0 | G24: 0 | H24: 0 | I24: 0 | J24: 0 | K24: 0 | L24: 0 | M24: 0 | O24: =IFERROR(VLOOKUP(N24,'Puntos XCC Menor'!$A$1:$B$15,2,FALSE),0) -> 0 | P24: 0 | Q24: =IFERROR(VLOOKUP(P24,'Puntos XCO'!$A$1:$B$63,2,FALSE),0) -> 0 | R24: 0 | S24: =IFERROR(VLOOKUP(R24,'Puntos XCC Menor'!$A$1:$B$15,2,FALSE),0) -> 0 | T24: 0 | U24: =IFERROR(VLOOKUP(T24,'Puntos XCO'!$A$1:$B$63,2,FALSE),0) -> 0 | V24: =IFERROR(VLOOKUP(C24,RESXCC_1,9,FALSE),0) -> 0 | W24: =IFERROR(VLOOKUP(V24,'Puntos XCC Mayor'!$A$1:$B$15,2,FALSE),0) -> 0 | X24: =IFERROR(VLOOKUP(C24,RESXCO,9,FALSE),0) -> 0 | Y24: =IFERROR(VLOOKUP(X24,'Puntos XCO'!$A$1:$B$63,2,FALSE),0) -> 0 | Z24: =G24+I24+K24+M24+O24+Q24+S24+U24+W24+Y24 -> 0

Sheet IM
A8: INFANTIL MASCULINO (13-14)
A10: 1 - Finca Grupo Orosi >21 y 22 febrero 2 - Parque La Libertad Desamparados > 28 y 29 marzo 3 - Adventure Park > 16 y 17 mayo 4 - Finca La Hisopa San Pedro de Turrubares > 13 y 14 junio
A11: 5 - > 18 y 19 julio 6 - > 12 y 13 setiembre 7 - > 31 Oct y 01 Nov
A13: POSICION | F13: 1 | J13: 2 | N13: 3 | R13: 4 | V13: 5 | Z13: TOTAL PUNTOS
A14: ACTUAL | B14: ANTERIOR | C14: NO | D14: NOMBRE | E14: EQUIPO | F14: POS XCC | G14: PTOS XCC | H14: POS XCO | I14: PTOS XCO | J14: POS XCC | K14: PTOS XCC | L14: POS XCO | M14: PTOS XCO | N14: POS XCC | O14: PTOS XCC | P14: POS XCO | Q14: PTOS XCO | R14: POS XCC | S14: PTOS XCC | T14: POS XCO | U14: PTOS XCO | V14: POS XCC | W14: PTOS XCC | X14: POS XCO | Y14: PTOS XCO
A15: 1 | B15: 1 | C15: 510 | D15: =VLOOKUP(C15,PLANILLA,2,FALSE) -> RODRÍGUEZ Joaquín | E15: =VLOOKUP(C15,PLANILLA,4,FALSE) -> CCDR SAN JOSE | F15: 6 | G15: 5 | H15: 1 | I15: 200 | J15: 1 | K15: 10 | L15: 1 | M15: 200 | N15: =IFERROR(VLOOKUP(C15,RESXCC_1,9,FALSE),0) -> 1 | O15: =IFERROR(VLOOKUP(N15,'Puntos XCC Menor'!$A$1:$B$15,2,FALSE),0) -> 10 | P15: 1 | Q15: =IFERROR(VLOOKUP(P15,'Puntos XCO'!$A$1:$B$63,2,FALSE),0) -> 200 | R15: 6 | S15: =IFERROR(VLOOKUP(R15,'Puntos XCC Menor'!$A$1:$B$15,2,FALSE),0) -> 5 | T15: 7 | U15: =IFERROR(VLOOKUP(T15,'Puntos XCO'!$A$1:$B$63,2,FALSE),0) -> 90 | V15: =IFERROR(VLOOKUP(C15,RESXCC_1,9,FALSE),0) -> 1 | W15: =IFERROR(VLOOKUP(V15,'Puntos XCC Mayor'!$A$1:$B$15,2,FALSE),0) -> 25 | X15: =IFERROR(VLOOKUP(C15,RESXCO,9,FALSE),0) -> 1 | Y15: =IFERROR(VLOOKUP(X15,'Puntos XCO'!$A$1:$B$63,2,FALSE),0) -> 200 | Z15: =G15+I15+K15+M15+O15+Q15+S15+U15+W15+Y15 -> 945
A16: 2 | B16: 2 | C16: 518 | D16: =VLOOKUP(C16,PLANILLA,2,FALSE) -> VALVERDE Liam | E16: =VLOOKUP(C16,PLANILLA,4,FALSE) -> ASOCIACIÓN CICLÍSTICA TURRIALBEÑA | F16: 5 | G16: 6 | H16: 3 | I16: 120 | J16: 3 | K16: 8 | L16: 2 | M16: 150 | O16: =IFERROR(VLOOKUP(N16,'Puntos XCC Menor'!$A$1:$B$15,2,FALSE),0) -> 0 | P16: 2 | Q16: =IFERROR(VLOOKUP(P16,'Puntos XCO'!$A$1:$B$63,2,FALSE),0) -> 150 | R16: 1 | S16: =IFERROR(VLOOKUP(R16,'Puntos XCC Menor'!$A$1:$B$15,2,FALSE),0) -> 10 | T16: 4 | U16: =IFERROR(VLOOKUP(T16,'Puntos XCO'!$A$1:$B$63,2,FALSE),0) -> 110 | V16: =IFERROR(VLOOKUP(C16,RESXCC_1,9,FALSE),0) -> 2 | W16: =IFERROR(VLOOKUP(V16,'Puntos XCC Mayor'!$A$1:$B$15,2,FALSE),0) -> 20 | X16: =IFERROR(VLOOKUP(C16,RESXCO,9,FALSE),0) -> 2 | Y16: =IFERROR(VLOOKUP(X16,'Puntos XCO'!$A$1:$B$63,2,FALSE),0) -> 150 | Z16: =G16+I16+K16+M16+O16+Q16+S16+U16+W16+Y16 -> 724
A17: 3 | B17: 4 | C17: 502 | D17: =VLOOKUP(C17,PLANILLA,2,FALSE) -> ARCE Mathew | E17: =VLOOKUP(C17,PLANILLA,4,FALSE) -> CCDR PARAÍSO | F17: 1 | G17: 10 | H17: 5 | I17: 100 | J17: 2 | K17: 9 | L17: 3 | M17: 120 | O17: =IFERROR(VLOOKUP(N17,'Puntos XCC Menor'!$A$1:$B$15,2,FALSE),0) -> 0 | P17: 5 | Q17: =IFERROR(VLOOKUP(P17,'Puntos XCO'!$A$1:$B$63,2,FALSE),0) -> 100 | R17: 0 | S17: =IFERROR(VLOOKUP(R17,'Puntos XCC Menor'!$A$1:$B$15,2,FALSE),0) -> 0 | T17: 5 | U17: =IFERROR(VLOOKUP(T17,'Puntos XCO'!$A$1:$B$63,2,FALSE),0) -> 100 | V17: =IFERROR(VLOOKUP(C17,RESXCC_1,9,FALSE),0) -> 5 | W17: =IFERROR(VLOOKUP(V17,'Puntos XCC Mayor'!$A$1:$B$15,2,FALSE),0) -> 12 | X17: =IFERROR(VLOOKUP(C17,RESXCO,9,FALSE),0) -> 4 | Y17: =IFERROR(VLOOKUP(X17,'Puntos XCO'!$A$1:$B$63,2,FALSE),0) -> 110 | Z17: =G17+I17+K17+M17+O17+Q17+S17+U17+W17+Y17 -> 561
A18: 4 | B18: 5 | C18: 501 | D18: =VLOOKUP(C18,PLANILLA,2,FALSE) -> DURAN Emanuel | E18: =VLOOKUP(C18,PLANILLA,4,FALSE) -> ZARCERO BETEL MOANA EDUS PROD CECI | F18: 2 | G18: 9 | H18: 6 | I18: 95 | J18: 8 | K18: 3 | L18: 4 | M18: 110 | O18: =IFERROR(VLOOKUP(N18,'Puntos XCC Menor'!$A$1:$B$15,2,FALSE),0) -> 0 | P18: 0 | Q18: =IFERROR(VLOOKUP(P18,'Puntos XCO'!$A$1:$B$63,2,FALSE),0) -> 0 | R18: 4 | S18: =IFERROR(VLOOKUP(R18,'Puntos XCC Menor'!$A$1:$B$15,2,FALSE),0) -> 7 | T18: 1 | U18: =IFERROR(VLOOKUP(T18,'Puntos XCO'!$A$1:$B$63,2,FALSE),0) -> 200 | V18: =IFERROR(VLOOKUP(C18,RESXCC_1,9,FALSE),0) -> 0 | W18: =IFERROR(VLOOKUP(V18,'Puntos XCC Mayor'!$A$1:$B$15,2,FALSE),0) -> 0 | X18: =IFERROR(VLOOKUP(C18,RESXCO,9,FALSE),0) -> 3 | Y18: =IFERROR(VLOOKUP(X18,'Puntos XCO'!$A$1:$B$63,2,FALSE),0) -> 120 | Z18: =G18+I18+K18+M18+O18+Q18+S18+U18+W18+Y18 -> 544
A19: 5 | B19: 3 | C19: 505 | D19: =VLOOKUP(C19,PLANILLA,2,FALSE) -> CORDERO Iker Mattias | E19: =VLOOKUP(C19,PLANILLA,4,FALSE) -> PZ CYCLING TEAM | F19: 7 | G19: 4 | H19: 4 | I19: 110 | J19: 6 | K19: 5 | L19: 5 | M19: 100 | O19: =IFERROR(VLOOKUP(N19,'Puntos XCC Menor'!$A$1:$B$15,2,FALSE),0) -> 0 | P19: 3 | Q19: =IFERROR(VLOOKUP(P19,'Puntos XCO'!$A$1:$B$63,2,FALSE),0) -> 120 | R19: 3 | S19: =IFERROR(VLOOKUP(R19,'Puntos XCC Menor'!$A$1:$B$15,2,FALSE),0) -> 8 | T19: 6 | U19: =IFERROR(VLOOKUP(T19,'Puntos XCO'!$A$1:$B$63,2,FALSE),0) -> 95 | V19: =IFERROR(VLOOKUP(C19,RESXCC_1,9,FALSE),0) -> 6 | W19: =IFERROR(VLOOKUP(V19,'Puntos XCC Mayor'!$A$1:$B$15,2,FALSE),0) -> 10 | X19: =IFERROR(VLOOKUP(C19,RESXCO,9,FALSE),0) -> 7 | Y19: =IFERROR(VLOOKUP(X19,'Puntos XCO'!$A$1:$B$63,2,FALSE),0) -> 90 | Z19: =G19+I19+K19+M19+O19+Q19+S19+U19+W19+Y19 -> 542
A20: 6 | B20: 6 | C20: 512 | D20: =VLOOKUP(C20,PLANILLA,2,FALSE) -> SANDI Derek Ivan | E20: =VLOOKUP(C20,PLANILLA,4,FALSE) -> CCDR ESCAZÚ | F20: 3 | G20: 8 | H20: 2 | I20: 150 | J20: 7 | K20: 4 | L20: 0 | M20: 0 | O20: =IFERROR(VLOOKUP(N20,'Puntos XCC Menor'!$A$1:$B$15,2,FALSE),0) -> 0 | P20: 6 | Q20: =IFERROR(VLOOKUP(P20,'Puntos XCO'!$A$1:$B$63,2,FALSE),0) -> 95 | R20: 2 | S20: =IFERROR(VLOOKUP(R20,'Puntos XCC Menor'!$A$1:$B$15,2,FALSE),0) -> 9 | T20: 2 | U20: =IFERROR(VLOOKUP(T20,'Puntos XCO'!$A$1:$B$63,2,FALSE),0) -> 150 | V20: =IFERROR(VLOOKUP(C20,RESXCC_1,9,FALSE),0) -> 7 | W20: =IFERROR(VLOOKUP(V20,'Puntos XCC Mayor'!$A$1:$B$15,2,FALSE),0) -> 9 | X20: =IFERROR(VLOOKUP(C20,RESXCO,9,FALSE),0) -> 5 | Y20: =IFERROR(VLOOKUP(X20,'Puntos XCO'!$A$1:$B$63,2,FALSE),0) -> 100 | Z20: =G20+I20+K20+M20+O20+Q20+S20+U20+W20+Y20 -> 525
A21: 7 | B21: 7 | C21: 507 | D21: =VLOOKUP(C21,PLANILLA,2,FALSE) -> MARÍN Isaac José | E21: =VLOOKUP(C21,PLANILLA,4,FALSE) -> ACISA SARAPIQUI | F21: 4 | G21: 7 | H21: 11 | I21: 76 | J21: 5 | K21: 6 | L21: 7 | M21: 90 | O21: =IFERROR(VLOOKUP(N21,'Puntos XCC Menor'!$A$1:$B$15,2,FALSE),0) -> 0 | P21: 8 | Q21: =IFERROR(VLOOKUP(P21,'Puntos XCO'!$A$1:$B$63,2,FALSE),0) -> 85 | R21: 5 | S21: =IFERROR(VLOOKUP(R21,'Puntos XCC Menor'!$A$1:$B$15,2,FALSE),0) -> 6 | T21: 3 | U21: =IFERROR(VLOOKUP(T21,'Puntos XCO'!$A$1:$B$63,2,FALSE),0) -> 120 | V21: =IFERROR(VLOOKUP(C21,RESXCC_1,9,FALSE),0) -> 3 | W21: =IFERROR(VLOOKUP(V21,'Puntos XCC Mayor'!$A$1:$B$15,2,FALSE),0) -> 16 | X21: =IFERROR(VLOOKUP(C21,RESXCO,9,FALSE),0) -> 6 | Y21: =IFERROR(VLOOKUP(X21,'Puntos XCO'!$A$1:$B$63,2,FALSE),0) -> 95 | Z21: =G21+I21+K21+M21+O21+Q21+S21+U21+W21+Y21 -> 501
A22: 8 | B22: 8 | C22: 503 | D22: =VLOOKUP(C22,PLANILLA,2,FALSE) -> CAMPOS Angelo Samuel* | E22: =VLOOKUP(C22,PLANILLA,4,FALSE) -> TEAM CQ.PZ | F22: 13 | G22: 0 | H22: 10 | I22: 78 | J22: 13 | K22: 0 | L22: 10 | M22: 78 | O22: =IFERROR(VLOOKUP(N22,'Puntos XCC Menor'!$A$1:$B$15,2,FALSE),0) -> 0 | P22: 10 | Q22: =IFERROR(VLOOKUP(P22,'Puntos XCO'!$A$1:$B$63,2,FALSE),0) -> 78 | R22: 10 | S22: =IFERROR(VLOOKUP(R22,'Puntos XCC Menor'!$A$1:$B$15,2,FALSE),0) -> 1 | T22: 11 | U22: =IFERROR(VLOOKUP(T22,'Puntos XCO'!$A$1:$B$63,2,FALSE),0) -> 76 | V22: =IFERROR(VLOOKUP(C22,RESXCC_1,9,FALSE),0) -> 12 | W22: =IFERROR(VLOOKUP(V22,'Puntos XCC Mayor'!$A$1:$B$15,2,FALSE),0) -> 4 | X22: =IFERROR(VLOOKUP(C22,RESXCO,9,FALSE),0) -> 11 | Y22: =IFERROR(VLOOKUP(X22,'Puntos XCO'!$A$1:$B$63,2,FALSE),0) -> 76 | Z22: =G22+I22+K22+M22+O22+Q22+S22+U22+W22+Y22 -> 391
A23: 9 | B23: 12 | C23: 524 | D23: =VLOOKUP(C23,PLANILLA,2,FALSE) -> GARCÍA Danny Armando | E23: =VLOOKUP(C23,PLANILLA,4,FALSE) -> ROES CENTELA | F23: 9 | G23: 2 | H23: 8 | I23: 85 | J23: 10 | K23: 1 | L23: 9 | M23: 80 | O23: =IFERROR(VLOOKUP(N23,'Puntos XCC Menor'!$A$1:$B$15,2,FALSE),0) -> 0 | P23: 7 | Q23: =IFERROR(VLOOKUP(P23,'Puntos XCO'!$A$1:$B$63,2,FALSE),0) -> 90 | R23: 0 | S23: =IFERROR(VLOOKUP(R23,'Puntos XCC Menor'!$A$1:$B$15,2,FALSE),0) -> 0 | T23: 0 | U23: =IFERROR(VLOOKUP(T23,'Puntos XCO'!$A$1:$B$63,2,FALSE),0) -> 0 | V23: =IFERROR(VLOOKUP(C23,RESXCC_1,9,FALSE),0) -> 9 | W23: =IFERROR(VLOOKUP(V23,'Puntos XCC Mayor'!$A$1:$B$15,2,FALSE),0) -> 7 | X23: =IFERROR(VLOOKUP(C23,RESXCO,9,FALSE),0) -> 8 | Y23: =IFERROR(VLOOKUP(X23,'Puntos XCO'!$A$1:$B$63,2,FALSE),0) -> 85 | Z23: =G23+I23+K23+M23+O23+Q23+S23+U23+W23+Y23 -> 350
A24: 10 | B24: 10 | C24: 521 | D24: =VLOOKUP(C24,PLANILLA,2,FALSE) -> RAMÍREZ David | E24: =VLOOKUP(C24,PLANILLA,4,FALSE) -> CCDR SAN JOSÉ | F24: 8 | G24: 3 | H24: 7 | I24: 90 | J24: 4 | K24: 7 | L24: 6 | M24: 95 | O24: =IFERROR(VLOOKUP(N24,'Puntos XCC Menor'!$A$1:$B$15,2,FALSE),0) -> 0 | P24: 12 | Q24: =IFERROR(VLOOKUP(P24,'Puntos XCO'!$A$1:$B$63,2,FALSE),0) -> 74 | R24: 9 | S24: =IFERROR(VLOOKUP(R24,'Puntos XCC Menor'!$A$1:$B$15,2,FALSE),0) -> 2 | T24: 0 | U24: =IFERROR(VLOOKUP(T24,'Puntos XCO'!$A$1:$B$63,2,FALSE),0) -> 0 | V24: =IFERROR(VLOOKUP(C24,RESXCC_1,9,FALSE),0) -> 4 | W24: =IFERROR(VLOOKUP(V24,'Puntos XCC Mayor'!$A$1:$B$15,2,FALSE),0) -> 14 | X24: =IFERROR(VLOOKUP(C24,RESXCO,9,FALSE),0) -> 21 | Y24: =IFERROR(VLOOKUP(X24,'Puntos XCO'!$A$1:$B$63,2,FALSE),0) -> 56 | Z24: =G24+I24+K24+M24+O24+Q24+S24+U24+W24+Y24 -> 341
A25: 11 | B25: 11 | C25: 504 | D25: =VLOOKUP(C25,PLANILLA,2,FALSE) -> BONILLA Keyshmer* | E25: =VLOOKUP(C25,PLANILLA,4,FALSE) -> CCDRESCAZU | F25: 15 | G25: 0 | H25: 14 | I25: 70 | J25: 17 | K25: 0 | L25: 19 | M25: 60 | O25: =IFERROR(VLOOKUP(N25,'Puntos XCC Menor'!$A$1:$B$15,2,FALSE),0) -> 0 | P25: 18 | Q25: =IFERROR(VLOOKUP(P25,'Puntos XCO'!$A$1:$B$63,2,FALSE),0) -> 62 | R25: 11 | S25: =IFERROR(VLOOKUP(R25,'Puntos XCC Menor'!$A$1:$B$15,2,FALSE),0) -> 0 | T25: 12 | U25: =IFERROR(VLOOKUP(T25,'Puntos XCO'!$A$1:$B$63,2,FALSE),0) -> 74 | V25: =IFERROR(VLOOKUP(C25,RESXCC_1,9,FALSE),0) -> 18 | W25: =IFERROR(VLOOKUP(V25,'Puntos XCC Mayor'!$A$1:$B$15,2,FALSE),0) -> 0 | X25: =IFERROR(VLOOKUP(C25,RESXCO,9,FALSE),0) -> 16 | Y25: =IFERROR(VLOOKUP(X25,'Puntos XCO'!$A$1:$B$63,2,FALSE),0) -> 66 | Z25: =G25+I25+K25+M25+O25+Q25+S25+U25+W25+Y25 -> 332
A26: 12 | B26: 9 | C26: 514 | D26: =VLOOKUP(C26,PLANILLA,2,FALSE) -> JEREZ Gabriel | E26: =VLOOKUP(C26,PLANILLA,4,FALSE) -> CCDR LIBERIA COSTA FRUT | F26: 11 | G26: 0 | H26: 9 | I26: 80 | J26: 12 | K26: 0 | L26: 12 | M26: 74 | O26: =IFERROR(VLOOKUP(N26,'Puntos XCC Menor'!$A$1:$B$15,2,FALSE),0) -> 0 | P26: 16 | Q26: =IFERROR(VLOOKUP(P26,'Puntos XCO'!$A$1:$B$63,2,FALSE),0) -> 66 | R26: 8 | S26: =IFERROR(VLOOKUP(R26,'Puntos XCC Menor'!$A$1:$B$15,2,FALSE),0) -> 3 | T26: 8 | U26: =IFERROR(VLOOKUP(T26,'Puntos XCO'!$A$1:$B$63,2,FALSE),0) -> 85 | V26: =IFERROR(VLOOKUP(C26,RESXCC_1,9,FALSE),0) -> 0 | W26: =IFERROR(VLOOKUP(V26,'Puntos XCC Mayor'!$A$1:$B$15,2,FALSE),0) -> 0 | X26: =IFERROR(VLOOKUP(C26,RESXCO,9,FALSE),0) -> 0 | Y26: =IFERROR(VLOOKUP(X26,'Puntos XCO'!$A$1:$B$63,2,FALSE),0) -> 0 | Z26: =G26+I26+K26+M26+O26+Q26+S26+U26+W26+Y26 -> 308
A27: 13 | B27: 13 | C27: 516 | D27: =VLOOKUP(C27,PLANILLA,2,FALSE) -> MATA Antuan* | E27: =VLOOKUP(C27,PLANILLA,4,FALSE) -> CCDR PARAÍSO | F27: 21 | G27: 0 | H27: 18 | I27: 62 | J27: 21 | K27: 0 | L27: 8 | M27: 85 | O27: =IFERROR(VLOOKUP(N27,'Puntos XCC Menor'!$A$1:$B$15,2,FALSE),0) -> 0 | P27: 0 | Q27: =IFERROR(VLOOKUP(P27,'Puntos XCO'!$A$1:$B$63,2,FALSE),0) -> 0 | R27: 0 | S27: =IFERROR(VLOOKUP(R27,'Puntos XCC Menor'!$A$1:$B$15,2,FALSE),0) -> 0 | T27: 14 | U27: =IFERROR(VLOOKUP(T27,'Puntos XCO'!$A$1:$B$63,2,FALSE),0) -> 70 | V27: =IFERROR(VLOOKUP(C27,RESXCC_1,9,FALSE),0) -> 17 | W27: =IFERROR(VLOOKUP(V27,'Puntos XCC Mayor'!$A$1:$B$15,2,FALSE),0) -> 0 | X27: =IFERROR(VLOOKUP(C27,RESXCO,9,FALSE),0) -> 22 | Y27: =IFERROR(VLOOKUP(X27,'Puntos XCO'!$A$1:$B$63,2,FALSE),0) -> 54 | Z27: =G27+I27+K27+M27+O27+Q27+S27+U27+W27+Y27 -> 271
