Workbook
Name PLANILLA: Planilla!$B$2:$F$4548
Name RESXCC_1: ResXCC!$B$2:$J$950
Name RESXCO: ResXCO!$B$2:$J$1000
Name RESXCO_SUB23_1: ResXCO!$B$40:$J$60

Sheet EM
A8: ELITE MASCULINO (19+)
A10: 1 - Finca Grupo Orosi >21 y 22 febrero 2 - Parque La Libertad Desamparados > 28 y 29 marzo 3 - Adventure Park > 16 y 17 mayo 4 - Finca La Hisopa San Pedro de Turrubares > 13 y 14 junio
A11: 5 - Campamento Oikoumene, Ochomogo > 18 y 19 julio 6 - Finca Grupo Orosi, Paraiso > 12 y 13 setiembre 7 - Parque Recreativo Sarapiqui > 31 Oct y 01 Nov
A13: POSICION | F13: 1 | J13: 2 | N13: 3 | R13: 4 | V13: 5 | Z13: 6 | AD13: 7 | AH13: TOTAL PUNTOS
A14: ACTUAL | B14: ANTERIOR | C14: NO | D14: NOMBRE | E14: EQUIPO | F14: POS XCC | G14: PTOS XCC | H14: POS XCO | I14: PTOS XCO | J14: POS XCC | K14: PTOS XCC | L14: POS XCO | M14: PTOS XCO | N14: POS XCC | O14: PTOS XCC | P14: POS XCO | Q14: PTOS XCO | R14: POS XCC | S14: PTOS XCC | T14: POS XCO | U14: PTOS XCO | V14: POS XCC | W14: PTOS XCC | X14: POS XCO | Y14: PTOS XCO | Z14: POS XCC | AA14: PTOS XCC | AB14: POS XCO | AC14: PTOS XCO | AD14: POS XCC | AE14: PTOS XCC | AF14: POS XCO | AG14: PTOS XCO
A15: 1 | B15: 1 | C15: 3 | D15: HERRERA Carlos | E15: PEDREGAL 7C | F15: 2 | G15: 20 | H15: 1 | I15: 200 | J15: 2 | K15: 20 | L15: 3 | M15: 120 | N15: 9 | O15: =IFERROR(VLOOKUP(N15,'Puntos XCC Mayor'!$A$1:$B$15,2,FALSE),0) -> 7 | P15: 5 | Q15: =IFERROR(VLOOKUP(P15,'Puntos XCO'!$A$1:$B$63,2,FALSE),0) -> 100 | R15: 2 | S15: =IFERROR(VLOOKUP(R15,'Puntos XCC Mayor'!$A$1:$B$15,2,FALSE),0) -> 20 | T15: 1 | U15: =IFERROR(VLOOKUP(T15,'Puntos XCO'!$A$1:$B$63,2,FALSE),0) -> 200 | V15: 2 | W15: =IFERROR(VLOOKUP(V15,'Puntos XCC Mayor'!$A$1:$B$15,2,FALSE),0) -> 20 | X15: 2 | Y15: =IFERROR(VLOOKUP(X15,'Puntos XCO'!$A$1:$B$63,2,FALSE),0) -> 150 | Z15: =IFERROR(VLOOKUP($C15,RESXCC_1,9,FALSE),0) -> 1 | AA15: =IFERROR(VLOOKUP(Z15,'Puntos XCC Mayor'!$A$1:$B$15,2,FALSE),0) -> 25 | AB15: =IFERROR(VLOOKUP($C15,RESXCO,9,FALSE),0) -> 1 | AC15: =IFERROR(VLOOKUP(AB15,'Puntos XCO'!$A$1:$B$63,2,FALSE),0) -> 200 | AH15: =G15+I15+K15+M15+O15+Q15+S15+U15+W15+Y15+AA15+AC15+AE15+AG15 -> 1082
A16: 2 | B16: 2 | C16: 27 | D16: RAABE Fabricio* | E16: COLONO BIKE STATION KOLBI | F16: 10 | G16: 6 | H16: 4 | I16: 110 | J16: 12 | K16: 4 | L16: 7 | M16: 90 | N16: 15 | O16: =IFERROR(VLOOKUP(N16,'Puntos XCC Mayor'!$A$1:$B$15,2,FALSE),0) -> 1 | P16: 3 | Q16: =IFERROR(VLOOKUP(P16,'Puntos XCO'!$A$1:$B$63,2,FALSE),0) -> 120 | R16: 6 | S16: =IFERROR(VLOOKUP(R16,'Puntos XCC Mayor'!$A$1:$B$15,2,FALSE),0) -> 10 | T16: 5 | U16: =IFERROR(VLOOKUP(T16,'Puntos XCO'!$A$1:$B$63,2,FALSE),0) -> 100 | V16: 10 | W16: =IFERROR(VLOOKUP(V16,'Puntos XCC Mayor'!$A$1:$B$15,2,FALSE),0) -> 6 | X16: 8 | Y16: =IFERROR(VLOOKUP(X16,'Puntos XCO'!$A$1:$B$63,2,FALSE),0) -> 85 | Z16: =IFERROR(VLOOKUP($C16,RESXCC_1,9,FALSE),0) -> 5 | AA16: =IFERROR(VLOOKUP(Z16,'Puntos XCC Mayor'!$A$1:$B$15,2,FALSE),0) -> 12 | AB16: =IFERROR(VLOOKUP($C16,RESXCO,9,FALSE),0) -> 4 | AC16: =IFERROR(VLOOKUP(AB16,'Puntos XCO'!$A$1:$B$63,2,FALSE),0) -> 110 | AH16: =G16+I16+K16+M16+O16+Q16+S16+U16+W16+Y16+AA16+AC16+AE16+AG16 -> 654
A17: 3 | B17: 5 | C17: 25 | D17: GONZÁLEZ Adriano* | E17: COLONO BIKE STATION KOLBI | F17: 4 | G17: 14 | H17: 3 | I17: 120 | J17: 5 | K17: 12 | L17: 5 | M17: 100 | N17: 14 | O17: =IFERROR(VLOOKUP(N17,'Puntos XCC Mayor'!$A$1:$B$15,2,FALSE),0) -> 2 | P17: 4 | Q17: =IFERROR(VLOOKUP(P17,'Puntos XCO'!$A$1:$B$63,2,FALSE),0) -> 110 | R17: 5 | S17: =IFERROR(VLOOKUP(R17,'Puntos XCC Mayor'!$A$1:$B$15,2,FALSE),0) -> 12 | T17: 0 | U17: =IFERROR(VLOOKUP(T17,'Puntos XCO'!$A$1:$B$63,2,FALSE),0) -> 0 | V17: 5 | W17: =IFERROR(VLOOKUP(V17,'Puntos XCC Mayor'!$A$1:$B$15,2,FALSE),0) -> 12 | X17: 5 | Y17: =IFERROR(VLOOKUP(X17,'Puntos XCO'!$A$1:$B$63,2,FALSE),0) -> 100 | Z17: =IFERROR(VLOOKUP($C17,RESXCC_1,9,FALSE),0) -> 3 | AA17: =IFERROR(VLOOKUP(Z17,'Puntos XCC Mayor'!$A$1:$B$15,2,FALSE),0) -> 16 | AB17: =IFERROR(VLOOKUP($C17,RESXCO,9,FALSE),0) -> 3 | AC17: =IFERROR(VLOOKUP(AB17,'Puntos XCO'!$A$1:$B$63,2,FALSE),0) -> 120 | AH17: =G17+I17+K17+M17+O17+Q17+S17+U17+W17+Y17+AA17+AC17+AE17+AG17 -> 618
A18: 4 | B18: 4 | C18: 12 | D18: RAMIREZ Federico | E18: MEGAMO MANZATÉ LA SELVA | F18: 6 | G18: 10 | H18: 10 | I18: 78 | J18: 1 | K18: 25 | L18: 6 | M18: 95 | O18: =IFERROR(VLOOKUP(N18,'Puntos XCC Mayor'!$A$1:$B$15,2,FALSE),0) -> 0 | P18: 11 | Q18: =IFERROR(VLOOKUP(P18,'Puntos XCO'!$A$1:$B$63,2,FALSE),0) -> 76 | R18: 0 | S18: =IFERROR(VLOOKUP(R18,'Puntos XCC Mayor'!$A$1:$B$15,2,FALSE),0) -> 0 | T18: 7 | U18: =IFERROR(VLOOKUP(T18,'Puntos XCO'!$A$1:$B$63,2,FALSE),0) -> 90 | V18: 4 | W18: =IFERROR(VLOOKUP(V18,'Puntos XCC Mayor'!$A$1:$B$15,2,FALSE),0) -> 14 | X18: 6 | Y18: =IFERROR(VLOOKUP(X18,'Puntos XCO'!$A$1:$B$63,2,FALSE),0) -> 95 | Z18: =IFERROR(VLOOKUP($C18,RESXCC_1,9,FALSE),0) -> 4 | AA18: =IFERROR(VLOOKUP(Z18,'Puntos XCC Mayor'!$A$1:$B$15,2,FALSE),0) -> 14 | AB18: =IFERROR(VLOOKUP($C18,RESXCO,9,FALSE),0) -> 5 | AC18: =IFERROR(VLOOKUP(AB18,'Puntos XCO'!$A$1:$B$63,2,FALSE),0) -> 100 | AH18: =G18+I18+K18+M18+O18+Q18+S18+U18+W18+Y18+AA18+AC18+AE18+AG18 -> 597
A19: 5 | B19: 10 | C19: 26 | D19: VARGAS José David* | E19: COLONO BIKE STATION KOLBI | J19: 11 | K19: 5 | L19: 9 | M19: 80 | N19: 21 | O19: =IFERROR(VLOOKUP(N19,'Puntos XCC Mayor'!$A$1:$B$15,2,FALSE),0) -> 0 | P19: 10 | Q19: =IFERROR(VLOOKUP(P19,'Puntos XCO'!$A$1:$B$63,2,FALSE),0) -> 78 | R19: 9 | S19: =IFERROR(VLOOKUP(R19,'Puntos XCC Mayor'!$A$1:$B$15,2,FALSE),0) -> 7 | T19: 8 | U19: =IFERROR(VLOOKUP(T19,'Puntos XCO'!$A$1:$B$63,2,FALSE),0) -> 85 | V19: 12 | W19: =IFERROR(VLOOKUP(V19,'Puntos XCC Mayor'!$A$1:$B$15,2,FALSE),0) -> 4 | X19: 7 | Y19: =IFERROR(VLOOKUP(X19,'Puntos XCO'!$A$1:$B$63,2,FALSE),0) -> 90 | Z19: =IFERROR(VLOOKUP($C19,RESXCC_1,9,FALSE),0) -> 2 | AA19: =IFERROR(VLOOKUP(Z19,'Puntos XCC Mayor'!$A$1:$B$15,2,FALSE),0) -> 20 | AB19: =IFERROR(VLOOKUP($C19,RESXCO,9,FALSE),0) -> 2 | AC19: =IFERROR(VLOOKUP(AB19,'Puntos XCO'!$A$1:$B$63,2,FALSE),0) -> 150 | AH19: =G19+I19+K19+M19+O19+Q19+S19+U19+W19+Y19+AA19+AC19+AE19+AG19 -> 519
A20: 6 | B20: 3 | C20: 28 | D20: AZOFEIFA Daniel* | E20: BOBBYS CYCLING TEAM | F20: 13 | G20: 3 | H20: 8 | I20: 85 | J20: 2 | K20: 20 | L20: 11 | M20: 76 | N20: 16 | O20: =IFERROR(VLOOKUP(N20,'Puntos XCC Mayor'!$A$1:$B$15,2,FALSE),0) -> 0 | P20: 6 | Q20: =IFERROR(VLOOKUP(P20,'Puntos XCO'!$A$1:$B$63,2,FALSE),0) -> 95 | R20: 4 | S20: =IFERROR(VLOOKUP(R20,'Puntos XCC Mayor'!$A$1:$B$15,2,FALSE),0) -> 14 | T20: 4 | U20: =IFERROR(VLOOKUP(T20,'Puntos XCO'!$A$1:$B$63,2,FALSE),0) -> 110 | V20: 6 | W20: =IFERROR(VLOOKUP(V20,'Puntos XCC Mayor'!$A$1:$B$15,2,FALSE),0) -> 10 | X20: 12 | Y20: =IFERROR(VLOOKUP(X20,'Puntos XCO'!$A$1:$B$63,2,FALSE),0) -> 74 | Z20: =IFERROR(VLOOKUP($C20,RESXCC_1,9,FALSE),0) -> 0 | AA20: =IFERROR(VLOOKUP(Z20,'Puntos XCC Mayor'!$A$1:$B$15,2,FALSE),0) -> 0 | AB20: =IFERROR(VLOOKUP($C20,RESXCO,9,FALSE),0) -> 0 | AC20: =IFERROR(VLOOKUP(AB20,'Puntos XCO'!$A$1:$B$63,2,FALSE),0) -> 0 | AH20: =G20+I20+K20+M20+O20+Q20+S20+U20+W20+Y20+AA20+AC20+AE20+AG20 -> 487
A21: 7 | B21: 6 | C21: 4 | D21: LÓPEZ Luis Enrique | E21: MEGAMO MANZATÉ LA SELVA | J21: 1 | K21: 25 | L21: 1 | M21: 200 | N21: 4 | O21: =IFERROR(VLOOKUP(N21,'Puntos XCC Mayor'!$A$1:$B$15,2,FALSE),0) -> 14 | Q21: =IFERROR(VLOOKUP(P21,'Puntos XCO'!$A$1:$B$63,2,FALSE),0) -> 0 | R21: 1 | S21: =IFERROR(VLOOKUP(R21,'Puntos XCC Mayor'!$A$1:$B$15,2,FALSE),0) -> 25 | T21: 2 | U21: =IFERROR(VLOOKUP(T21,'Puntos XCO'!$A$1:$B$63,2,FALSE),0) -> 150 | V21: 0 | W21: =IFERROR(VLOOKUP(V21,'Puntos XCC Mayor'!$A$1:$B$15,2,FALSE),0) -> 0 | X21: 0 | Y21: =IFERROR(VLOOKUP(X21,'Puntos XCO'!$A$1:$B$63,2,FALSE),0) -> 0 | Z21: =IFERROR(VLOOKUP($C21,RESXCC_1,9,FALSE),0) -> 0 | AA21: =IFERROR(VLOOKUP(Z21,'Puntos XCC Mayor'!$A$1:$B$15,2,FALSE),0) -> 0 | AB21: =IFERROR(VLOOKUP($C21,RESXCO,9,FALSE),0) -> 0 | AC21: =IFERROR(VLOOKUP(AB21,'Puntos XCO'!$A$1:$B$63,2,FALSE),0) -> 0 | AH21: =G21+I21+K21+M21+O21+Q21+S21+U21+W21+Y21+AA21+AC21+AE21+AG21 -> 414
A22: 8 | B22: 12 | C22: 37 | D22: ROJAS Alejandro* | E22: TEAM HC | F22: 15 | G22: 1 | H22: 14 | I22: 70 | J22: 13 | K22: 3 | L22: 17 | M22: 64 | O22: =IFERROR(VLOOKUP(N22,'Puntos XCC Mayor'!$A$1:$B$15,2,FALSE),0) -> 0 | Q22: =IFERROR(VLOOKUP(P22,'Puntos XCO'!$A$1:$B$63,2,FALSE),0) -> 0 | R22: 10 | S22: =IFERROR(VLOOKUP(R22,'Puntos XCC Mayor'!$A$1:$B$15,2,FALSE),0) -> 6 | T22: 9 | U22: =IFERROR(VLOOKUP(T22,'Puntos XCO'!$A$1:$B$63,2,FALSE),0) -> 80 | V22: 8 | W22: =IFERROR(VLOOKUP(V22,'Puntos XCC Mayor'!$A$1:$B$15,2,FALSE),0) -> 8 | X22: 14 | Y22: =IFERROR(VLOOKUP(X22,'Puntos XCO'!$A$1:$B$63,2,FALSE),0) -> 70 | Z22: =IFERROR(VLOOKUP($C22,RESXCC_1,9,FALSE),0) -> 7 | AA22: =IFERROR(VLOOKUP(Z22,'Puntos XCC Mayor'!$A$1:$B$15,2,FALSE),0) -> 9 | AB22: =IFERROR(VLOOKUP($C22,RESXCO,9,FALSE),0) -> 7 | AC22: =IFERROR(VLOOKUP(AB22,'Puntos XCO'!$A$1:$B$63,2,FALSE),0) -> 90 | AH22: =G22+I22+K22+M22+O22+Q22+S22+U22+W22+Y22+AA22+AC22+AE22+AG22 -> 401
A23: 9 | B23: 7 | C23: 9 | D23: GONZALEZ Raymond | E23: CICLO VÍCTOR VARGAS | F23: 5 | G23: 12 | H23: 2 | I23: 150 | J23: 4 | K23: 14 | L23: 4 | M23: 110 | N23: 6 | O23: =IFERROR(VLOOKUP(N23,'Puntos XCC Mayor'!$A$1:$B$15,2,FALSE),0) -> 10 | P23: 6 | Q23: =IFERROR(VLOOKUP(P23,'Puntos XCO'!$A$1:$B$63,2,FALSE),0) -> 95 | R23: 0 | S23: =IFERROR(VLOOKUP(R23,'Puntos XCC Mayor'!$A$1:$B$15,2,FALSE),0) -> 0 | T23: 0 | U23: =IFERROR(VLOOKUP(T23,'Puntos XCO'!$A$1:$B$63,2,FALSE),0) -> 0 | V23: 0 | W23: =IFERROR(VLOOKUP(V23,'Puntos XCC Mayor'!$A$1:$B$15,2,FALSE),0) -> 0 | X23: 0 | Y23: =IFERROR(VLOOKUP(X23,'Puntos XCO'!$A$1:$B$63,2,FALSE),0) -> 0 | Z23: =IFERROR(VLOOKUP($C23,RESXCC_1,9,FALSE),0) -> 0 | AA23: =IFERROR(VLOOKUP(Z23,'Puntos XCC Mayor'!$A$1:$B$15,2,FALSE),0) -> 0 | AB23: =IFERROR(VLOOKUP($C23,RESXCO,9,FALSE),0) -> 0 | AC23: =IFERROR(VLOOKUP(AB23,'Puntos XCO'!$A$1:$B$63,2,FALSE),0) -> 0 | AH23: =G23+I23+K23+M23+O23+Q23+S23+U23+W23+Y23+AA23+AC23+AE23+AG23 -> 391
A24: 10 | B24: 8 | C24: 13 | D24: SOLÍS Keiron | E24: PEDREGAL - 7C | N24: 5 | O24: =IFERROR(VLOOKUP(N24,'Puntos XCC Mayor'!$A$1:$B$15,2,FALSE),0) -> 12 | Q24: =IFERROR(VLOOKUP(P24,'Puntos XCO'!$A$1:$B$63,2,FALSE),0) -> 0 | R24: 3 | S24: =IFERROR(VLOOKUP(R24,'Puntos XCC Mayor'!$A$1:$B$15,2,FALSE),0) -> 16 | T24: 3 | U24: =IFERROR(VLOOKUP(T24,'Puntos XCO'!$A$1:$B$63,2,FALSE),0) -> 120 | V24: 1 | W24: =IFERROR(VLOOKUP(V24,'Puntos XCC Mayor'!$A$1:$B$15,2,FALSE),0) -> 25 | X24: 1 | Y24: =IFERROR(VLOOKUP(X24,'Puntos XCO'!$A$1:$B$63,2,FALSE),0) -> 200 | Z24: =IFERROR(VLOOKUP($C24,RESXCC_1,9,FALSE),0) -> 0 | AA24: =IFERROR(VLOOKUP(Z24,'Puntos XCC Mayor'!$A$1:$B$15,2,FALSE),0) -> 0 | AB24: =IFERROR(VLOOKUP($C24,RESXCO,9,FALSE),0) -> 0 | AC24: =IFERROR(VLOOKUP(AB24,'Puntos XCO'!$A$1:$B$63,2,FALSE),0) -> 0 | AH24: =G24+I24+K24+M24+O24+Q24+S24+U24+W24+Y24+AA24+AC24+AE24+AG24 -> 373
A25: 11 | B25: 9 | C25: 10 | D25: VARGAS Steven Andres | E25: SCOTT SHIMANO CYCLING TEAM | F25: 14 | G25: 2 | H25: 6 | I25: 95 | J25: 0 | K25: 0 | L25: 10 | M25: 78 | N25: 25 | O25: =IFERROR(VLOOKUP(N25,'Puntos XCC Mayor'!$A$1:$B$15,2,FALSE),0) -> 0 | P25: 10 | Q25: =IFERROR(VLOOKUP(P25,'Puntos XCO'!$A$1:$B$63,2,FALSE),0) -> 78 | R25: 7 | S25: =IFERROR(VLOOKUP(R25,'Puntos XCC Mayor'!$A$1:$B$15,2,FALSE),0) -> 9 | T25: 6 | U25: =IFERROR(VLOOKUP(T25,'Puntos XCO'!$A$1:$B$63,2,FALSE),0) -> 95 | V25: 0 | W25: =IFERROR(VLOOKUP(V25,'Puntos XCC Mayor'!$A$1:$B$15,2,FALSE),0) -> 0 | X25: 0 | Y25: =IFERROR(VLOOKUP(X25,'Puntos XCO'!$A$1:$B$63,2,FALSE),0) -> 0 | Z25: =IFERROR(VLOOKUP($C25,RESXCC_1,9,FALSE),0) -> 0 | AA25: =IFERROR(VLOOKUP(Z25,'Puntos XCC Mayor'!$A$1:$B$15,2,FALSE),0) -> 0 | AB25: =IFERROR(VLOOKUP($C25,RESXCO,9,FALSE),0) -> 0 | AC25: =IFERROR(VLOOKUP(AB25,'Puntos XCO'!$A$1:$B$63,2,FALSE),0) -> 0 | AH25: =G25+I25+K25+M25+O25+Q25+S25+U25+W25+Y25+AA25+AC25+AE25+AG25 -> 357
A26: 12 | B26: 14 | C26: 30 | D26: ALVARADO Armando* | E26: CCDR DESAMPARADOS | F26: 9 | G26: 7 | H26: 11 | I26: 76 | J26: 0 | K26: 0 | L26: 13 | M26: 72 | N26: 18 | O26: =IFERROR(VLOOKUP(N26,'Puntos XCC Mayor'!$A$1:$B$15,2,FALSE),0) -> 0 | Q26: =IFERROR(VLOOKUP(P26,'Puntos XCO'!$A$1:$B$63,2,FALSE),0) -> 0 | R26: 11 | S26: =IFERROR(VLOOKUP(R26,'Puntos XCC Mayor'!$A$1:$B$15,2,FALSE),0) -> 5 | T26: 0 | U26: =IFERROR(VLOOKUP(T26,'Puntos XCO'!$A$1:$B$63,2,FALSE),0) -> 0 | V26: 13 | W26: =IFERROR(VLOOKUP(V26,'Puntos XCC Mayor'!$A$1:$B$15,2,FALSE),0) -> 3 | X26: 9 | Y26: =IFERROR(VLOOKUP(X26,'Puntos XCO'!$A$1:$B$63,2,FALSE),0) -> 80 | Z26: =IFERROR(VLOOKUP($C26,RESXCC_1,9,FALSE),0) -> 6 | AA26: =IFERROR(VLOOKUP(Z26,'Puntos XCC Mayor'!$A$1:$B$15,2,FALSE),0) -> 10 | AB26: =IFERROR(VLOOKUP($C26,RESXCO,9,FALSE),0) -> 10 | AC26: =IFERROR(VLOOKUP(AB26,'Puntos XCO'!$A$1:$B$63,2,FALSE),0) -> 78 | AH26: =G26+I26+K26+M26+O26+Q26+S26+U26+W26+Y26+AA26+AC26+AE26+AG26 -> 331
A27: 13 | B27: 11 | C27: 29 | D27: HIDALGO Stefano* | E27: BOBBYS CYCLING TEAM | F27: 7 | G27: 9 | H27: 12 | I27: 74 | J27: 10 | K27: 6 | L27: 12 | M27: 74 | N27: 23 | O27: =IFERROR(VLOOKUP(N27,'Puntos XCC Mayor'!$A$1:$B$15,2,FALSE),0) -> 0 | P27: 11 | Q27: =IFERROR(VLOOKUP(P27,'Puntos XCO'!$A$1:$B$63,2,FALSE),0) -> 76 | R27: 8 | S27: =IFERROR(VLOOKUP(R27,'Puntos XCC Mayor'!$A$1:$B$15,2,FALSE),0) -> 8 | T27: 0 | U27: =IFERROR(VLOOKUP(T27,'Puntos XCO'!$A$1:$B$63,2,FALSE),0) -> 0 | V27: 7 | W27: =IFERROR(VLOOKUP(V27,'Puntos XCC Mayor'!$A$1:$B$15,2,FALSE),0) -> 9 | X27: 13 | Y27: =IFERROR(VLOOKUP(X27,'Puntos XCO'!$A$1:$B$63,2,FALSE),0) -> 72 | Z27: =IFERROR(VLOOKUP($C27,RESXCC_1,9,FALSE),0) -> 0 | AA27: =IFERROR(VLOOKUP(Z27,'Puntos XCC Mayor'!$A$1:$B$15,2,FALSE),0) -> 0 | AB27: =IFERROR(VLOOKUP($C27,RESXCO,9,FALSE),0) -> 0 | AC27: =IFERROR(VLOOKUP(AB27,'Puntos XCO'!$A$1:$B$63,2,FALSE),0) -> 0 | AH27: =G27+I27+K27+M27+O27+Q27+S27+U27+W27+Y27+AA27+AC27+AE27+AG27 -> 328
A28: 14 | B28: 13 | C28: 23 | D28: MENDEZ Jared* | E28: BOBBYS CYCLING TEAM | F28: 1 | G28: 25 | H28: 5 | I28: 100 | J28: 3 | K28: 16 | L28: 0 | M28: 0 | N28: 11 | O28: =IFERROR(VLOOKUP(N28,'Puntos XCC Mayor'!$A$1:$B$15,2,FALSE),0) -> 5 | Q28: =IFERROR(VLOOKUP(P28,'Puntos XCO'!$A$1:$B$63,2,FALSE),0) -> 0 | R28: 0 | S28: =IFERROR(VLOOKUP(R28,'Puntos XCC Mayor'!$A$1:$B$15,2,FALSE),0) -> 0 | T28: 0 | U28: =IFERROR(VLOOKUP(T28,'Puntos XCO'!$A$1:$B$63,2,FALSE),0) -> 0 | V28: 3 | W28: =IFERROR(VLOOKUP(V28,'Puntos XCC Mayor'!$A$1:$B$15,2,FALSE),0) -> 16 | X28: 4 | Y28: =IFERROR(VLOOKUP(X28,'Puntos XCO'!$A$1:$B$63,2,FALSE),0) -> 110 | Z28: =IFERROR(VLOOKUP($C28,RESXCC_1,9,FALSE),0) -> 0 | AA28: =IFERROR(VLOOKUP(Z28,'Puntos XCC Mayor'!$A$1:$B$15,2,FALSE),0) -> 0 | AB28: =IFERROR(VLOOKUP($C28,RESXCO,9,FALSE),0) -> 0 | AC28: =IFERROR(VLOOKUP(AB28,'Puntos XCO'!$A$1:$B$63,2,FALSE),0) -> 0 | AH28: =G28+I28+K28+M28+O28+Q28+S28+U28+W28+Y28+AA28+AC28+AE28+AG28 -> 272
A29: 15 | B29: 24 | C29: 32 | D29: TORRES Kevin* | E29: 1000 FPS- ZONA INFINITO SPORT | F29: 16 | G29: 0 | H29: 16 | I29: 66 | J29: 0 | K29: 0 | L29: 0 | M29: 0 | N29: 27 | O29: =IFERROR(VLOOKUP(N29,'Puntos XCC Mayor'!$A$1:$B$15,2,FALSE),0) -> 0 | P29: 12 | Q29: =IFERROR(VLOOKUP(P29,'Puntos XCO'!$A$1:$B$63,2,FALSE),0) -> 74 | R29: 0 | S29: =IFERROR(VLOOKUP(R29,'Puntos XCC Mayor'!$A$1:$B$15,2,FALSE),0) -> 0 | T29: 0 | U29: =IFERROR(VLOOKUP(T29,'Puntos XCO'!$A$1:$B$63,2,FALSE),0) -> 0 | V29: 0 | W29: =IFERROR(VLOOKUP(V29,'Puntos XCC Mayor'!$A$1:$B$15,2,FALSE),0) -> 0 | X29: 0 | Y29: =IFERROR(VLOOKUP(X29,'Puntos XCO'!$A$1:$B$63,2,FALSE),0) -> 0 | Z29: =IFERROR(VLOOKUP($C29,RESXCC_1,9,FALSE),0) -> 10 | AA29: =IFERROR(VLOOKUP(Z29,'Puntos XCC Mayor'!$A$1:$B$15,2,FALSE),0) -> 6 | AB29: =IFERROR(VLOOKUP($C29,RESXCO,9,FALSE),0) -> 9 | AC29: =IFERROR(VLOOKUP(AB29,'Puntos XCO'!$A$1:$B$63,2,FALSE),0) -> 80 | AH29: =G29+I29+K29+M29+O29+Q29+S29+U29+W29+Y29+AA29+AC29+AE29+AG29 -> 226
A30: 16 | B30: 15 | C30: 1 | D30: MARQUES José Gabriel | E30: COD RACING | N30: 1 | O30: =IFERROR(VLOOKUP(N30,'Puntos XCC Mayor'!$A$1:$B$15,2,FALSE),0) -> 25 | P30: 1 | Q30: =IFERROR(VLOOKUP(P30,'Puntos XCO'!$A$1:$B$63,2,FALSE),0) -> 200 | R30: 0 | S30: =IFERROR(VLOOKUP(R30,'Puntos XCC Mayor'!$A$1:$B$15,2,FALSE),0) -> 0 | T30: 0 | U30: =IFERROR(VLOOKUP(T30,'Puntos XCO'!$A$1:$B$63,2,FALSE),0) -> 0 | V30: 0 | W30: =IFERROR(VLOOKUP(V30,'Puntos XCC Mayor'!$A$1:$B$15,2,FALSE),0) -> 0 | X30: 0 | Y30: =IFERROR(VLOOKUP(X30,'Puntos XCO'!$A$1:$B$63,2,FALSE),0) -> 0 | Z30: =IFERROR(VLOOKUP($C30,RESXCC_1,9,FALSE),0) -> 0 | AA30: =IFERROR(VLOOKUP(Z30,'Puntos XCC Mayor'!$A$1:$B$15,2,FALSE),0) -> 0 | AB30: =IFERROR(VLOOKUP($C30,RESXCO,9,FALSE),0) -> 0 | AC30: =IFERROR(VLOOKUP(AB30,'Puntos XCO'!$A$1:$B$63,2,FALSE),0) -> 0 | AH30: =G30+I30+K30+M30+O30+Q30+S30+U30+W30+Y30+AA30+AC30+AE30+AG30 -> 225
A31: 17 | B31: 16 | C31: 7 | D31: MONTOYA Paolo | E31: COLONO BIKE STATION KOLBI | O31: =IFERROR(VLOOKUP(N31,'Puntos XCC Mayor'!$A$1:$B$15,2,FALSE),0) -> 0 | P31: 7 | Q31: =IFERROR(VLOOKUP(P31,'Puntos XCO'!$A$1:$B$63,2,FALSE),0) -> 90 | R31: 0 | S31: =IFERROR(VLOOKUP(R31,'Puntos XCC Mayor'!$A$1:$B$15,2,FALSE),0) -> 0 | T31: 0 | U31: =IFERROR(VLOOKUP(T31,'Puntos XCO'!$A$1:$B$63,2,FALSE),0) -> 0 | V31: 0 | W31: =IFERROR(VLOOKUP(V31,'Puntos XCC Mayor'!$A$1:$B$15,2,FALSE),0) -> 0 | X31: 3 | Y31: =IFERROR(VLOOKUP(X31,'Puntos XCO'!$A$1:$B$63,2,FALSE),0) -> 120 | Z31: =IFERROR(VLOOKUP($C31,RESXCC_1,9,FALSE),0) -> 0 | AA31: =IFERROR(VLOOKUP(Z31,'Puntos XCC Mayor'!$A$1:$B$15,2,FALSE),0) -> 0 | AB31: =IFERROR(VLOOKUP($C31,RESXCO,9,FALSE),0) -> 0 | AC31: =IFERROR(VLOOKUP(AB31,'Puntos XCO'!$A$1:$B$63,2,FALSE),0) -> 0 | AH31: =G31+I31+K31+M31+O31+Q31+S31+U31+W31+Y31+AA31+AC31+AE31+AG31 -> 210
A32: 18 | B32: 17 | C32: 22 | D32: TAILLEFER Tristan* | E32: PIVOT OTE CONTINENTAL | N32: 8 | O32: =IFERROR(VLOOKUP(N32,'Puntos XCC Mayor'!$A$1:$B$15,2,FALSE),0) -> 8 | P32: 1 | Q32: =IFERROR(VLOOKUP(P32,'Puntos XCO'!$A$1:$B$63,2,FALSE),0) -> 200 | R32: 0 | S32: =IFERROR(VLOOKUP(R32,'Puntos XCC Mayor'!$A$1:$B$15,2,FALSE),0) -> 0 | T32: 0 | U32: =IFERROR(VLOOKUP(T32,'Puntos XCO'!$A$1:$B$63,2,FALSE),0) -> 0 | V32: 0 | W32: =IFERROR(VLOOKUP(V32,'Puntos XCC Mayor'!$A$1:$B$15,2,FALSE),0) -> 0 | X32: 0 | Y32: =IFERROR(VLOOKUP(X32,'Puntos XCO'!$A$1:$B$63,2,FALSE),0) -> 0 | Z32: =IFERROR(VLOOKUP($C32,RESXCC_1,9,FALSE),0) -> 0 | AA32: =IFERROR(VLOOKUP(Z32,'Puntos XCC Mayor'!$A$1:$B$15,2,FALSE),0) -> 0 | AB32: =IFERROR(VLOOKUP($C32,RESXCO,9,FALSE),0) -> 0 | AC32: =IFERROR(VLOOKUP(AB32,'Puntos XCO'!$A$1:$B$63,2,FALSE),0) -> 0 | AH32: =G32+I32+K32+M32+O32+Q32+S32+U32+W32+Y32+AA32+AC32+AE32+AG32 -> 208
A33: 19 | B33: 18 | D33: ASTUA Kyvan | E33: INDEPENDIENTE | F33: 12 | G33: 4 | H33: 7 | I33: 90 | J33: 3 | K33: 16 | L33: 15 | M33: 68 | O33: =IFERROR(VLOOKUP(N33,'Puntos XCC Mayor'!$A$1:$B$15,2,FALSE),0) -> 0 | Q33: =IFERROR(VLOOKUP(P33,'Puntos XCO'!$A$1:$B$63,2,FALSE),0) -> 0 | R33: 0 | S33: =IFERROR(VLOOKUP(R33,'Puntos XCC Mayor'!$A$1:$B$15,2,FALSE),0) -> 0 | T33: 0 | U33: =IFERROR(VLOOKUP(T33,'Puntos XCO'!$A$1:$B$63,2,FALSE),0) -> 0 | V33: 0 | W33: =IFERROR(VLOOKUP(V33,'Puntos XCC Mayor'!$A$1:$B$15,2,FALSE),0) -> 0 | X33: 0 | Y33: =IFERROR(VLOOKUP(X33,'Puntos XCO'!$A$1:$B$63,2,FALSE),0) -> 0 | Z33: =IFERROR(VLOOKUP($C33,RESXCC_1,9,FALSE),0) -> 0 | AA33: =IFERROR(VLOOKUP(Z33,'Puntos XCC Mayor'!$A$1:$B$15,2,FALSE),0) -> 0 | AB33: =IFERROR(VLOOKUP($C33,RESXCO,9,FALSE),0) -> 0 | AC33: =IFERROR(VLOOKUP(AB33,'Puntos XCO'!$A$1:$B$63,2,FALSE),0) -> 0 | AH33: =G33+I33+K33+M33+O33+Q33+S33+U33+W33+Y33+AA33+AC33+AE33+AG33 -> 178
A34: 20 | B34: 39 | C34: 41 | D34: =VLOOKUP(C34,PLANILLA,2,FALSE) -> FERNADEZ Fabricio Alberto* | E34: =VLOOKUP(C34,PLANILLA,4,FALSE) -> Sin equipo | V34: 0 | W34: =IFERROR(VLOOKUP(V34,'Puntos XCC Mayor'!$A$1:$B$15,2,FALSE),0) -> 0 | X34: 15 | Y34: =IFERROR(VLOOKUP(X34,'Puntos XCO'!$A$1:$B$63,2,FALSE),0) -> 68 | Z34: =IFERROR(VLOOKUP($C34,RESXCC_1,9,FALSE),0) -> 8 | AA34: =IFERROR(VLOOKUP(Z34,'Puntos XCC Mayor'!$A$1:$B$15,2,FALSE),0) -> 8 | AB34: =IFERROR(VLOOKUP($C34,RESXCO,9,FALSE),0) -> 6 | AC34: =IFERROR(VLOOKUP(AB34,'Puntos XCO'!$A$1:$B$63,2,FALSE),0) -> 95 | AH34: =G34+I34+K34+M34+O34+Q34+S34+U34+W34+Y34+AA34+AC34+AE34+AG34 -> 171
A35: 21 | B35: 19 | C35: 8 | D35: FONSECA Andrey | E35: TEAM INNOVABIKES SKOLER UH | J35: 0 | K35: 0 | L35: 8 | M35: 85 | N35: 22 | O35: =IFERROR(VLOOKUP(N35,'Puntos XCC Mayor'!$A$1:$B$15,2,FALSE),0) -> 0 | P35: 8 | Q35: =IFERROR(VLOOKUP(P35,'Puntos XCO'!$A$1:$B$63,2,FALSE),0) -> 85 | R35: 0 | S35: =IFERROR(VLOOKUP(R35,'Puntos XCC Mayor'!$A$1:$B$15,2,FALSE),0) -> 0 | T35: 0 | U35: =IFERROR(VLOOKUP(T35,'Puntos XCO'!$A$1:$B$63,2,FALSE),0) -> 0 | V35: 0 | W35: =IFERROR(VLOOKUP(V35,'Puntos XCC Mayor'!$A$1:$B$15,2,FALSE),0) -> 0 | X35: 0 | Y35: =IFERROR(VLOOKUP(X35,'Puntos XCO'!$A$1:$B$63,2,FALSE),0) -> 0 | Z35: =IFERROR(VLOOKUP($C35,RESXCC_1,9,FALSE),0) -> 0 | AA35: =IFERROR(VLOOKUP(Z35,'Puntos XCC Mayor'!$A$1:$B$15,2,FALSE),0) -> 0 | AB35: =IFERROR(VLOOKUP($C35,RESXCO,9,FALSE),0) -> 0 | AC35: =IFERROR(VLOOKUP(AB35,'Puntos XCO'!$A$1:$B$63,2,FALSE),0) -> 0 | AH35: =G35+I35+K35+M35+O35+Q35+S35+U35+W35+Y35+AA35+AC35+AE35+AG35 -> 170
A36: 22 | B36: 20 | C36: 35 | D36: CASTILLO Alejandro* | E36: COLONO BIKE STATION KOLBI | N36: 24 | O36: =IFERROR(VLOOKUP(N36,'Puntos XCC Mayor'!$A$1:$B$15,2,FALSE),0) -> 0 | Q36: =IFERROR(VLOOKUP(P36,'Puntos XCO'!$A$1:$B$63,2,FALSE),0) -> 0 | R36: 0 | S36: =IFERROR(VLOOKUP(R36,'Puntos XCC Mayor'!$A$1:$B$15,2,FALSE),0) -> 0 | T36: 10 | U36: =IFERROR(VLOOKUP(T36,'Puntos XCO'!$A$1:$B$63,2,FALSE),0) -> 78 | V36: 9 | W36: =IFERROR(VLOOKUP(V36,'Puntos XCC Mayor'!$A$1:$B$15,2,FALSE),0) -> 7 | X36: 10 | Y36: =IFERROR(VLOOKUP(X36,'Puntos XCO'!$A$1:$B$63,2,FALSE),0) -> 78 | Z36: =IFERROR(VLOOKUP($C36,RESXCC_1,9,FALSE),0) -> 0 | AA36: =IFERROR(VLOOKUP(Z36,'Puntos XCC Mayor'!$A$1:$B$15,2,FALSE),0) -> 0 | AB36: =IFERROR(VLOOKUP($C36,RESXCO,9,FALSE),0) -> 0 | AC36: =IFERROR(VLOOKUP(AB36,'Puntos XCO'!$A$1:$B$63,2,FALSE),0) -> 0 | AH36: =G36+I36+K36+M36+O36+Q36+S36+U36+W36+Y36+AA36+AC36+AE36+AG36 -> 163
A37: 23 | B37: 21 | C37: 21 | D37: SAN MARTIN Maximiliano* | E37: ER CICLISMO CHILE. | N37: 10 | O37: =IFERROR(VLOOKUP(N37,'Puntos XCC Mayor'!$A$1:$B$15,2,FALSE),0) -> 6 | P37: 2 | Q37: =IFERROR(VLOOKUP(P37,'Puntos XCO'!$A$1:$B$63,2,FALSE),0) -> 150 | R37: 0 | S37: =IFERROR(VLOOKUP(R37,'Puntos XCC Mayor'!$A$1:$B$15,2,FALSE),0) -> 0 | T37: 0 | U37: =IFERROR(VLOOKUP(T37,'Puntos XCO'!$A$1:$B$63,2,FALSE),0) -> 0 | V37: 0 | W37: =IFERROR(VLOOKUP(V37,'Puntos XCC Mayor'!$A$1:$B$15,2,FALSE),0) -> 0 | X37: 0 | Y37: =IFERROR(VLOOKUP(X37,'Puntos XCO'!$A$1:$B$63,2,FALSE),0) -> 0 | Z37: =IFERROR(VLOOKUP($C37,RESXCC_1,9,FALSE),0) -> 0 | AA37: =IFERROR(VLOOKUP(Z37,'Puntos XCC Mayor'!$A$1:$B$15,2,FALSE),0) -> 0 | AB37: =IFERROR(VLOOKUP($C37,RESXCO,9,FALSE),0) -> 0 | AC37: =IFERROR(VLOOKUP(AB37,'Puntos XCO'!$A$1:$B$63,2,FALSE),0) -> 0 | AH37: =G37+I37+K37+M37+O37+Q37+S37+U37+W37+Y37+AA37+AC37+AE37+AG37 -> 156
A38: 24 | B38: 22 | C38: 2 | D38: BOTERO Jhonnatan | E38: GW ERCO SPORTFITNESS | O38: =IFERROR(VLOOKUP(N38,'Puntos XCC Mayor'!$A$1:$B$15,2,FALSE),0) -> 0 | P38: 2 | Q38: =IFERROR(VLOOKUP(P38,'Puntos XCO'!$A$1:$B$63,2,FALSE),0) -> 150 | R38: 0 | S38: =IFERROR(VLOOKUP(R38,'Puntos XCC Mayor'!$A$1:$B$15,2,FALSE),0) -> 0 | T38: 0 | U38: =IFERROR(VLOOKUP(T38,'Puntos XCO'!$A$1:$B$63,2,FALSE),0) -> 0 | V38: 0 | W38: =IFERROR(VLOOKUP(V38,'Puntos XCC Mayor'!$A$1:$B$15,2,FALSE),0) -> 0 | X38: 0 | Y38: =IFERROR(VLOOKUP(X38,'Puntos XCO'!$A$1:$B$63,2,FALSE),0) -> 0 | Z38: =IFERROR(VLOOKUP($C38,RESXCC_1,9,FALSE),0) -> 0 | AA38: =IFERROR(VLOOKUP(Z38,'Puntos XCC Mayor'!$A$1:$B$15,2,FALSE),0) -> 0 | AB38: =IFERROR(VLOOKUP($C38,RESXCO,9,FALSE),0) -> 0 | AC38: =IFERROR(VLOOKUP(AB38,'Puntos XCO'!$A$1:$B$63,2,FALSE),0) -> 0 | AH38: =G38+I38+K38+M38+O38+Q38+S38+U38+W38+Y38+AA38+AC38+AE38+AG38 -> 150
A39: 25 | B39: 23 | C39: 6 | D39: RAMÍREZ Joseph | E39: COLONO BIKE STATION KOLBI | J39: 0 | K39: 0 | L39: 2 | M39: 150 | O39: =IFERROR(VLOOKUP(N39,'Puntos XCC Mayor'!$A$1:$B$15,2,FALSE),0) -> 0 | Q39: =IFERROR(VLOOKUP(P39,'Puntos XCO'!$A$1:$B$63,2,FALSE),0) -> 0 | R39: 0 | S39: =IFERROR(VLOOKUP(R39,'Puntos XCC Mayor'!$A$1:$B$15,2,FALSE),0) -> 0 | T39: 0 | U39: =IFERROR(VLOOKUP(T39,'Puntos XCO'!$A$1:$B$63,2,FALSE),0) -> 0 | V39: 0 | W39: =IFERROR(VLOOKUP(V39,'Puntos XCC Mayor'!$A$1:$B$15,2,FALSE),0) -> 0 | X39: 0 | Y39: =IFERROR(VLOOKUP(X39,'Puntos XCO'!$A$1:$B$63,2,FALSE),0) -> 0 | Z39: =IFERROR(VLOOKUP($C39,RESXCC_1,9,FALSE),0) -> 0 | AA39: =IFERROR(VLOOKUP(Z39,'Puntos XCC Mayor'!$A$1:$B$15,2,FALSE),0) -> 0 | AB39: =IFERROR(VLOOKUP($C39,RESXCO,9,FALSE),0) -> 0 | AC39: =IFERROR(VLOOKUP(AB39,'Puntos XCO'!$A$1:$B$63,2,FALSE),0) -> 0 | AH39: =G39+I39+K39+M39+O39+Q39+S39+U39+W39+Y39+AA39+AC39+AE39+AG39 -> 150
A40: 26 | B40: 40 | C40: 40 | D40: =VLOOKUP(C40,PLANILLA,2,FALSE) -> GUTIERREZ Carlos Daniel | E40: =VLOOKUP(C40,PLANILLA,4,FALSE) -> turrialba | V40: 14 | W40: =IFERROR(VLOOKUP(V40,'Puntos XCC Mayor'!$A$1:$B$15,2,FALSE),0) -> 2 | X40: 16 | Y40: =IFERROR(VLOOKUP(X40,'Puntos XCO'!$A$1:$B$63,2,FALSE),0) -> 66 | Z40: =IFERROR(VLOOKUP($C40,RESXCC_1,9,FALSE),0) -> 11 | AA40: =IFERROR(VLOOKUP(Z40,'Puntos XCC Mayor'!$A$1:$B$15,2,FALSE),0) -> 5 | AB40: =IFERROR(VLOOKUP($C40,RESXCO,9,FALSE),0) -> 11 | AC40: =IFERROR(VLOOKUP(AB40,'Puntos XCO'!$A$1:$B$63,2,FALSE),0) -> 76 | AH40: =G40+I40+K40+M40+O40+Q40+S40+U40+W40+Y40+AA40+AC40+AE40+AG40 -> 149
A41: 27 | B41: 25 | C41: 5 | D41: BEDOYA Jeronimo | E41: GW ERCO SPORTFITNESS | N41: 3 | O41: =IFERROR(VLOOKUP(N41,'Puntos XCC Mayor'!$A$1:$B$15,2,FALSE),0) -> 16 | P41: 3 | Q41: =IFERROR(VLOOKUP(P41,'Puntos XCO'!$A$1:$B$63,2,FALSE),0) -> 120 | R41: 0 | S41: =IFERROR(VLOOKUP(R41,'Puntos XCC Mayor'!$A$1:$B$15,2,FALSE),0) -> 0 | T41: 0 | U41: =IFERROR(VLOOKUP(T41,'Puntos XCO'!$A$1:$B$63,2,FALSE),0) -> 0 | V41: 0 | W41: =IFERROR(VLOOKUP(V41,'Puntos XCC Mayor'!$A$1:$B$15,2,FALSE),0) -> 0 | X41: 0 | Y41: =IFERROR(VLOOKUP(X41,'Puntos XCO'!$A$1:$B$63,2,FALSE),0) -> 0 | Z41: =IFERROR(VLOOKUP($C41,RESXCC_1,9,FALSE),0) -> 0 | AA41: =IFERROR(VLOOKUP(Z41,'Puntos XCC Mayor'!$A$1:$B$15,2,FALSE),0) -> 0 | AB41: =IFERROR(VLOOKUP($C41,RESXCO,9,FALSE),0) -> 0 | AC41: =IFERROR(VLOOKUP(AB41,'Puntos XCO'!$A$1:$B$63,2,FALSE),0) -> 0 | AH41: =G41+I41+K41+M41+O41+Q41+S41+U41+W41+Y41+AA41+AC41+AE41+AG41 -> 136
A42: 28 | B42: 26 | C42: 14 | D42: AGUILAR Ivan | E42: REGULUS 333 | N42: 2 | O42: =IFERROR(VLOOKUP(N42,'Puntos XCC Mayor'!$A$1:$B$15,2,FALSE),0) -> 20 | P42: 4 | Q42: =IFERROR(VLOOKUP(P42,'Puntos XCO'!$A$1:$B$63,2,FALSE),0) -> 110 | R42: 0 | S42: =IFERROR(VLOOKUP(R42,'Puntos XCC Mayor'!$A$1:$B$15,2,FALSE),0) -> 0 | T42: 0 | U42: =IFERROR(VLOOKUP(T42,'Puntos XCO'!$A$1:$B$63,2,FALSE),0) -> 0 | V42: 0 | W42: =IFERROR(VLOOKUP(V42,'Puntos XCC Mayor'!$A$1:$B$15,2,FALSE),0) -> 0 | X42: 0 | Y42: =IFERROR(VLOOKUP(X42,'Puntos XCO'!$A$1:$B$63,2,FALSE),0) -> 0 | Z42: =IFERROR(VLOOKUP($C42,RESXCC_1,9,FALSE),0) -> 0 | AA42: =IFERROR(VLOOKUP(Z42,'Puntos XCC Mayor'!$A$1:$B$15,2,FALSE),0) -> 0 | AB42: =IFERROR(VLOOKUP($C42,RESXCO,9,FALSE),0) -> 0 | AC42: =IFERROR(VLOOKUP(AB42,'Puntos XCO'!$A$1:$B$63,2,FALSE),0) -> 0 | AH42: =G42+I42+K42+M42+O42+Q42+S42+U42+W42+Y42+AA42+AC42+AE42+AG42 -> 130
A43: 29 | B43: 27 | C43: 31 | D43: MORA Kendall* | E43: CODEA ALAJUELA | F43: 17 | G43: 0 | H43: 17 | I43: 64 | J43: 16 | K43: 0 | L43: 19 | M43: 60 | N43: 26 | O43: =IFERROR(VLOOKUP(N43,'Puntos XCC Mayor'!$A$1:$B$15,2,FALSE),0) -> 0 | Q43: =IFERROR(VLOOKUP(P43,'Puntos XCO'!$A$1:$B$63,2,FALSE),0) -> 0 | R43: 0 | S43: =IFERROR(VLOOKUP(R43,'Puntos XCC Mayor'!$A$1:$B$15,2,FALSE),0) -> 0 | T43: 0 | U43: =IFERROR(VLOOKUP(T43,'Puntos XCO'!$A$1:$B$63,2,FALSE),0) -> 0 | V43: 0 | W43: =IFERROR(VLOOKUP(V43,'Puntos XCC Mayor'!$A$1:$B$15,2,FALSE),0) -> 0 | X43: 0 | Y43: =IFERROR(VLOOKUP(X43,'Puntos XCO'!$A$1:$B$63,2,FALSE),0) -> 0 | Z43: =IFERROR(VLOOKUP($C43,RESXCC_1,9,FALSE),0) -> 0 | AA43: =IFERROR(VLOOKUP(Z43,'Puntos XCC Mayor'!$A$1:$B$15,2,FALSE),0) -> 0 | AB43: =IFERROR(VLOOKUP($C43,RESXCO,9,FALSE),0) -> 0 | AC43: =IFERROR(VLOOKUP(AB43,'Puntos XCO'!$A$1:$B$63,2,FALSE),0) -> 0 | AH43: =G43+I43+K43+M43+O43+Q43+S43+U43+W43+Y43+AA43+AC43+AE43+AG43 -> 124
A44: 30 | B44: 28 | C44: 33 | D44: BRUNELLE Alix* | E44: SIBOIRE QUIROULE | O44: =IFERROR(VLOOKUP(N44,'Puntos XCC Mayor'!$A$1:$B$15,2,FALSE),0) -> 0 | P44: 5 | Q44: =IFERROR(VLOOKUP(P44,'Puntos XCO'!$A$1:$B$63,2,FALSE),0) -> 100 | R44: 0 | S44: =IFERROR(VLOOKUP(R44,'Puntos XCC Mayor'!$A$1:$B$15,2,FALSE),0) -> 0 | T44: 0 | U44: =IFERROR(VLOOKUP(T44,'Puntos XCO'!$A$1:$B$63,2,FALSE),0) -> 0 | V44: 0 | W44: =IFERROR(VLOOKUP(V44,'Puntos XCC Mayor'!$A$1:$B$15,2,FALSE),0) -> 0 | X44: 0 | Y44: =IFERROR(VLOOKUP(X44,'Puntos XCO'!$A$1:$B$63,2,FALSE),0) -> 0 | Z44: =IFERROR(VLOOKUP($C44,RESXCC_1,9,FALSE),0) -> 0 | AA44: =IFERROR(VLOOKUP(Z44,'Puntos XCC Mayor'!$A$1:$B$15,2,FALSE),0) -> 0 | AB44: =IFERROR(VLOOKUP($C44,RESXCO,9,FALSE),0) -> 0 | AC44: =IFERROR(VLOOKUP(AB44,'Puntos XCO'!$A$1:$B$63,2,FALSE),0) -> 0 | AH44: =G44+I44+K44+M44+O44+Q44+S44+U44+W44+Y44+AA44+AC44+AE44+AG44 -> 100
A45: 31 | C45: 43 | D45: =VLOOKUP(C45,PLANILLA,2,FALSE) -> SUNSIN Ean* | E45: =VLOOKUP(C45,PLANILLA,4,FALSE) -> ACISA - SARAPIQUÍ | Z45: =IFERROR(VLOOKUP($C45,RESXCC_1,9,FALSE),0) -> 9 | AA45: =IFERROR(VLOOKUP(Z45,'Puntos XCC Mayor'!$A$1:$B$15,2,FALSE),0) -> 7 | AB45: =IFERROR(VLOOKUP($C45,RESXCO,9,FALSE),0) -> 8 | AC45: =IFERROR(VLOOKUP(AB45,'Puntos XCO'!$A$1:$B$63,2,FALSE),0) -> 85 | AH45: =G45+I45+K45+M45+O45+Q45+S45+U45+W45+Y45+AA45+AC45+AE45+AG45 -> 92
A46: 32 | B46: 29 | C46: 34 | D46: RODRIGUEZ Angel* | E46: 7EIGHT7 PROJECT | N46: 20 | O46: =IFERROR(VLOOKUP(N46,'Puntos XCC Mayor'!$A$1:$B$15,2,FALSE),0) -> 0 | P46: 7 | Q46: =IFERROR(VLOOKUP(P46,'Puntos XCO'!$A$1:$B$63,2,FALSE),0) -> 90 | R46: 0 | S46: =IFERROR(VLOOKUP(R46,'Puntos XCC Mayor'!$A$1:$B$15,2,FALSE),0) -> 0 | T46: 0 | U46: =IFERROR(VLOOKUP(T46,'Puntos XCO'!$A$1:$B$63,2,FALSE),0) -> 0 | V46: 0 | W46: =IFERROR(VLOOKUP(V46,'Puntos XCC Mayor'!$A$1:$B$15,2,FALSE),0) -> 0 | X46: 0 | Y46: =IFERROR(VLOOKUP(X46,'Puntos XCO'!$A$1:$B$63,2,FALSE),0) -> 0 | Z46: =IFERROR(VLOOKUP($C46,RESXCC_1,9,FALSE),0) -> 0 | AA46: =IFERROR(VLOOKUP(Z46,'Puntos XCC Mayor'!$A$1:$B$15,2,FALSE),0) -> 0 | AB46: =IFERROR(VLOOKUP($C46,RESXCO,9,FALSE),0) -> 0 | AC46: =IFERROR(VLOOKUP(AB46,'Puntos XCO'!$A$1:$B$63,2,FALSE),0) -> 0 | AH46: =G46+I46+K46+M46+O46+Q46+S46+U46+W46+Y46+AA46+AC46+AE46+AG46 -> 90
A47: 33 | B47: 30 | C47: 24 | D47: DUVAL Mathis* | E47: SIBOIRE QUIROULE | N47: 7 | O47: =IFERROR(VLOOKUP(N47,'Puntos XCC Mayor'!$A$1:$B$15,2,FALSE),0) -> 9 | P47: 9 | Q47: =IFERROR(VLOOKUP(P47,'Puntos XCO'!$A$1:$B$63,2,FALSE),0) -> 80 | R47: 0 | S47: =IFERROR(VLOOKUP(R47,'Puntos XCC Mayor'!$A$1:$B$15,2,FALSE),0) -> 0 | T47: 0 | U47: =IFERROR(VLOOKUP(T47,'Puntos XCO'!$A$1:$B$63,2,FALSE),0) -> 0 | V47: 0 | W47: =IFERROR(VLOOKUP(V47,'Puntos XCC Mayor'!$A$1:$B$15,2,FALSE),0) -> 0 | X47: 0 | Y47: =IFERROR(VLOOKUP(X47,'Puntos XCO'!$A$1:$B$63,2,FALSE),0) -> 0 | Z47: =IFERROR(VLOOKUP($C47,RESXCC_1,9,FALSE),0) -> 0 | AA47: =IFERROR(VLOOKUP(Z47,'Puntos XCC Mayor'!$A$1:$B$15,2,FALSE),0) -> 0 | AB47: =IFERROR(VLOOKUP($C47,RESXCO,9,FALSE),0) -> 0 | AC47: =IFERROR(VLOOKUP(AB47,'Puntos XCO'!$A$1:$B$63,2,FALSE),0) -> 0 | AH47: =G47+I47+K47+M47+O47+Q47+S47+U47+W47+Y47+AA47+AC47+AE47+AG47 -> 89
A48: 34 | B48: 31 | D48: AGUILAR Jonathan* | E48: MANZA TÉ LA SELVA SCOTT | F48: 3 | G48: 16 | H48: 13 | I48: 72 | J48: 0 | K48: 0 | L48: 0 | M48: 0 | O48: =IFERROR(VLOOKUP(N48,'Puntos XCC Mayor'!$A$1:$B$15,2,FALSE),0) -> 0 | Q48: =IFERROR(VLOOKUP(P48,'Puntos XCO'!$A$1:$B$63,2,FALSE),0) -> 0 | R48: 0 | S48: =IFERROR(VLOOKUP(R48,'Puntos XCC Mayor'!$A$1:$B$15,2,FALSE),0) -> 0 | T48: 0 | U48: =IFERROR(VLOOKUP(T48,'Puntos XCO'!$A$1:$B$63,2,FALSE),0) -> 0 | V48: 0 | W48: =IFERROR(VLOOKUP(V48,'Puntos XCC Mayor'!$A$1:$B$15,2,FALSE),0) -> 0 | X48: 0 | Y48: =IFERROR(VLOOKUP(X48,'Puntos XCO'!$A$1:$B$63,2,FALSE),0) -> 0 | Z48: =IFERROR(VLOOKUP($C48,RESXCC_1,9,FALSE),0) -> 0 | AA48: =IFERROR(VLOOKUP(Z48,'Puntos XCC Mayor'!$A$1:$B$15,2,FALSE),0) -> 0 | AB48: =IFERROR(VLOOKUP($C48,RESXCO,9,FALSE),0) -> 0 | AC48: =IFERROR(VLOOKUP(AB48,'Puntos XCO'!$A$1:$B$63,2,FALSE),0) -> 0 | AH48: =G48+I48+K48+M48+O48+Q48+S48+U48+W48+Y48+AA48+AC48+AE48+AG48 -> 88
A49: 35 | B49: 32 | C49: 36 | D49: LUNA José Carlos* | E49: MI BICLA | N49: 17 | O49: =IFERROR(VLOOKUP(N49,'Puntos XCC Mayor'!$A$1:$B$15,2,FALSE),0) -> 0 | P49: 8 | Q49: =IFERROR(VLOOKUP(P49,'Puntos XCO'!$A$1:$B$63,2,FALSE),0) -> 85 | R49: 0 | S49: =IFERROR(VLOOKUP(R49,'Puntos XCC Mayor'!$A$1:$B$15,2,FALSE),0) -> 0 | T49: 0 | U49: =IFERROR(VLOOKUP(T49,'Puntos XCO'!$A$1:$B$63,2,FALSE),0) -> 0 | V49: 0 | W49: =IFERROR(VLOOKUP(V49,'Puntos XCC Mayor'!$A$1:$B$15,2,FALSE),0) -> 0 | X49: 0 | Y49: =IFERROR(VLOOKUP(X49,'Puntos XCO'!$A$1:$B$63,2,FALSE),0) -> 0 | Z49: =IFERROR(VLOOKUP($C49,RESXCC_1,9,FALSE),0) -> 0 | AA49: =IFERROR(VLOOKUP(Z49,'Puntos XCC Mayor'!$A$1:$B$15,2,FALSE),0) -> 0 | AB49: =IFERROR(VLOOKUP($C49,RESXCO,9,FALSE),0) -> 0 | AC49: =IFERROR(VLOOKUP(AB49,'Puntos XCO'!$A$1:$B$63,2,FALSE),0) -> 0 | AH49: =G49+I49+K49+M49+O49+Q49+S49+U49+W49+Y49+AA49+AC49+AE49+AG49 -> 85
A50: 36 | B50: 33 | D50: MADRIGAL Adriano* | E50: CICLISMO BELÉN | F50: 11 | G50: 5 | H50: 9 | I50: 80 | J50: 0 | K50: 0 | L50: 0 | M50: 0 | O50: =IFERROR(VLOOKUP(N50,'Puntos XCC Mayor'!$A$1:$B$15,2,FALSE),0) -> 0 | Q50: =IFERROR(VLOOKUP(P50,'Puntos XCO'!$A$1:$B$63,2,FALSE),0) -> 0 | R50: 0 | S50: =IFERROR(VLOOKUP(R50,'Puntos XCC Mayor'!$A$1:$B$15,2,FALSE),0) -> 0 | T50: 0 | U50: =IFERROR(VLOOKUP(T50,'Puntos XCO'!$A$1:$B$63,2,FALSE),0) -> 0 | V50: 0 | W50: =IFERROR(VLOOKUP(V50,'Puntos XCC Mayor'!$A$1:$B$15,2,FALSE),0) -> 0 | X50: 0 | Y50: =IFERROR(VLOOKUP(X50,'Puntos XCO'!$A$1:$B$63,2,FALSE),0) -> 0 | Z50: =IFERROR(VLOOKUP($C50,RESXCC_1,9,FALSE),0) -> 0 | AA50: =IFERROR(VLOOKUP(Z50,'Puntos XCC Mayor'!$A$1:$B$15,2,FALSE),0) -> 0 | AB50: =IFERROR(VLOOKUP($C50,RESXCO,9,FALSE),0) -> 0 | AC50: =IFERROR(VLOOKUP(AB50,'Puntos XCO'!$A$1:$B$63,2,FALSE),0) -> 0 | AH50: =G50+I50+K50+M50+O50+Q50+S50+U50+W50+Y50+AA50+AC50+AE50+AG50 -> 85
A51: 37 | B51: 34 | C51: 39 | D51: =VLOOKUP(C51,PLANILLA,2,FALSE) -> ROJAS Juan Diego* | E51: =VLOOKUP(C51,PLANILLA,4,FALSE) -> MEGAMO MANZATÉ LA SELVA | V51: 11 | W51: =IFERROR(VLOOKUP(V51,'Puntos XCC Mayor'!$A$1:$B$15,2,FALSE),0) -> 5 | X51: 11 | Y51: =IFERROR(VLOOKUP(X51,'Puntos XCO'!$A$1:$B$63,2,FALSE),0) -> 76 | Z51: =IFERROR(VLOOKUP($C51,RESXCC_1,9,FALSE),0) -> 0 | AA51: =IFERROR(VLOOKUP(Z51,'Puntos XCC Mayor'!$A$1:$B$15,2,FALSE),0) -> 0 | AB51: =IFERROR(VLOOKUP($C51,RESXCO,9,FALSE),0) -> 0 | AC51: =IFERROR(VLOOKUP(AB51,'Puntos XCO'!$A$1:$B$63,2,FALSE),0) -> 0 | AH51: =G51+I51+K51+M51+O51+Q51+S51+U51+W51+Y51+AA51+AC51+AE51+AG51 -> 81
A52: 38 | B52: 35 | C52: 11 | D52: FARNWORTH Landon | E52: UNATTACHED | N52: 19 | O52: =IFERROR(VLOOKUP(N52,'Puntos XCC Mayor'!$A$1:$B$15,2,FALSE),0) -> 0 | P52: 9 | Q52: =IFERROR(VLOOKUP(P52,'Puntos XCO'!$A$1:$B$63,2,FALSE),0) -> 80 | R52: 0 | S52: =IFERROR(VLOOKUP(R52,'Puntos XCC Mayor'!$A$1:$B$15,2,FALSE),0) -> 0 | T52: 0 | U52: =IFERROR(VLOOKUP(T52,'Puntos XCO'!$A$1:$B$63,2,FALSE),0) -> 0 | V52: 0 | W52: =IFERROR(VLOOKUP(V52,'Puntos XCC Mayor'!$A$1:$B$15,2,FALSE),0) -> 0 | X52: 0 | Y52: =IFERROR(VLOOKUP(X52,'Puntos XCO'!$A$1:$B$63,2,FALSE),0) -> 0 | Z52: =IFERROR(VLOOKUP($C52,RESXCC_1,9,FALSE),0) -> 0 | AA52: =IFERROR(VLOOKUP(Z52,'Puntos XCC Mayor'!$A$1:$B$15,2,FALSE),0) -> 0 | AB52: =IFERROR(VLOOKUP($C52,RESXCO,9,FALSE),0) -> 0 | AC52: =IFERROR(VLOOKUP(AB52,'Puntos XCO'!$A$1:$B$63,2,FALSE),0) -> 0 | AH52: =G52+I52+K52+M52+O52+Q52+S52+U52+W52+Y52+AA52+AC52+AE52+AG52 -> 80
A53: 39 | C53: 42 | D53: =VLOOKUP(C53,PLANILLA,2,FALSE) -> ORTEGA Kelvin José* | E53: =VLOOKUP(C53,PLANILLA,4,FALSE) -> CCDR Santa Cruz | Z53: =IFERROR(VLOOKUP($C53,RESXCC_1,9,FALSE),0) -> 12 | AA53: =IFERROR(VLOOKUP(Z53,'Puntos XCC Mayor'!$A$1:$B$15,2,FALSE),0) -> 4 | AB53: =IFERROR(VLOOKUP($C53,RESXCO,9,FALSE),0) -> 12 | AC53: =IFERROR(VLOOKUP(AB53,'Puntos XCO'!$A$1:$B$63,2,FALSE),0) -> 74 | AH53: =G53+I53+K53+M53+O53+Q53+S53+U53+W53+Y53+AA53+AC53+AE53+AG53 -> 78
A54: 40 | B54: 36 | C54: 38 | D54: =VLOOKUP(C54,PLANILLA,2,FALSE) -> ARAYA Roberto* | E54: =VLOOKUP(C54,PLANILLA,4,FALSE) -> CCDR PARAÍSO | R54: 0 | S54: =IFERROR(VLOOKUP(R54,'Puntos XCC Mayor'!$A$1:$B$15,2,FALSE),0) -> 0 | T54: 11 | U54: =IFERROR(VLOOKUP(T54,'Puntos XCO'!$A$1:$B$63,2,FALSE),0) -> 76 | V54: 0 | W54: =IFERROR(VLOOKUP(V54,'Puntos XCC Mayor'!$A$1:$B$15,2,FALSE),0) -> 0 | X54: 0 | Y54: =IFERROR(VLOOKUP(X54,'Puntos XCO'!$A$1:$B$63,2,FALSE),0) -> 0 | Z54: =IFERROR(VLOOKUP($C54,RESXCC_1,9,FALSE),0) -> 0 | AA54: =IFERROR(VLOOKUP(Z54,'Puntos XCC Mayor'!$A$1:$B$15,2,FALSE),0) -> 0 | AB54: =IFERROR(VLOOKUP($C54,RESXCO,9,FALSE),0) -> 0 | AC54: =IFERROR(VLOOKUP(AB54,'Puntos XCO'!$A$1:$B$63,2,FALSE),0) -> 0 | AH54: =G54+I54+K54+M54+O54+Q54+S54+U54+W54+Y54+AA54+AC54+AE54+AG54 -> 76
A55: 41 | B55: 37 | D55: QUINTERO Jose Carmelo | E55: BIKE RIDE SIQUIRRES | J55: 14 | K55: 2 | L55: 14 | M55: 70 | O55: =IFERROR(VLOOKUP(N55,'Puntos XCC Mayor'!$A$1:$B$15,2,FALSE),0) -> 0 | Q55: =IFERROR(VLOOKUP(P55,'Puntos XCO'!$A$1:$B$63,2,FALSE),0) -> 0 | R55: 0 | S55: =IFERROR(VLOOKUP(R55,'Puntos XCC Mayor'!$A$1:$B$15,2,FALSE),0) -> 0 | T55: 0 | U55: =IFERROR(VLOOKUP(T55,'Puntos XCO'!$A$1:$B$63,2,FALSE),0) -> 0 | V55: 0 | W55: =IFERROR(VLOOKUP(V55,'Puntos XCC Mayor'!$A$1:$B$15,2,FALSE),0) -> 0 | X55: 0 | Y55: =IFERROR(VLOOKUP(X55,'Puntos XCO'!$A$1:$B$63,2,FALSE),0) -> 0 | Z55: =IFERROR(VLOOKUP($C55,RESXCC_1,9,FALSE),0) -> 0 | AA55: =IFERROR(VLOOKUP(Z55,'Puntos XCC Mayor'!$A$1:$B$15,2,FALSE),0) -> 0 | AB55: =IFERROR(VLOOKUP($C55,RESXCO,9,FALSE),0) -> 0 | AC55: =IFERROR(VLOOKUP(AB55,'Puntos XCO'!$A$1:$B$63,2,FALSE),0) -> 0 | AH55: =G55+I55+K55+M55+O55+Q55+S55+U55+W55+Y55+AA55+AC55+AE55+AG55 -> 72
A56: 42 | B56: 38 | D56: MENESES Sebastian* | E56: MANZATE LA SELVA SCOTT | F56: 0 | G56: 0 | H56: 15 | I56: 68 | J56: 0 | K56: 0 | L56: 0 | M56: 0 | O56: =IFERROR(VLOOKUP(N56,'Puntos XCC Mayor'!$A$1:$B$15,2,FALSE),0) -> 0 | Q56: =IFERROR(VLOOKUP(P56,'Puntos XCO'!$A$1:$B$63,2,FALSE),0) -> 0 | R56: 0 | S56: =IFERROR(VLOOKUP(R56,'Puntos XCC Mayor'!$A$1:$B$15,2,FALSE),0) -> 0 | T56: 0 | U56: =IFERROR(VLOOKUP(T56,'Puntos XCO'!$A$1:$B$63,2,FALSE),0) -> 0 | V56: 0 | W56: =IFERROR(VLOOKUP(V56,'Puntos XCC Mayor'!$A$1:$B$15,2,FALSE),0) -> 0 | X56: 0 | Y56: =IFERROR(VLOOKUP(X56,'Puntos XCO'!$A$1:$B$63,2,FALSE),0) -> 0 | Z56: =IFERROR(VLOOKUP($C56,RESXCC_1,9,FALSE),0) -> 0 | AA56: =IFERROR(VLOOKUP(Z56,'Puntos XCC Mayor'!$A$1:$B$15,2,FALSE),0) -> 0 | AB56: =IFERROR(VLOOKUP($C56,RESXCO,9,FALSE),0) -> 0 | AC56: =IFERROR(VLOOKUP(AB56,'Puntos XCO'!$A$1:$B$63,2,FALSE),0) -> 0 | AH56: =G56+I56+K56+M56+O56+Q56+S56+U56+W56+Y56+AA56+AC56+AE56+AG56 -> 68
A57: 43 | B57: 41 | D57: HIDALGO Isaac* | E57: TEAM COSTAFRUT GIANT AC MARRIOT | J57: 15 | K57: 1 | L57: 16 | M57: 66 | O57: =IFERROR(VLOOKUP(N57,'Puntos XCC Mayor'!$A$1:$B$15,2,FALSE),0) -> 0 | Q57: =IFERROR(VLOOKUP(P57,'Puntos XCO'!$A$1:$B$63,2,FALSE),0) -> 0 | R57: 0 | S57: =IFERROR(VLOOKUP(R57,'Puntos XCC Mayor'!$A$1:$B$15,2,FALSE),0) -> 0 | T57: 0 | U57: =IFERROR(VLOOKUP(T57,'Puntos XCO'!$A$1:$B$63,2,FALSE),0) -> 0 | V57: 0 | W57: =IFERROR(VLOOKUP(V57,'Puntos XCC Mayor'!$A$1:$B$15,2,FALSE),0) -> 0 | X57: 0 | Y57: =IFERROR(VLOOKUP(X57,'Puntos XCO'!$A$1:$B$63,2,FALSE),0) -> 0 | Z57: =IFERROR(VLOOKUP($C57,RESXCC_1,9,FALSE),0) -> 0 | AA57: =IFERROR(VLOOKUP(Z57,'Puntos XCC Mayor'!$A$1:$B$15,2,FALSE),0) -> 0 | AB57: =IFERROR(VLOOKUP($C57,RESXCO,9,FALSE),0) -> 0 | AC57: =IFERROR(VLOOKUP(AB57,'Puntos XCO'!$A$1:$B$63,2,FALSE),0) -> 0 | AH57: =G57+I57+K57+M57+O57+Q57+S57+U57+W57+Y57+AA57+AC57+AE57+AG57 -> 67
A58: 44 | B58: 42 | D58: CAMACHO Jeancarlo * | E58: INDEPENDIENTE | J58: 17 | K58: 0 | L58: 18 | M58: 62 | O58: =IFERROR(VLOOKUP(N58,'Puntos XCC Mayor'!$A$1:$B$15,2,FALSE),0) -> 0 | Q58: =IFERROR(VLOOKUP(P58,'Puntos XCO'!$A$1:$B$63,2,FALSE),0) -> 0 | R58: 0 | S58: =IFERROR(VLOOKUP(R58,'Puntos XCC Mayor'!$A$1:$B$15,2,FALSE),0) -> 0 | T58: 0 | U58: =IFERROR(VLOOKUP(T58,'Puntos XCO'!$A$1:$B$63,2,FALSE),0) -> 0 | V58: 0 | W58: =IFERROR(VLOOKUP(V58,'Puntos XCC Mayor'!$A$1:$B$15,2,FALSE),0) -> 0 | X58: 0 | Y58: =IFERROR(VLOOKUP(X58,'Puntos XCO'!$A$1:$B$63,2,FALSE),0) -> 0 | Z58: =IFERROR(VLOOKUP($C58,RESXCC_1,9,FALSE),0) -> 0 | AA58: =IFERROR(VLOOKUP(Z58,'Puntos XCC Mayor'!$A$1:$B$15,2,FALSE),0) -> 0 | AB58: =IFERROR(VLOOKUP($C58,RESXCO,9,FALSE),0) -> 0 | AC58: =IFERROR(VLOOKUP(AB58,'Puntos XCO'!$A$1:$B$63,2,FALSE),0) -> 0 | AH58: =G58+I58+K58+M58+O58+Q58+S58+U58+W58+Y58+AA58+AC58+AE58+AG58 -> 62
A59: 45 | B59: 43 | D59: ALFARO Jeison* | E59: INDEPENDIENTE | J59: 19 | K59: 0 | L59: 20 | M59: 58 | O59: =IFERROR(VLOOKUP(N59,'Puntos XCC Mayor'!$A$1:$B$15,2,FALSE),0) -> 0 | Q59: =IFERROR(VLOOKUP(P59,'Puntos XCO'!$A$1:$B$63,2,FALSE),0) -> 0 | R59: 0 | S59: =IFERROR(VLOOKUP(R59,'Puntos XCC Mayor'!$A$1:$B$15,2,FALSE),0) -> 0 | T59: 0 | U59: =IFERROR(VLOOKUP(T59,'Puntos XCO'!$A$1:$B$63,2,FALSE),0) -> 0 | V59: 0 | W59: =IFERROR(VLOOKUP(V59,'Puntos XCC Mayor'!$A$1:$B$15,2,FALSE),0) -> 0 | X59: 0 | Y59: =IFERROR(VLOOKUP(X59,'Puntos XCO'!$A$1:$B$63,2,FALSE),0) -> 0 | Z59: =IFERROR(VLOOKUP($C59,RESXCC_1,9,FALSE),0) -> 0 | AA59: =IFERROR(VLOOKUP(Z59,'Puntos XCC Mayor'!$A$1:$B$15,2,FALSE),0) -> 0 | AB59: =IFERROR(VLOOKUP($C59,RESXCO,9,FALSE),0) -> 0 | AC59: =IFERROR(VLOOKUP(AB59,'Puntos XCO'!$A$1:$B$63,2,FALSE),0) -> 0 | AH59: =G59+I59+K59+M59+O59+Q59+S59+U59+W59+Y59+AA59+AC59+AE59+AG59 -> 58
A60: 46 | B60: 44 | D60: VARGAS Ismael Felipe* | E60: 7C ECONOMIC HYUNDAI | F60: 8 | G60: 8 | H60: 0 | I60: 0 | J60: 0 | K60: 0 | L60: 0 | M60: 0 | O60: =IFERROR(VLOOKUP(N60,'Puntos XCC Mayor'!$A$1:$B$15,2,FALSE),0) -> 0 | Q60: =IFERROR(VLOOKUP(P60,'Puntos XCO'!$A$1:$B$63,2,FALSE),0) -> 0 | R60: 0 | S60: =IFERROR(VLOOKUP(R60,'Puntos XCC Mayor'!$A$1:$B$15,2,FALSE),0) -> 0 | T60: 0 | U60: =IFERROR(VLOOKUP(T60,'Puntos XCO'!$A$1:$B$63,2,FALSE),0) -> 0 | V60: 0 | W60: =IFERROR(VLOOKUP(V60,'Puntos XCC Mayor'!$A$1:$B$15,2,FALSE),0) -> 0 | X60: 0 | Y60: =IFERROR(VLOOKUP(X60,'Puntos XCO'!$A$1:$B$63,2,FALSE),0) -> 0 | Z60: =IFERROR(VLOOKUP($C60,RESXCC_1,9,FALSE),0) -> 0 | AA60: =IFERROR(VLOOKUP(Z60,'Puntos XCC Mayor'!$A$1:$B$15,2,FALSE),0) -> 0 | AB60: =IFERROR(VLOOKUP($C60,RESXCO,9,FALSE),0) -> 0 | AC60: =IFERROR(VLOOKUP(AB60,'Puntos XCO'!$A$1:$B$63,2,FALSE),0) -> 0 | AH60: =G60+I60+K60+M60+O60+Q60+S60+U60+W60+Y60+AA60+AC60+AE60+AG60 -> 8
D61: CAMPOS Haswel* | E61: DESAMPARADOS | F61: 0 | G61: 0 | H61: 0 | I61: 0 | J61: 0 | K61: 0 | L61: 0 | M61: 0 | O61: =IFERROR(VLOOKUP(N61,'Puntos XCC Mayor'!$A$1:$B$15,2,FALSE),0) -> 0 | Q61: =IFERROR(VLOOKUP(P61,'Puntos XCO'!$A$1:$B$63,2,FALSE),0) -> 0 | R61: 0 | S61: =IFERROR(VLOOKUP(R61,'Puntos XCC Mayor'!$A$1:$B$15,2,FALSE),0) -> 0 | T61: 0 | U61: =IFERROR(VLOOKUP(T61,'Puntos XCO'!$A$1:$B$63,2,FALSE),0) -> 0 | V61: 0 | W61: =IFERROR(VLOOKUP(V61,'Puntos XCC Mayor'!$A$1:$B$15,2,FALSE),0) -> 0 | X61: 0 | Y61: =IFERROR(VLOOKUP(X61,'Puntos XCO'!$A$1:$B$63,2,FALSE),0) -> 0 | Z61: =IFERROR(VLOOKUP($C61,RESXCC_1,9,FALSE),0) -> 0 | AA61: =IFERROR(VLOOKUP(Z61,'Puntos XCC Mayor'!$A$1:$B$15,2,FALSE),0) -> 0 | AB61: =IFERROR(VLOOKUP($C61,RESXCO,9,FALSE),0) -> 0 | AC61: =IFERROR(VLOOKUP(AB61,'Puntos XCO'!$A$1:$B$63,2,FALSE),0) -> 0 | AH61: =G61+I61+K61+M61+O61+Q61+S61+U61+W61+Y61+AA61+AC61+AE61+AG61 -> 0
D62: BALTODANO Jeremy | E62: INDEPENDIENTE | Z62: =IFERROR(VLOOKUP($C62,RESXCC_1,9,FALSE),0) -> 0 | AA62: =IFERROR(VLOOKUP(Z62,'Puntos XCC Mayor'!$A$1:$B$15,2,FALSE),0) -> 0 | AB62: =IFERROR(VLOOKUP($C62,RESXCO,9,FALSE),0) -> 0 | AC62: =IFERROR(VLOOKUP(AB62,'Puntos XCO'!$A$1:$B$63,2,FALSE),0) -> 0 | AH62: =G62+I62+K62+M62+O62+Q62+S62+U62+W62+Y62+AA62+AC62+AE62+AG62 -> 0

Sheet Res I Fecha

Sheet Res II Fecha
A1: ELITE
A3: 2
A4: 1
A5: 20
A6: 3
A7: 28
A8: 34
A9: 109 | B9: sub 23
A10: 10
A11: 7
A12: 31
A13: 6
A14: 15
A15: 33
A16: 32
A17: 128 | B17: sub 23
A18: 9
A19: 121 | B19: sub 23
A20: 12
A21: 124 | B21: sub 23
A22: 11
A23: 22
A24: 4
A25: 125 | B25: sub 23
A26: 115 | B26: sub 23
A27: 24
A28: 35
A29: 117 | B29: sub 23
A30: 8
A31: 127 | B31: sub 23
A32: 37
A33: 110 | B33: sub 23
A34: 36
A35: 23
A36: 116 | B36: sub 23
A37: 123 | B37: sub 23
A38: 18
A39: 27
A40: 26
A41: 16
A42: 42
A43: 41
A44: 40
A45: 43
A47: 1 | B47: 1
A48: 20 | B48: 2
A49: 109 | B49: 3
A50: 31 | B50: 4
A51: 34 | B51: 5
A52: 28 | B52: 6
A53: 121 | B53: 7
A54: 10 | B54: 8
A55: 6 | B55: 9
A56: 128 | B56: 10
A57: 44 | B57: 11
A58: 132 | B58: 12
... A71: 134 | B71: 25
A88: INFANTIL
A90: 716 | B90: MONTERO Juan Pablo | C90: C-C-D-R- SAN JOSÉ | D90: 1
A91: 735 | B91: GORGONA Keivin | C91: ASOCIACION DE CICLISMO BARVA | D91: 2
A92: 741 | B92: QUESADA Yeicoth | C92: CCDR CARTAGO | D92: 3
A93: 738 | B93: BADILLA Sebastian | C93: CCDR CARTAGO | D93: 4
A94: 734 | B94: GONZALEZ Ernesto | C94: AMPM | D94: 5
A95: 747 | B95: ECHANDI Felipe | D95: 6
A96: 736 | B96: MORA Fabricio | C96: CCDR CARTAGO | D96: 7
A97: 749 | B97: MURILLO Cristopher | D97: 8
A98: 733 | B98: ARAYA Isaac Andres | C98: C-C-D-R- SAN JOSÉ | D98: 9
A99: 737 | B99: CASCANTE Pablo Cesar | C99: SANTA CRUZ BIKE | D99: 10
A100: 748 | B100: FONSECA Rosmy Andres | D100: 11
A101: 744 | B101: SALAZAR Santiago | C101: AM PM NITIDOS | D101: 12
A102: 743 | B102: CAMBRONERO Alejandro | C102: ACIR- SAN RAMÓN | D102: 13
A103: 740 | B103: MASIS Brandon | C103: CCDR CARTAGO | D103: 14
A104: 739 | B104: NUÑEZ Andres | C104: CCDR CARTAGO | D104: 15
A105: 726 | B105: MATAMOROS José David | C105: C-C-D-R- SAN JOSÉ | D105: 16
A106: 746 | B106: GOÑI Andres | C106: POWERCYCLING | D106: 17
A107: 742 | B107: GONZÁLEZ Andrey | C107: ACIR- SAN RAMÓN | D107: 18
A108: 745 | B108: ACUÑA Marvin | C108: ECC CICLO COREA BIKE | D108: 19
A110: 716 | D110: 1
A111: 735 | D111: 2
A112: 741 | D112: 3
A113: 738 | D113: 4
A114: 736 | D114: 5
A115: 747 | D115: 6
A116: 733 | D116: 7
A117: 749 | D117: 8
A118: 737 | D118: 9
A119: 750 | D119: 10
A120: 748 | D120: 11
A121: 751 | D121: 12
... A125: 746 | D125: 16
A128: pre juvenil masculino
A130: 982
A131: 981
A132: 926
A133: 931
A134: 928
A135: 907
A136: 980
A137: 979
A138: 937
...

Sheet SUB23
A8: SUB23 MASCULINO (19-22)
A10: 1 - Finca Grupo Orosi >21 y 22 febrero 2 - Parque La Libertad Desamparados > 28 y 29 marzo 3 - Adventure Park > 16 y 17 mayo 4 - Finca La Hisopa San Pedro de Turrubares > 13 y 14 junio
A11: 5 - Campamento Oikoumene, Ochomogo > 18 y 19 julio 6 - Finca Grupo Orosi, Paraiso > 12 y 13 setiembre 7 - Parque Recreativo Sarapiqui > 31 Oct y 01 Nov
A13: POSICION | F13: 1 | J13: 2 | N13: 3 | R13: 4 | V13: 5 | Z13: 6 | AD13: 7 | AH13: TOTAL PUNTOS
A14: ACTUAL | B14: ANTERIOR | C14: NO | D14: NOMBRE | E14: EQUIPO | F14: POS XCC | G14: PTOS XCC | H14: POS XCO | I14: PTOS XCO | J14: POS XCC | K14: PTOS XCC | L14: POS XCO | M14: PTOS XCO | N14: POS XCC | O14: PTOS XCC | P14: POS XCO | Q14: PTOS XCO | R14: POS XCC | S14: PTOS XCC | T14: POS XCO | U14: PTOS XCO | V14: POS XCC | W14: PTOS XCC | X14: POS XCO | Y14: PTOS XCO | Z14: POS XCC | AA14: PTOS XCC | AB14: POS XCO | AC14: PTOS XCO | AD14: POS XCC | AE14: PTOS XCC | AF14: POS XCO | AG14: PTOS XCO
A15: 1 | B15: 1 | C15: 25 | D15: GONZÁLEZ Adriano* | E15: COLONO BIKE STATION KOLBI | F15: 3 | G15: =IFERROR(VLOOKUP(F15,'Puntos XCC Mayor'!$A$1:$B$15,2,FALSE),0) -> 16 | H15: 1 | I15: =IFERROR(VLOOKUP(H15,'Puntos XCO'!$A$1:$B$63,2,FALSE),0) -> 200 | J15: 2 | K15: =IFERROR(VLOOKUP(J15,'Puntos XCC Mayor'!$A$1:$B$15,2,FALSE),"0") -> 20 | L15: 1 | M15: =IFERROR(VLOOKUP(L15,'Puntos XCO'!$A$1:$B$63,2,FALSE),0) -> 200 | N15: 5 | O15: =IFERROR(VLOOKUP(N15,'Puntos XCC Mayor'!$A$1:$B$15,2,FALSE),0) -> 12 | P15: 4 | Q15: =IFERROR(VLOOKUP(P15,'Puntos XCO'!$A$1:$B$63,2,FALSE),0) -> 110 | R15: 2 | S15: =IFERROR(VLOOKUP(R15,'Puntos XCC Mayor'!$A$1:$B$15,2,FALSE),0) -> 20 | U15: =IFERROR(VLOOKUP(T15,'Puntos XCO'!$A$1:$B$63,2,FALSE),0) -> 0 | V15: 2 | W15: =IFERROR(VLOOKUP(V15,'Puntos XCC Mayor'!$A$1:$B$15,2,FALSE),0) -> 20 | X15: 2 | Y15: =IFERROR(VLOOKUP(X15,'Puntos XCO'!$A$1:$B$63,2,FALSE),0) -> 150 | Z15: 2 | AA15: =IFERROR(VLOOKUP(Z15,'Puntos XCC Mayor'!$A$1:$B$15,2,FALSE),0) -> 20 | AB15: 2 | AC15: =IFERROR(VLOOKUP(AB15,'Puntos XCO'!$A$1:$B$63,2,FALSE),0) -> 150 | AH15: =G15+I15+K15+M15+O15+Q15+S15+U15+W15+Y15+AA15+AC15+AE15+AG15 -> 918
A16: 2 | B16: 2 | C16: 27 | D16: RAABE Fabricio* | E16: COLONO BIKE STATION KOLBI | F16: 7 | G16: =IFERROR(VLOOKUP(F16,'Puntos XCC Mayor'!$A$1:$B$15,2,FALSE),0) -> 9 | H16: 2 | I16: =IFERROR(VLOOKUP(H16,'Puntos XCO'!$A$1:$B$63,2,FALSE),0) -> 150 | J16: 6 | K16: =IFERROR(VLOOKUP(J16,'Puntos XCC Mayor'!$A$1:$B$15,2,FALSE),"0") -> 10 | L16: 2 | M16: =IFERROR(VLOOKUP(L16,'Puntos XCO'!$A$1:$B$63,2,FALSE),0) -> 150 | N16: 6 | O16: =IFERROR(VLOOKUP(N16,'Puntos XCC Mayor'!$A$1:$B$15,2,FALSE),0) -> 10 | P16: 3 | Q16: =IFERROR(VLOOKUP(P16,'Puntos XCO'!$A$1:$B$63,2,FALSE),0) -> 120 | R16: 3 | S16: =IFERROR(VLOOKUP(R16,'Puntos XCC Mayor'!$A$1:$B$15,2,FALSE),0) -> 16 | T16: 2 | U16: =IFERROR(VLOOKUP(T16,'Puntos XCO'!$A$1:$B$63,2,FALSE),0) -> 150 | V16: 7 | W16: =IFERROR(VLOOKUP(V16,'Puntos XCC Mayor'!$A$1:$B$15,2,FALSE),0) -> 9 | X16: 4 | Y16: =IFERROR(VLOOKUP(X16,'Puntos XCO'!$A$1:$B$63,2,FALSE),0) -> 110 | Z16: 3 | AA16: =IFERROR(VLOOKUP(Z16,'Puntos XCC Mayor'!$A$1:$B$15,2,FALSE),0) -> 16 | AB16: 3 | AC16: =IFERROR(VLOOKUP(AB16,'Puntos XCO'!$A$1:$B$63,2,FALSE),0) -> 120 | AH16: =G16+I16+K16+M16+O16+Q16+S16+U16+W16+Y16+AA16+AC16+AE16+AG16 -> 870
A17: 3 | B17: 4 | C17: 26 | D17: VARGAS José David* | E17: COLONO BIKE STATION KOLBI | J17: 5 | K17: =IFERROR(VLOOKUP(J17,'Puntos XCC Mayor'!$A$1:$B$15,2,FALSE),"0") -> 12 | L17: 3 | M17: =IFERROR(VLOOKUP(L17,'Puntos XCO'!$A$1:$B$63,2,FALSE),0) -> 120 | N17: 11 | O17: =IFERROR(VLOOKUP(N17,'Puntos XCC Mayor'!$A$1:$B$15,2,FALSE),0) -> 5 | P17: 10 | Q17: =IFERROR(VLOOKUP(P17,'Puntos XCO'!$A$1:$B$63,2,FALSE),0) -> 78 | R17: 5 | S17: =IFERROR(VLOOKUP(R17,'Puntos XCC Mayor'!$A$1:$B$15,2,FALSE),0) -> 12 | T17: 3 | U17: =IFERROR(VLOOKUP(T17,'Puntos XCO'!$A$1:$B$63,2,FALSE),0) -> 120 | V17: 9 | W17: =IFERROR(VLOOKUP(V17,'Puntos XCC Mayor'!$A$1:$B$15,2,FALSE),0) -> 7 | X17: 3 | Y17: =IFERROR(VLOOKUP(X17,'Puntos XCO'!$A$1:$B$63,2,FALSE),0) -> 120 | Z17: 1 | AA17: =IFERROR(VLOOKUP(Z17,'Puntos XCC Mayor'!$A$1:$B$15,2,FALSE),0) -> 25 | AB17: 1 | AC17: =IFERROR(VLOOKUP(AB17,'Puntos XCO'!$A$1:$B$63,2,FALSE),0) -> 200 | AH17: =G17+I17+K17+M17+O17+Q17+S17+U17+W17+Y17+AA17+AC17+AE17+AG17 -> 699
A18: 4 | B18: 3 | C18: 28 | D18: AZOFEIFA Daniel* | E18: BOBBYS CYCLING TEAM | F18: 9 | G18: =IFERROR(VLOOKUP(F18,'Puntos XCC Mayor'!$A$1:$B$15,2,FALSE),0) -> 7 | H18: 4 | I18: =IFERROR(VLOOKUP(H18,'Puntos XCO'!$A$1:$B$63,2,FALSE),0) -> 110 | J18: 3 | K18: =IFERROR(VLOOKUP(J18,'Puntos XCC Mayor'!$A$1:$B$15,2,FALSE),"0") -> 16 | L18: 4 | M18: =IFERROR(VLOOKUP(L18,'Puntos XCO'!$A$1:$B$63,2,FALSE),0) -> 110 | N18: 7 | O18: =IFERROR(VLOOKUP(N18,'Puntos XCC Mayor'!$A$1:$B$15,2,FALSE),0) -> 9 | P18: 6 | Q18: =IFERROR(VLOOKUP(P18,'Puntos XCO'!$A$1:$B$63,2,FALSE),0) -> 95 | R18: 1 | S18: =IFERROR(VLOOKUP(R18,'Puntos XCC Mayor'!$A$1:$B$15,2,FALSE),0) -> 25 | T18: 1 | U18: =IFERROR(VLOOKUP(T18,'Puntos XCO'!$A$1:$B$63,2,FALSE),0) -> 200 | V18: 3 | W18: =IFERROR(VLOOKUP(V18,'Puntos XCC Mayor'!$A$1:$B$15,2,FALSE),0) -> 16 | X18: 8 | Y18: =IFERROR(VLOOKUP(X18,'Puntos XCO'!$A$1:$B$63,2,FALSE),0) -> 85 | AA18: =IFERROR(VLOOKUP(Z18,'Puntos XCC Mayor'!$A$1:$B$15,2,FALSE),0) -> 0 | AC18: =IFERROR(VLOOKUP(AB18,'Puntos XCO'!$A$1:$B$63,2,FALSE),0) -> 0 | AH18: =G18+I18+K18+M18+O18+Q18+S18+U18+W18+Y18+AA18+AC18+AE18+AG18 -> 673
A19: 5 | B19: 7 | C19: 37 | D19: ROJAS Alejandro* | E19: TEAM HC | F19: 10 | G19: =IFERROR(VLOOKUP(F19,'Puntos XCC Mayor'!$A$1:$B$15,2,FALSE),0) -> 6 | H19: 9 | I19: =IFERROR(VLOOKUP(H19,'Puntos XCO'!$A$1:$B$63,2,FALSE),0) -> 80 | J19: 7 | K19: =IFERROR(VLOOKUP(J19,'Puntos XCC Mayor'!$A$1:$B$15,2,FALSE),"0") -> 9 | L19: 8 | M19: =IFERROR(VLOOKUP(L19,'Puntos XCO'!$A$1:$B$63,2,FALSE),0) -> 85 | O19: =IFERROR(VLOOKUP(N19,'Puntos XCC Mayor'!$A$1:$B$15,2,FALSE),0) -> 0 | Q19: =IFERROR(VLOOKUP(P19,'Puntos XCO'!$A$1:$B$63,2,FALSE),0) -> 0 | R19: 6 | S19: =IFERROR(VLOOKUP(R19,'Puntos XCC Mayor'!$A$1:$B$15,2,FALSE),0) -> 10 | T19: 4 | U19: =IFERROR(VLOOKUP(T19,'Puntos XCO'!$A$1:$B$63,2,FALSE),0) -> 110 | V19: 5 | W19: =IFERROR(VLOOKUP(V19,'Puntos XCC Mayor'!$A$1:$B$15,2,FALSE),0) -> 12 | X19: 10 | Y19: =IFERROR(VLOOKUP(X19,'Puntos XCO'!$A$1:$B$63,2,FALSE),0) -> 78 | Z19: 5 | AA19: =IFERROR(VLOOKUP(Z19,'Puntos XCC Mayor'!$A$1:$B$15,2,FALSE),0) -> 12 | AB19: 5 | AC19: =IFERROR(VLOOKUP(AB19,'Puntos XCO'!$A$1:$B$63,2,FALSE),0) -> 100 | AH19: =G19+I19+K19+M19+O19+Q19+S19+U19+W19+Y19+AA19+AC19+AE19+AG19 -> 502
A20: 6 | B20: 8 | C20: 30 | D20: ALVARADO Armando* | E20: CCDR DESAMPARADOS | F20: 6 | G20: =IFERROR(VLOOKUP(F20,'Puntos XCC Mayor'!$A$1:$B$15,2,FALSE),0) -> 10 | H20: 6 | I20: =IFERROR(VLOOKUP(H20,'Puntos XCO'!$A$1:$B$63,2,FALSE),0) -> 95 | J20: 12 | K20: =IFERROR(VLOOKUP(J20,'Puntos XCC Mayor'!$A$1:$B$15,2,FALSE),"0") -> 4 | L20: 6 | M20: =IFERROR(VLOOKUP(L20,'Puntos XCO'!$A$1:$B$63,2,FALSE),0) -> 95 | N20: 9 | O20: =IFERROR(VLOOKUP(N20,'Puntos XCC Mayor'!$A$1:$B$15,2,FALSE),0) -> 7 | Q20: =IFERROR(VLOOKUP(P20,'Puntos XCO'!$A$1:$B$63,2,FALSE),0) -> 0 | R20: 7 | S20: =IFERROR(VLOOKUP(R20,'Puntos XCC Mayor'!$A$1:$B$15,2,FALSE),0) -> 9 | U20: =IFERROR(VLOOKUP(T20,'Puntos XCO'!$A$1:$B$63,2,FALSE),0) -> 0 | V20: 10 | W20: =IFERROR(VLOOKUP(V20,'Puntos XCC Mayor'!$A$1:$B$15,2,FALSE),0) -> 6 | X20: 5 | Y20: =IFERROR(VLOOKUP(X20,'Puntos XCO'!$A$1:$B$63,2,FALSE),0) -> 100 | Z20: 4 | AA20: =IFERROR(VLOOKUP(Z20,'Puntos XCC Mayor'!$A$1:$B$15,2,FALSE),0) -> 14 | AB20: 8 | AC20: =IFERROR(VLOOKUP(AB20,'Puntos XCO'!$A$1:$B$63,2,FALSE),0) -> 85 | AH20: =G20+I20+K20+M20+O20+Q20+S20+U20+W20+Y20+AA20+AC20+AE20+AG20 -> 425
A21: 7 | B21: 5 | C21: 23 | D21: MENDEZ Jared* | E21: BOBBYS CYCLING TEAM | F21: 1 | G21: =IFERROR(VLOOKUP(F21,'Puntos XCC Mayor'!$A$1:$B$15,2,FALSE),0) -> 25 | H21: 3 | I21: =IFERROR(VLOOKUP(H21,'Puntos XCO'!$A$1:$B$63,2,FALSE),0) -> 120 | J21: 1 | K21: =IFERROR(VLOOKUP(J21,'Puntos XCC Mayor'!$A$1:$B$15,2,FALSE),"0") -> 25 | L21: 0 | M21: =IFERROR(VLOOKUP(L21,'Puntos XCO'!$A$1:$B$63,2,FALSE),0) -> 0 | N21: 4 | O21: =IFERROR(VLOOKUP(N21,'Puntos XCC Mayor'!$A$1:$B$15,2,FALSE),0) -> 14 | Q21: =IFERROR(VLOOKUP(P21,'Puntos XCO'!$A$1:$B$63,2,FALSE),0) -> 0 | S21: =IFERROR(VLOOKUP(R21,'Puntos XCC Mayor'!$A$1:$B$15,2,FALSE),0) -> 0 | U21: =IFERROR(VLOOKUP(T21,'Puntos XCO'!$A$1:$B$63,2,FALSE),0) -> 0 | V21: 1 | W21: =IFERROR(VLOOKUP(V21,'Puntos XCC Mayor'!$A$1:$B$15,2,FALSE),0) -> 25 | X21: 1 | Y21: =IFERROR(VLOOKUP(X21,'Puntos XCO'!$A$1:$B$63,2,FALSE),0) -> 200 | AA21: =IFERROR(VLOOKUP(Z21,'Puntos XCC Mayor'!$A$1:$B$15,2,FALSE),0) -> 0 | AC21: =IFERROR(VLOOKUP(AB21,'Puntos XCO'!$A$1:$B$63,2,FALSE),0) -> 0 | AH21: =G21+I21+K21+M21+O21+Q21+S21+U21+W21+Y21+AA21+AC21+AE21+AG21 -> 409
A22: 8 | B22: 6 | C22: 29 | D22: HIDALGO Stefano* | E22: BOBBYS CYCLING TEAM | F22: 4 | G22: =IFERROR(VLOOKUP(F22,'Puntos XCC Mayor'!$A$1:$B$15,2,FALSE),0) -> 14 | H22: 7 | I22: =IFERROR(VLOOKUP(H22,'Puntos XCO'!$A$1:$B$63,2,FALSE),0) -> 90 | J22: 4 | K22: =IFERROR(VLOOKUP(J22,'Puntos XCC Mayor'!$A$1:$B$15,2,FALSE),"0") -> 14 | L22: 5 | M22: =IFERROR(VLOOKUP(L22,'Puntos XCO'!$A$1:$B$63,2,FALSE),0) -> 100 | N22: 12 | O22: =IFERROR(VLOOKUP(N22,'Puntos XCC Mayor'!$A$1:$B$15,2,FALSE),0) -> 4 | P22: 11 | Q22: =IFERROR(VLOOKUP(P22,'Puntos XCO'!$A$1:$B$63,2,FALSE),0) -> 76 | R22: 4 | S22: =IFERROR(VLOOKUP(R22,'Puntos XCC Mayor'!$A$1:$B$15,2,FALSE),0) -> 14 | U22: =IFERROR(VLOOKUP(T22,'Puntos XCO'!$A$1:$B$63,2,FALSE),0) -> 0 | V22: 4 | W22: =IFERROR(VLOOKUP(V22,'Puntos XCC Mayor'!$A$1:$B$15,2,FALSE),0) -> 14 | X22: 9 | Y22: =IFERROR(VLOOKUP(X22,'Puntos XCO'!$A$1:$B$63,2,FALSE),0) -> 80 | AA22: =IFERROR(VLOOKUP(Z22,'Puntos XCC Mayor'!$A$1:$B$15,2,FALSE),0) -> 0 | AC22: =IFERROR(VLOOKUP(AB22,'Puntos XCO'!$A$1:$B$63,2,FALSE),0) -> 0 | AH22: =G22+I22+K22+M22+O22+Q22+S22+U22+W22+Y22+AA22+AC22+AE22+AG22 -> 406
A23: 9 | B23: 13 | C23: 32 | D23: TORRES Kevin* | E23: 1000 FPS- ZONA INFINITO SPORT | F23: 11 | G23: =IFERROR(VLOOKUP(F23,'Puntos XCC Mayor'!$A$1:$B$15,2,FALSE),0) -> 5 | H23: 11 | I23: =IFERROR(VLOOKUP(H23,'Puntos XCO'!$A$1:$B$63,2,FALSE),0) -> 76 | J23: 0 | K23: =IFERROR(VLOOKUP(J23,'Puntos XCC Mayor'!$A$1:$B$15,2,FALSE),"0") -> 0 | L23: 0 | M23: =IFERROR(VLOOKUP(L23,'Puntos XCO'!$A$1:$B$63,2,FALSE),0) -> 0 | N23: 14 | O23: =IFERROR(VLOOKUP(N23,'Puntos XCC Mayor'!$A$1:$B$15,2,FALSE),0) -> 2 | P23: 12 | Q23: =IFERROR(VLOOKUP(P23,'Puntos XCO'!$A$1:$B$63,2,FALSE),0) -> 74 | S23: =IFERROR(VLOOKUP(R23,'Puntos XCC Mayor'!$A$1:$B$15,2,FALSE),0) -> 0 | U23: =IFERROR(VLOOKUP(T23,'Puntos XCO'!$A$1:$B$63,2,FALSE),0) -> 0 | W23: =IFERROR(VLOOKUP(V23,'Puntos XCC Mayor'!$A$1:$B$15,2,FALSE),0) -> 0 | Y23: =IFERROR(VLOOKUP(X23,'Puntos XCO'!$A$1:$B$63,2,FALSE),0) -> 0 | Z23: 8 | AA23: =IFERROR(VLOOKUP(Z23,'Puntos XCC Mayor'!$A$1:$B$15,2,FALSE),0) -> 8 | AB23: 7 | AC23: =IFERROR(VLOOKUP(AB23,'Puntos XCO'!$A$1:$B$63,2,FALSE),0) -> 90 | AH23: =G23+I23+K23+M23+O23+Q23+S23+U23+W23+Y23+AA23+AC23+AE23+AG23 -> 255
A24: 10 | B24: 12 | C24: 31 | D24: MORA Kendall* | E24: CODEA ALAJUELA | F24: 12 | G24: =IFERROR(VLOOKUP(F24,'Puntos XCC Mayor'!$A$1:$B$15,2,FALSE),0) -> 4 | H24: 12 | I24: =IFERROR(VLOOKUP(H24,'Puntos XCO'!$A$1:$B$63,2,FALSE),0) -> 74 | J24: 9 | K24: =IFERROR(VLOOKUP(J24,'Puntos XCC Mayor'!$A$1:$B$15,2,FALSE),"0") -> 7 | L24: 10 | M24: =IFERROR(VLOOKUP(L24,'Puntos XCO'!$A$1:$B$63,2,FALSE),0) -> 78 | O24: =IFERROR(VLOOKUP(N24,'Puntos XCC Mayor'!$A$1:$B$15,2,FALSE),0) -> 0 | Q24: =IFERROR(VLOOKUP(P24,'Puntos XCO'!$A$1:$B$63,2,FALSE),0) -> 0 | S24: =IFERROR(VLOOKUP(R24,'Puntos XCC Mayor'!$A$1:$B$15,2,FALSE),0) -> 0 | U24: =IFERROR(VLOOKUP(T24,'Puntos XCO'!$A$1:$B$63,2,FALSE),0) -> 0 | W24: =IFERROR(VLOOKUP(V24,'Puntos XCC Mayor'!$A$1:$B$15,2,FALSE),0) -> 0 | Y24: =IFERROR(VLOOKUP(X24,'Puntos XCO'!$A$1:$B$63,2,FALSE),0) -> 0 | AA24: =IFERROR(VLOOKUP(Z24,'Puntos XCC Mayor'!$A$1:$B$15,2,FALSE),0) -> 0 | AB24: 10 | AC24: =IFERROR(VLOOKUP(AB24,'Puntos XCO'!$A$1:$B$63,2,FALSE),0) -> 78 | AH24: =G24+I24+K24+M24+O24+Q24+S24+U24+W24+Y24+AA24+AC24+AE24+AG24 -> 241
A25: 11 | B25: 9 | C25: 22 | D25: TAILLEFER Tristan* | E25: PIVOT OTE CONTINENTAL | N25: 2 | O25: =IFERROR(VLOOKUP(N25,'Puntos XCC Mayor'!$A$1:$B$15,2,FALSE),0) -> 20 | P25: 1 | Q25: =IFERROR(VLOOKUP(P25,'Puntos XCO'!$A$1:$B$63,2,FALSE),0) -> 200 | S25: =IFERROR(VLOOKUP(R25,'Puntos XCC Mayor'!$A$1:$B$15,2,FALSE),0) -> 0 | U25: =IFERROR(VLOOKUP(T25,'Puntos XCO'!$A$1:$B$63,2,FALSE),0) -> 0 | W25: =IFERROR(VLOOKUP(V25,'Puntos XCC Mayor'!$A$1:$B$15,2,FALSE),0) -> 0 | Y25: =IFERROR(VLOOKUP(X25,'Puntos XCO'!$A$1:$B$63,2,FALSE),0) -> 0 | AA25: =IFERROR(VLOOKUP(Z25,'Puntos XCC Mayor'!$A$1:$B$15,2,FALSE),0) -> 0 | AC25: =IFERROR(VLOOKUP(AB25,'Puntos XCO'!$A$1:$B$63,2,FALSE),0) -> 0 | AH25: =G25+I25+K25+M25+O25+Q25+S25+U25+W25+Y25+AA25+AC25+AE25+AG25 -> 220
A26: 12 | B26: 10 | C26: 35 | D26: CASTILLO Alejandro* | E26: COLONO BIKE STATION KOLBI | N26: 13 | O26: =IFERROR(VLOOKUP(N26,'Puntos XCC Mayor'!$A$1:$B$15,2,FALSE),0) -> 3 | Q26: =IFERROR(VLOOKUP(P26,'Puntos XCO'!$A$1:$B$63,2,FALSE),0) -> 0 | S26: =IFERROR(VLOOKUP(R26,'Puntos XCC Mayor'!$A$1:$B$15,2,FALSE),0) -> 0 | T26: 5 | U26: =IFERROR(VLOOKUP(T26,'Puntos XCO'!$A$1:$B$63,2,FALSE),0) -> 100 | V26: 6 | W26: =IFERROR(VLOOKUP(V26,'Puntos XCC Mayor'!$A$1:$B$15,2,FALSE),0) -> 10 | X26: 6 | Y26: =IFERROR(VLOOKUP(X26,'Puntos XCO'!$A$1:$B$63,2,FALSE),0) -> 95 | AA26: =IFERROR(VLOOKUP(Z26,'Puntos XCC Mayor'!$A$1:$B$15,2,FALSE),0) -> 0 | AC26: =IFERROR(VLOOKUP(AB26,'Puntos XCO'!$A$1:$B$63,2,FALSE),0) -> 0 | AH26: =G26+I26+K26+M26+O26+Q26+S26+U26+W26+Y26+AA26+AC26+AE26+AG26 -> 208
A27: 13 | B27: 27 | C27: 41 | D27: =VLOOKUP(C27,PLANILLA,2,FALSE) -> FERNADEZ Fabricio Alberto* | E27: =VLOOKUP(C27,PLANILLA,4,FALSE) -> Sin equipo | W27: =IFERROR(VLOOKUP(V27,'Puntos XCC Mayor'!$A$1:$B$15,2,FALSE),0) -> 0 | X27: 11 | Y27: =IFERROR(VLOOKUP(X27,'Puntos XCO'!$A$1:$B$63,2,FALSE),0) -> 76 | Z27: 6 | AA27: =IFERROR(VLOOKUP(Z27,'Puntos XCC Mayor'!$A$1:$B$15,2,FALSE),0) -> 10 | AB27: 4 | AC27: =IFERROR(VLOOKUP(AB27,'Puntos XCO'!$A$1:$B$63,2,FALSE),0) -> 110 | AH27: =G27+I27+K27+M27+O27+Q27+S27+U27+W27+Y27+AA27+AC27+AE27+AG27 -> 196
A28: 14 | B28: 11 | C28: 21 | D28: SAN MARTIN Maximiliano* | E28: ER CICLISMO CHILE. | N28: 3 | O28: =IFERROR(VLOOKUP(N28,'Puntos XCC Mayor'!$A$1:$B$15,2,FALSE),0) -> 16 | P28: 2 | Q28: =IFERROR(VLOOKUP(P28,'Puntos XCO'!$A$1:$B$63,2,FALSE),0) -> 150 | S28: =IFERROR(VLOOKUP(R28,'Puntos XCC Mayor'!$A$1:$B$15,2,FALSE),0) -> 0 | U28: =IFERROR(VLOOKUP(T28,'Puntos XCO'!$A$1:$B$63,2,FALSE),0) -> 0 | W28: =IFERROR(VLOOKUP(V28,'Puntos XCC Mayor'!$A$1:$B$15,2,FALSE),0) -> 0 | Y28: =IFERROR(VLOOKUP(X28,'Puntos XCO'!$A$1:$B$63,2,FALSE),0) -> 0 | AA28: =IFERROR(VLOOKUP(Z28,'Puntos XCC Mayor'!$A$1:$B$15,2,FALSE),0) -> 0 | AC28: =IFERROR(VLOOKUP(AB28,'Puntos XCO'!$A$1:$B$63,2,FALSE),0) -> 0 | AH28: =G28+I28+K28+M28+O28+Q28+S28+U28+W28+Y28+AA28+AC28+AE28+AG28 -> 166
A29: 15 | B29: 14 | D29: MADRIGAL Adriano* | E29: CICLISMO BELÉN | F29: 8 | G29: =IFERROR(VLOOKUP(F29,'Puntos XCC Mayor'!$A$1:$B$15,2,FALSE),0) -> 8 | H29: 5 | I29: =IFERROR(VLOOKUP(H29,'Puntos XCO'!$A$1:$B$63,2,FALSE),0) -> 100 | J29: 0 | K29: =IFERROR(VLOOKUP(J29,'Puntos XCC Mayor'!$A$1:$B$15,2,FALSE),"0") -> 0 | L29: 0 | M29: =IFERROR(VLOOKUP(L29,'Puntos XCO'!$A$1:$B$63,2,FALSE),0) -> 0 | O29: =IFERROR(VLOOKUP(N29,'Puntos XCC Mayor'!$A$1:$B$15,2,FALSE),0) -> 0 | Q29: =IFERROR(VLOOKUP(P29,'Puntos XCO'!$A$1:$B$63,2,FALSE),0) -> 0 | S29: =IFERROR(VLOOKUP(R29,'Puntos XCC Mayor'!$A$1:$B$15,2,FALSE),0) -> 0 | U29: =IFERROR(VLOOKUP(T29,'Puntos XCO'!$A$1:$B$63,2,FALSE),0) -> 0 | W29: =IFERROR(VLOOKUP(V29,'Puntos XCC Mayor'!$A$1:$B$15,2,FALSE),0) -> 0 | Y29: =IFERROR(VLOOKUP(X29,'Puntos XCO'!$A$1:$B$63,2,FALSE),0) -> 0 | AA29: =IFERROR(VLOOKUP(Z29,'Puntos XCC Mayor'!$A$1:$B$15,2,FALSE),0) -> 0 | AC29: =IFERROR(VLOOKUP(AB29,'Puntos XCO'!$A$1:$B$63,2,FALSE),0) -> 0 | AH29: =G29+I29+K29+M29+O29+Q29+S29+U29+W29+Y29+AA29+AC29+AE29+AG29 -> 108
A30: 16 | B30: 15 | D30: AGUILAR Jonathan* | E30: MANZA TÉ LA SELVA SCOTT | F30: 2 | G30: =IFERROR(VLOOKUP(F30,'Puntos XCC Mayor'!$A$1:$B$15,2,FALSE),0) -> 20 | H30: 8 | I30: =IFERROR(VLOOKUP(H30,'Puntos XCO'!$A$1:$B$63,2,FALSE),0) -> 85 | J30: 0 | K30: =IFERROR(VLOOKUP(J30,'Puntos XCC Mayor'!$A$1:$B$15,2,FALSE),"0") -> 0 | L30: 0 | M30: =IFERROR(VLOOKUP(L30,'Puntos XCO'!$A$1:$B$63,2,FALSE),0) -> 0 | O30: =IFERROR(VLOOKUP(N30,'Puntos XCC Mayor'!$A$1:$B$15,2,FALSE),0) -> 0 | Q30: =IFERROR(VLOOKUP(P30,'Puntos XCO'!$A$1:$B$63,2,FALSE),0) -> 0 | S30: =IFERROR(VLOOKUP(R30,'Puntos XCC Mayor'!$A$1:$B$15,2,FALSE),0) -> 0 | U30: =IFERROR(VLOOKUP(T30,'Puntos XCO'!$A$1:$B$63,2,FALSE),0) -> 0 | W30: =IFERROR(VLOOKUP(V30,'Puntos XCC Mayor'!$A$1:$B$15,2,FALSE),0) -> 0 | Y30: =IFERROR(VLOOKUP(X30,'Puntos XCO'!$A$1:$B$63,2,FALSE),0) -> 0 | AA30: =IFERROR(VLOOKUP(Z30,'Puntos XCC Mayor'!$A$1:$B$15,2,FALSE),0) -> 0 | AC30: =IFERROR(VLOOKUP(AB30,'Puntos XCO'!$A$1:$B$63,2,FALSE),0) -> 0 | AH30: =G30+I30+K30+M30+O30+Q30+S30+U30+W30+Y30+AA30+AC30+AE30+AG30 -> 105
A31: 17 | B31: 16 | C31: 24 | D31: DUVAL Mathis* | E31: SIBOIRE QUIROULE | N31: 1 | O31: =IFERROR(VLOOKUP(N31,'Puntos XCC Mayor'!$A$1:$B$15,2,FALSE),0) -> 25 | P31: 9 | Q31: =IFERROR(VLOOKUP(P31,'Puntos XCO'!$A$1:$B$63,2,FALSE),0) -> 80 | S31: =IFERROR(VLOOKUP(R31,'Puntos XCC Mayor'!$A$1:$B$15,2,FALSE),0) -> 0 | U31: =IFERROR(VLOOKUP(T31,'Puntos XCO'!$A$1:$B$63,2,FALSE),0) -> 0 | W31: =IFERROR(VLOOKUP(V31,'Puntos XCC Mayor'!$A$1:$B$15,2,FALSE),0) -> 0 | Y31: =IFERROR(VLOOKUP(X31,'Puntos XCO'!$A$1:$B$63,2,FALSE),0) -> 0 | AA31: =IFERROR(VLOOKUP(Z31,'Puntos XCC Mayor'!$A$1:$B$15,2,FALSE),0) -> 0 | AC31: =IFERROR(VLOOKUP(AB31,'Puntos XCO'!$A$1:$B$63,2,FALSE),0) -> 0 | AH31: =G31+I31+K31+M31+O31+Q31+S31+U31+W31+Y31+AA31+AC31+AE31+AG31 -> 105
A32: 18 | C32: 43 | D32: =VLOOKUP(C32,PLANILLA,2,FALSE) -> SUNSIN Ean* | E32: =VLOOKUP(C32,PLANILLA,4,FALSE) -> ACISA - SARAPIQUÍ | Z32: 7 | AA32: =IFERROR(VLOOKUP(Z32,'Puntos XCC Mayor'!$A$1:$B$15,2,FALSE),0) -> 9 | AB32: 6 | AC32: =IFERROR(VLOOKUP(AB32,'Puntos XCO'!$A$1:$B$63,2,FALSE),0) -> 95 | AH32: =G32+I32+K32+M32+O32+Q32+S32+U32+W32+Y32+AA32+AC32+AE32+AG32 -> 104
A33: 19 | B33: 17 | C33: 33 | D33: BRUNELLE Alix* | E33: SIBOIRE QUIROULE | O33: =IFERROR(VLOOKUP(N33,'Puntos XCC Mayor'!$A$1:$B$15,2,FALSE),0) -> 0 | P33: 5 | Q33: =IFERROR(VLOOKUP(P33,'Puntos XCO'!$A$1:$B$63,2,FALSE),0) -> 100 | S33: =IFERROR(VLOOKUP(R33,'Puntos XCC Mayor'!$A$1:$B$15,2,FALSE),0) -> 0 | U33: =IFERROR(VLOOKUP(T33,'Puntos XCO'!$A$1:$B$63,2,FALSE),0) -> 0 | W33: =IFERROR(VLOOKUP(V33,'Puntos XCC Mayor'!$A$1:$B$15,2,FALSE),0) -> 0 | Y33: =IFERROR(VLOOKUP(X33,'Puntos XCO'!$A$1:$B$63,2,FALSE),0) -> 0 | AA33: =IFERROR(VLOOKUP(Z33,'Puntos XCC Mayor'!$A$1:$B$15,2,FALSE),0) -> 0 | AC33: =IFERROR(VLOOKUP(AB33,'Puntos XCO'!$A$1:$B$63,2,FALSE),0) -> 0 | AH33: =G33+I33+K33+M33+O33+Q33+S33+U33+W33+Y33+AA33+AC33+AE33+AG33 -> 100
A34: 20 | B34: 18 | D34: HIDALGO Isaac* | E34: TEAM COSTAFRUT GIANT AC MARRIOT | J34: 8 | K34: =IFERROR(VLOOKUP(J34,'Puntos XCC Mayor'!$A$1:$B$15,2,FALSE),"0") -> 8 | L34: 7 | M34: =IFERROR(VLOOKUP(L34,'Puntos XCO'!$A$1:$B$63,2,FALSE),0) -> 90 | O34: =IFERROR(VLOOKUP(N34,'Puntos XCC Mayor'!$A$1:$B$15,2,FALSE),0) -> 0 | Q34: =IFERROR(VLOOKUP(P34,'Puntos XCO'!$A$1:$B$63,2,FALSE),0) -> 0 | S34: =IFERROR(VLOOKUP(R34,'Puntos XCC Mayor'!$A$1:$B$15,2,FALSE),0) -> 0 | U34: =IFERROR(VLOOKUP(T34,'Puntos XCO'!$A$1:$B$63,2,FALSE),0) -> 0 | W34: =IFERROR(VLOOKUP(V34,'Puntos XCC Mayor'!$A$1:$B$15,2,FALSE),0) -> 0 | Y34: =IFERROR(VLOOKUP(X34,'Puntos XCO'!$A$1:$B$63,2,FALSE),0) -> 0 | AA34: =IFERROR(VLOOKUP(Z34,'Puntos XCC Mayor'!$A$1:$B$15,2,FALSE),0) -> 0 | AC34: =IFERROR(VLOOKUP(AB34,'Puntos XCO'!$A$1:$B$63,2,FALSE),0) -> 0 | AH34: =G34+I34+K34+M34+O34+Q34+S34+U34+W34+Y34+AA34+AC34+AE34+AG34 -> 98
A35: 21 | B35: 19 | C35: 39 | D35: =VLOOKUP(C35,PLANILLA,2,FALSE) -> ROJAS Juan Diego* | E35: =VLOOKUP(C35,PLANILLA,4,FALSE) -> MEGAMO MANZATÉ LA SELVA | V35: 8 | W35: =IFERROR(VLOOKUP(V35,'Puntos XCC Mayor'!$A$1:$B$15,2,FALSE),0) -> 8 | X35: 7 | Y35: =IFERROR(VLOOKUP(X35,'Puntos XCO'!$A$1:$B$63,2,FALSE),0) -> 90 | AA35: =IFERROR(VLOOKUP(Z35,'Puntos XCC Mayor'!$A$1:$B$15,2,FALSE),0) -> 0 | AC35: =IFERROR(VLOOKUP(AB35,'Puntos XCO'!$A$1:$B$63,2,FALSE),0) -> 0 | AH35: =G35+I35+K35+M35+O35+Q35+S35+U35+W35+Y35+AA35+AC35+AE35+AG35 -> 98
A36: 22 | B36: 20 | C36: 34 | D36: RODRIGUEZ Angel* | E36: 7EIGHT7 PROJECT | N36: 10 | O36: =IFERROR(VLOOKUP(N36,'Puntos XCC Mayor'!$A$1:$B$15,2,FALSE),0) -> 6 | P36: 7 | Q36: =IFERROR(VLOOKUP(P36,'Puntos XCO'!$A$1:$B$63,2,FALSE),0) -> 90 | S36: =IFERROR(VLOOKUP(R36,'Puntos XCC Mayor'!$A$1:$B$15,2,FALSE),0) -> 0 | U36: =IFERROR(VLOOKUP(T36,'Puntos XCO'!$A$1:$B$63,2,FALSE),0) -> 0 | W36: =IFERROR(VLOOKUP(V36,'Puntos XCC Mayor'!$A$1:$B$15,2,FALSE),0) -> 0 | Y36: =IFERROR(VLOOKUP(X36,'Puntos XCO'!$A$1:$B$63,2,FALSE),0) -> 0 | AA36: =IFERROR(VLOOKUP(Z36,'Puntos XCC Mayor'!$A$1:$B$15,2,FALSE),0) -> 0 | AC36: =IFERROR(VLOOKUP(AB36,'Puntos XCO'!$A$1:$B$63,2,FALSE),0) -> 0 | AH36: =G36+I36+K36+M36+O36+Q36+S36+U36+W36+Y36+AA36+AC36+AE36+AG36 -> 96
A37: 23 | B37: 21 | C37: 38 | D37: =VLOOKUP(C37,PLANILLA,2,FALSE) -> ARAYA Roberto* | E37: =VLOOKUP(C37,PLANILLA,4,FALSE) -> CCDR PARAÍSO | S37: =IFERROR(VLOOKUP(R37,'Puntos XCC Mayor'!$A$1:$B$15,2,FALSE),0) -> 0 | T37: 6 | U37: =IFERROR(VLOOKUP(T37,'Puntos XCO'!$A$1:$B$63,2,FALSE),0) -> 95 | W37: =IFERROR(VLOOKUP(V37,'Puntos XCC Mayor'!$A$1:$B$15,2,FALSE),0) -> 0 | Y37: =IFERROR(VLOOKUP(X37,'Puntos XCO'!$A$1:$B$63,2,FALSE),0) -> 0 | AA37: =IFERROR(VLOOKUP(Z37,'Puntos XCC Mayor'!$A$1:$B$15,2,FALSE),0) -> 0 | AC37: =IFERROR(VLOOKUP(AB37,'Puntos XCO'!$A$1:$B$63,2,FALSE),0) -> 0 | AH37: =G37+I37+K37+M37+O37+Q37+S37+U37+W37+Y37+AA37+AC37+AE37+AG37 -> 95
A38: 24 | B38: 22 | C38: 36 | D38: LUNA José Carlos* | E38: MI BICLA | N38: 8 | O38: =IFERROR(VLOOKUP(N38,'Puntos XCC Mayor'!$A$1:$B$15,2,FALSE),0) -> 8 | P38: 8 | Q38: =IFERROR(VLOOKUP(P38,'Puntos XCO'!$A$1:$B$63,2,FALSE),0) -> 85 | S38: =IFERROR(VLOOKUP(R38,'Puntos XCC Mayor'!$A$1:$B$15,2,FALSE),0) -> 0 | U38: =IFERROR(VLOOKUP(T38,'Puntos XCO'!$A$1:$B$63,2,FALSE),0) -> 0 | W38: =IFERROR(VLOOKUP(V38,'Puntos XCC Mayor'!$A$1:$B$15,2,FALSE),0) -> 0 | Y38: =IFERROR(VLOOKUP(X38,'Puntos XCO'!$A$1:$B$63,2,FALSE),0) -> 0 | AA38: =IFERROR(VLOOKUP(Z38,'Puntos XCC Mayor'!$A$1:$B$15,2,FALSE),0) -> 0 | AC38: =IFERROR(VLOOKUP(AB38,'Puntos XCO'!$A$1:$B$63,2,FALSE),0) -> 0 | AH38: =G38+I38+K38+M38+O38+Q38+S38+U38+W38+Y38+AA38+AC38+AE38+AG38 -> 93
A39: 25 | C39: 42 | D39: =VLOOKUP(C39,PLANILLA,2,FALSE) -> ORTEGA Kelvin José* | E39: =VLOOKUP(C39,PLANILLA,4,FALSE) -> CCDR Santa Cruz | Z39: 9 | AA39: =IFERROR(VLOOKUP(Z39,'Puntos XCC Mayor'!$A$1:$B$15,2,FALSE),0) -> 7 | AB39: 9 | AC39: =IFERROR(VLOOKUP(AB39,'Puntos XCO'!$A$1:$B$63,2,FALSE),0) -> 80 | AH39: =G39+I39+K39+M39+O39+Q39+S39+U39+W39+Y39+AA39+AC39+AE39+AG39 -> 87
A40: 26 | B40: 23 | D40: CAMACHO Jeancarlo * | E40: INDEPENDIENTE | J40: 10 | K40: =IFERROR(VLOOKUP(J40,'Puntos XCC Mayor'!$A$1:$B$15,2,FALSE),"0") -> 6 | L40: 9 | M40: =IFERROR(VLOOKUP(L40,'Puntos XCO'!$A$1:$B$63,2,FALSE),0) -> 80 | O40: =IFERROR(VLOOKUP(N40,'Puntos XCC Mayor'!$A$1:$B$15,2,FALSE),0) -> 0 | Q40: =IFERROR(VLOOKUP(P40,'Puntos XCO'!$A$1:$B$63,2,FALSE),0) -> 0 | S40: =IFERROR(VLOOKUP(R40,'Puntos XCC Mayor'!$A$1:$B$15,2,FALSE),0) -> 0 | U40: =IFERROR(VLOOKUP(T40,'Puntos XCO'!$A$1:$B$63,2,FALSE),0) -> 0 | W40: =IFERROR(VLOOKUP(V40,'Puntos XCC Mayor'!$A$1:$B$15,2,FALSE),0) -> 0 | Y40: =IFERROR(VLOOKUP(X40,'Puntos XCO'!$A$1:$B$63,2,FALSE),0) -> 0 | AA40: =IFERROR(VLOOKUP(Z40,'Puntos XCC Mayor'!$A$1:$B$15,2,FALSE),0) -> 0 | AC40: =IFERROR(VLOOKUP(AB40,'Puntos XCO'!$A$1:$B$63,2,FALSE),0) -> 0 | AH40: =G40+I40+K40+M40+O40+Q40+S40+U40+W40+Y40+AA40+AC40+AE40+AG40 -> 86
A41: 27 | B41: 24 | D41: ALFARO Jeison* | E41: INDEPENDIENTE | J41: 11 | K41: =IFERROR(VLOOKUP(J41,'Puntos XCC Mayor'!$A$1:$B$15,2,FALSE),"0") -> 5 | L41: 11 | M41: =IFERROR(VLOOKUP(L41,'Puntos XCO'!$A$1:$B$63,2,FALSE),0) -> 76 | O41: =IFERROR(VLOOKUP(N41,'Puntos XCC Mayor'!$A$1:$B$15,2,FALSE),0) -> 0 | Q41: =IFERROR(VLOOKUP(P41,'Puntos XCO'!$A$1:$B$63,2,FALSE),0) -> 0 | S41: =IFERROR(VLOOKUP(R41,'Puntos XCC Mayor'!$A$1:$B$15,2,FALSE),0) -> 0 | U41: =IFERROR(VLOOKUP(T41,'Puntos XCO'!$A$1:$B$63,2,FALSE),0) -> 0 | W41: =IFERROR(VLOOKUP(V41,'Puntos XCC Mayor'!$A$1:$B$15,2,FALSE),0) -> 0 | Y41: =IFERROR(VLOOKUP(X41,'Puntos XCO'!$A$1:$B$63,2,FALSE),0) -> 0 | AA41: =IFERROR(VLOOKUP(Z41,'Puntos XCC Mayor'!$A$1:$B$15,2,FALSE),0) -> 0 | AC41: =IFERROR(VLOOKUP(AB41,'Puntos XCO'!$A$1:$B$63,2,FALSE),0) -> 0 | AH41: =G41+I41+K41+M41+O41+Q41+S41+U41+W41+Y41+AA41+AC41+AE41+AG41 -> 81
A42: 28 | B42: 25 | C42: 40 | D42: =VLOOKUP(C42,PLANILLA,2,FALSE) -> GUTIERREZ Carlos Daniel | E42: =VLOOKUP(C42,PLANILLA,4,FALSE) -> turrialba | V42: 11 | W42: =IFERROR(VLOOKUP(V42,'Puntos XCC Mayor'!$A$1:$B$15,2,FALSE),0) -> 5 | X42: 12 | Y42: =IFERROR(VLOOKUP(X42,'Puntos XCO'!$A$1:$B$63,2,FALSE),0) -> 74 | AA42: =IFERROR(VLOOKUP(Z42,'Puntos XCC Mayor'!$A$1:$B$15,2,FALSE),0) -> 0 | AC42: =IFERROR(VLOOKUP(AB42,'Puntos XCO'!$A$1:$B$63,2,FALSE),0) -> 0 | AH42: =G42+I42+K42+M42+O42+Q42+S42+U42+W42+Y42+AA42+AC42+AE42+AG42 -> 79
A43: 29 | B43: 26 | D43: MENESES Sebastian* | E43: MANZATE LA SELVA SCOTT | F43: 0 | G43: =IFERROR(VLOOKUP(F43,'Puntos XCC Mayor'!$A$1:$B$15,2,FALSE),0) -> 0 | H43: 10 | I43: =IFERROR(VLOOKUP(H43,'Puntos XCO'!$A$1:$B$63,2,FALSE),0) -> 78 | J43: 0 | K43: =IFERROR(VLOOKUP(J43,'Puntos XCC Mayor'!$A$1:$B$15,2,FALSE),"0") -> 0 | L43: 0 | M43: =IFERROR(VLOOKUP(L43,'Puntos XCO'!$A$1:$B$63,2,FALSE),0) -> 0 | O43: =IFERROR(VLOOKUP(N43,'Puntos XCC Mayor'!$A$1:$B$15,2,FALSE),0) -> 0 | Q43: =IFERROR(VLOOKUP(P43,'Puntos XCO'!$A$1:$B$63,2,FALSE),0) -> 0 | S43: =IFERROR(VLOOKUP(R43,'Puntos XCC Mayor'!$A$1:$B$15,2,FALSE),0) -> 0 | U43: =IFERROR(VLOOKUP(T43,'Puntos XCO'!$A$1:$B$63,2,FALSE),0) -> 0 | W43: =IFERROR(VLOOKUP(V43,'Puntos XCC Mayor'!$A$1:$B$15,2,FALSE),0) -> 0 | Y43: =IFERROR(VLOOKUP(X43,'Puntos XCO'!$A$1:$B$63,2,FALSE),0) -> 0 | AA43: =IFERROR(VLOOKUP(Z43,'Puntos XCC Mayor'!$A$1:$B$15,2,FALSE),0) -> 0 | AC43: =IFERROR(VLOOKUP(AB43,'Puntos XCO'!$A$1:$B$63,2,FALSE),0) -> 0 | AH43: =G43+I43+K43+M43+O43+Q43+S43+U43+W43+Y43+AA43+AC43+AE43+AG43 -> 78
A44: 30 | B44: 28 | D44: VARGAS Ismael Felipe* | E44: 7C ECONOMIC HYUNDAI | F44: 5 | G44: =IFERROR(VLOOKUP(F44,'Puntos XCC Mayor'!$A$1:$B$15,2,FALSE),0) -> 12 | H44: 0 | I44: =IFERROR(VLOOKUP(H44,'Puntos XCO'!$A$1:$B$63,2,FALSE),0) -> 0 | J44: 0 | K44: =IFERROR(VLOOKUP(J44,'Puntos XCC Mayor'!$A$1:$B$15,2,FALSE),"0") -> 0 | L44: 0 | M44: =IFERROR(VLOOKUP(L44,'Puntos XCO'!$A$1:$B$63,2,FALSE),0) -> 0 | O44: =IFERROR(VLOOKUP(N44,'Puntos XCC Mayor'!$A$1:$B$15,2,FALSE),0) -> 0 | Q44: =IFERROR(VLOOKUP(P44,'Puntos XCO'!$A$1:$B$63,2,FALSE),0) -> 0 | S44: =IFERROR(VLOOKUP(R44,'Puntos XCC Mayor'!$A$1:$B$15,2,FALSE),0) -> 0 | U44: =IFERROR(VLOOKUP(T44,'Puntos XCO'!$A$1:$B$63,2,FALSE),0) -> 0 | W44: =IFERROR(VLOOKUP(V44,'Puntos XCC Mayor'!$A$1:$B$15,2,FALSE),0) -> 0 | Y44: =IFERROR(VLOOKUP(X44,'Puntos XCO'!$A$1:$B$63,2,FALSE),0) -> 0 | AA44: =IFERROR(VLOOKUP(Z44,'Puntos XCC Mayor'!$A$1:$B$15,2,FALSE),0) -> 0 | AC44: =IFERROR(VLOOKUP(AB44,'Puntos XCO'!$A$1:$B$63,2,FALSE),0) -> 0 | AH44: =G44+I44+K44+M44+O44+Q44+S44+U44+W44+Y44+AA44+AC44+AE44+AG44 -> 12
D45: CAMPOS Haswel* | E45: DESAMPARADOS | F45: 0 | G45: =IFERROR(VLOOKUP(F45,'Puntos XCC Mayor'!$A$1:$B$15,2,FALSE),0) -> 0 | H45: 0 | I45: =IFERROR(VLOOKUP(H45,'Puntos XCO'!$A$1:$B$63,2,FALSE),0) -> 0 | J45: 0 | K45: =IFERROR(VLOOKUP(J45,'Puntos XCC Mayor'!$A$1:$B$15,2,FALSE),"0") -> 0 | L45: 0 | M45: =IFERROR(VLOOKUP(L45,'Puntos XCO'!$A$1:$B$63,2,FALSE),0) -> 0 | O45: =IFERROR(VLOOKUP(N45,'Puntos XCC Mayor'!$A$1:$B$15,2,FALSE),0) -> 0 | Q45: =IFERROR(VLOOKUP(P45,'Puntos XCO'!$A$1:$B$63,2,FALSE),0) -> 0 | S45: =IFERROR(VLOOKUP(R45,'Puntos XCC Mayor'!$A$1:$B$15,2,FALSE),0) -> 0 | U45: =IFERROR(VLOOKUP(T45,'Puntos XCO'!$A$1:$B$63,2,FALSE),0) -> 0 | W45: =IFERROR(VLOOKUP(V45,'Puntos XCC Mayor'!$A$1:$B$15,2,FALSE),0) -> 0 | Y45: =IFERROR(VLOOKUP(X45,'Puntos XCO'!$A$1:$B$63,2,FALSE),0) -> 0 | AA45: =IFERROR(VLOOKUP(Z45,'Puntos XCC Mayor'!$A$1:$B$15,2,FALSE),0) -> 0 | AC45: =IFERROR(VLOOKUP(AB45,'Puntos XCO'!$A$1:$B$63,2,FALSE),0) -> 0 | AH45: =G45+I45+K45+M45+O45+Q45+S45+U45+W45+Y45+AA45+AC45+AE45+AG45 -> 0

Sheet EF
A8: ELITE FEMENINO
A10: 1 - Finca Grupo Orosi >21 y 22 febrero 2 - Parque La Libertad Desamparados > 28 y 29 marzo 3 - Adventure Park > 16 y 17 mayo 4 - Finca La Hisopa San Pedro de Turrubares > 13 y 14 junio
A11: 5 - Campamento Oikoumene, Ochomogo > 18 y 19 julio 6 - Finca Grupo Orosi, Paraiso > 12 y 13 setiembre 7 - Parque Recreativo Sarapiqui > 31 Oct y 01 Nov
A13: POSICION | F13: 1 | J13: 2 | N13: 3 | R13: 4 | V13: 5 | Z13: 6 | AD13: 7 | AH13: TOTAL PUNTOS
A14: ACTUAL | B14: ANTERIOR | C14: NO | D14: NOMBRE | E14: EQUIPO | F14: POS XCC | G14: PTOS XCC | H14: POS XCO | I14: PTOS XCO | J14: POS XCC | K14: PTOS XCC | L14: POS XCO | M14: PTOS XCO | N14: POS XCC | O14: PTOS XCC | P14: POS XCO | Q14: PTOS XCO | R14: POS XCC | S14: PTOS XCC | T14: POS XCO | U14: PTOS XCO | V14: POS XCC | W14: PTOS XCC | X14: POS XCO | Y14: PTOS XCO | Z14: POS XCC | AA14: PTOS XCC | AB14: POS XCO | AC14: PTOS XCO | AD14: POS XCC | AE14: PTOS XCC | AF14: POS XCO | AG14: PTOS XCO
A15: 1 | B15: 1 | C15: 84 | D15: ROJAS Adriana | E15: CBZ ASFALTOS- DEKRA- MAXXIS | F15: 1 | G15: 25 | H15: 1 | I15: 200 | J15: 0 | K15: 0 | L15: 0 | M15: 0 | N15: 2 | O15: =IFERROR(VLOOKUP(N15,'Puntos XCC Mayor'!$A$1:$B$15,2,FALSE),0) -> 20 | P15: 3 | Q15: =IFERROR(VLOOKUP(P15,'Puntos XCO'!$A$1:$B$63,2,FALSE),0) -> 120 | R15: 1 | S15: =IFERROR(VLOOKUP(R15,'Puntos XCC Mayor'!$A$1:$B$15,2,FALSE),0) -> 25 | T15: 1 | U15: =IFERROR(VLOOKUP(T15,'Puntos XCO'!$A$1:$B$63,2,FALSE),0) -> 200 | V15: 2 | W15: =IFERROR(VLOOKUP(V15,'Puntos XCC Mayor'!$A$1:$B$15,2,FALSE),0) -> 20 | X15: 2 | Y15: =IFERROR(VLOOKUP(X15,'Puntos XCO'!$A$1:$B$63,2,FALSE),0) -> 150 | Z15: =IFERROR(VLOOKUP($C15,RESXCC_1,9,FALSE),0) -> 0 | AA15: =IFERROR(VLOOKUP(Z15,'Puntos XCC Mayor'!$A$1:$B$15,2,FALSE),0) -> 0 | AB15: =IFERROR(VLOOKUP($C15,RESXCO,9,FALSE),0) -> 1 | AC15: =IFERROR(VLOOKUP(AB15,'Puntos XCO'!$A$1:$B$63,2,FALSE),0) -> 200 | AH15: =G15+I15+K15+M15+O15+Q15+S15+U15+W15+Y15+AA15+AC15+AE15+AG15 -> 960
A16: 2 | B16: 3 | C16: 91 | D16: GARCÍA Isabel* | E16: COLONO BIKE STATION KOLBI | J16: 1 | K16: 25 | L16: 2 | M16: 150 | N16: 5 | O16: =IFERROR(VLOOKUP(N16,'Puntos XCC Mayor'!$A$1:$B$15,2,FALSE),0) -> 12 | P16: 1 | Q16: =IFERROR(VLOOKUP(P16,'Puntos XCO'!$A$1:$B$63,2,FALSE),0) -> 200 | R16: 3 | S16: =IFERROR(VLOOKUP(R16,'Puntos XCC Mayor'!$A$1:$B$15,2,FALSE),0) -> 16 | T16: 3 | U16: =IFERROR(VLOOKUP(T16,'Puntos XCO'!$A$1:$B$63,2,FALSE),0) -> 120 | V16: 3 | W16: =IFERROR(VLOOKUP(V16,'Puntos XCC Mayor'!$A$1:$B$15,2,FALSE),0) -> 16 | X16: 3 | Y16: =IFERROR(VLOOKUP(X16,'Puntos XCO'!$A$1:$B$63,2,FALSE),0) -> 120 | Z16: =IFERROR(VLOOKUP($C16,RESXCC_1,9,FALSE),0) -> 0 | AA16: =IFERROR(VLOOKUP(Z16,'Puntos XCC Mayor'!$A$1:$B$15,2,FALSE),0) -> 0 | AB16: =IFERROR(VLOOKUP($C16,RESXCO,9,FALSE),0) -> 2 | AC16: =IFERROR(VLOOKUP(AB16,'Puntos XCO'!$A$1:$B$63,2,FALSE),0) -> 150 | AH16: =G16+I16+K16+M16+O16+Q16+S16+U16+W16+Y16+AA16+AC16+AE16+AG16 -> 809
A17: 3 | B17: 2 | C17: 85 | D17: ESPINOZA Cristel | E17: ASFALTOS CBZ/ DEKRA/ SECNET | F17: 3 | G17: 16 | H17: 2 | I17: 150 | J17: 0 | K17: 0 | L17: 1 | M17: 200 | O17: =IFERROR(VLOOKUP(N17,'Puntos XCC Mayor'!$A$1:$B$15,2,FALSE),0) -> 0 | P17: 5 | Q17: =IFERROR(VLOOKUP(P17,'Puntos XCO'!$A$1:$B$63,2,FALSE),0) -> 100 | R17: 0 | S17: =IFERROR(VLOOKUP(R17,'Puntos XCC Mayor'!$A$1:$B$15,2,FALSE),0) -> 0 | T17: 0 | U17: =IFERROR(VLOOKUP(T17,'Puntos XCO'!$A$1:$B$63,2,FALSE),0) -> 0 | V17: 1 | W17: =IFERROR(VLOOKUP(V17,'Puntos XCC Mayor'!$A$1:$B$15,2,FALSE),0) -> 25 | X17: 1 | Y17: =IFERROR(VLOOKUP(X17,'Puntos XCO'!$A$1:$B$63,2,FALSE),0) -> 200 | Z17: =IFERROR(VLOOKUP($C17,RESXCC_1,9,FALSE),0) -> 0 | AA17: =IFERROR(VLOOKUP(Z17,'Puntos XCC Mayor'!$A$1:$B$15,2,FALSE),0) -> 0 | AB17: =IFERROR(VLOOKUP($C17,RESXCO,9,FALSE),0) -> 0 | AC17: =IFERROR(VLOOKUP(AB17,'Puntos XCO'!$A$1:$B$63,2,FALSE),0) -> 0 | AH17: =G17+I17+K17+M17+O17+Q17+S17+U17+W17+Y17+AA17+AC17+AE17+AG17 -> 691
A18: 4 | B18: 4 | C18: 94 | D18: NUÑEZ Alison* | E18: DESAMPARADOS BIKE CAFÉ FAST&UP | F18: 0 | G18: 0 | H18: 6 | I18: 95 | J18: 5 | K18: 12 | L18: 8 | M18: 85 | N18: 7 | O18: =IFERROR(VLOOKUP(N18,'Puntos XCC Mayor'!$A$1:$B$15,2,FALSE),0) -> 9 | P18: 3 | Q18: =IFERROR(VLOOKUP(P18,'Puntos XCO'!$A$1:$B$63,2,FALSE),0) -> 120 | R18: 6 | S18: =IFERROR(VLOOKUP(R18,'Puntos XCC Mayor'!$A$1:$B$15,2,FALSE),0) -> 10 | T18: 5 | U18: =IFERROR(VLOOKUP(T18,'Puntos XCO'!$A$1:$B$63,2,FALSE),0) -> 100 | V18: 7 | W18: =IFERROR(VLOOKUP(V18,'Puntos XCC Mayor'!$A$1:$B$15,2,FALSE),0) -> 9 | X18: 6 | Y18: =IFERROR(VLOOKUP(X18,'Puntos XCO'!$A$1:$B$63,2,FALSE),0) -> 95 | Z18: =IFERROR(VLOOKUP($C18,RESXCC_1,9,FALSE),0) -> 2 | AA18: =IFERROR(VLOOKUP(Z18,'Puntos XCC Mayor'!$A$1:$B$15,2,FALSE),0) -> 20 | AB18: =IFERROR(VLOOKUP($C18,RESXCO,9,FALSE),0) -> 4 | AC18: =IFERROR(VLOOKUP(AB18,'Puntos XCO'!$A$1:$B$63,2,FALSE),0) -> 110 | AH18: =G18+I18+K18+M18+O18+Q18+S18+U18+W18+Y18+AA18+AC18+AE18+AG18 -> 665
A19: 5 | B19: 5 | C19: 87 | D19: ZELEDÓN Gabriela | E19: NUMU COACHING | J19: 4 | K19: 14 | L19: 5 | M19: 100 | N19: 6 | O19: =IFERROR(VLOOKUP(N19,'Puntos XCC Mayor'!$A$1:$B$15,2,FALSE),0) -> 10 | P19: 7 | Q19: =IFERROR(VLOOKUP(P19,'Puntos XCO'!$A$1:$B$63,2,FALSE),0) -> 90 | R19: 4 | S19: =IFERROR(VLOOKUP(R19,'Puntos XCC Mayor'!$A$1:$B$15,2,FALSE),0) -> 14 | T19: 4 | U19: =IFERROR(VLOOKUP(T19,'Puntos XCO'!$A$1:$B$63,2,FALSE),0) -> 110 | V19: 5 | W19: =IFERROR(VLOOKUP(V19,'Puntos XCC Mayor'!$A$1:$B$15,2,FALSE),0) -> 12 | X19: 5 | Y19: =IFERROR(VLOOKUP(X19,'Puntos XCO'!$A$1:$B$63,2,FALSE),0) -> 100 | Z19: =IFERROR(VLOOKUP($C19,RESXCC_1,9,FALSE),0) -> 0 | AA19: =IFERROR(VLOOKUP(Z19,'Puntos XCC Mayor'!$A$1:$B$15,2,FALSE),0) -> 0 | AB19: =IFERROR(VLOOKUP($C19,RESXCO,9,FALSE),0) -> 0 | AC19: =IFERROR(VLOOKUP(AB19,'Puntos XCO'!$A$1:$B$63,2,FALSE),0) -> 0 | AH19: =G19+I19+K19+M19+O19+Q19+S19+U19+W19+Y19+AA19+AC19+AE19+AG19 -> 450
A20: 6 | B20: 6 | C20: 92 | D20: GARCÍA Marisol* | E20: COLONO BIKE STATION KOLBI | J20: 2 | K20: 20 | L20: 3 | M20: 120 | O20: =IFERROR(VLOOKUP(N20,'Puntos XCC Mayor'!$A$1:$B$15,2,FALSE),0) -> 0 | Q20: =IFERROR(VLOOKUP(P20,'Puntos XCO'!$A$1:$B$63,2,FALSE),0) -> 0 | R20: 2 | S20: =IFERROR(VLOOKUP(R20,'Puntos XCC Mayor'!$A$1:$B$15,2,FALSE),0) -> 20 | T20: 2 | U20: =IFERROR(VLOOKUP(T20,'Puntos XCO'!$A$1:$B$63,2,FALSE),0) -> 150 | V20: 4 | W20: =IFERROR(VLOOKUP(V20,'Puntos XCC Mayor'!$A$1:$B$15,2,FALSE),0) -> 14 | X20: 4 | Y20: =IFERROR(VLOOKUP(X20,'Puntos XCO'!$A$1:$B$63,2,FALSE),0) -> 110 | Z20: =IFERROR(VLOOKUP($C20,RESXCC_1,9,FALSE),0) -> 0 | AA20: =IFERROR(VLOOKUP(Z20,'Puntos XCC Mayor'!$A$1:$B$15,2,FALSE),0) -> 0 | AB20: =IFERROR(VLOOKUP($C20,RESXCO,9,FALSE),0) -> 0 | AC20: =IFERROR(VLOOKUP(AB20,'Puntos XCO'!$A$1:$B$63,2,FALSE),0) -> 0 | AH20: =G20+I20+K20+M20+O20+Q20+S20+U20+W20+Y20+AA20+AC20+AE20+AG20 -> 434
A21: 7 | B21: 8 | C21: 90 | D21: RAHILLY Denise* | E21: BOBBYS CYCLING TEAM | F21: 0 | G21: 0 | H21: 8 | I21: 85 | J21: 0 | K21: 0 | L21: 6 | M21: 95 | O21: =IFERROR(VLOOKUP(N21,'Puntos XCC Mayor'!$A$1:$B$15,2,FALSE),0) -> 0 | Q21: =IFERROR(VLOOKUP(P21,'Puntos XCO'!$A$1:$B$63,2,FALSE),0) -> 0 | R21: 5 | S21: =IFERROR(VLOOKUP(R21,'Puntos XCC Mayor'!$A$1:$B$15,2,FALSE),0) -> 12 | T21: 6 | U21: =IFERROR(VLOOKUP(T21,'Puntos XCO'!$A$1:$B$63,2,FALSE),0) -> 95 | V21: 0 | W21: =IFERROR(VLOOKUP(V21,'Puntos XCC Mayor'!$A$1:$B$15,2,FALSE),0) -> 0 | X21: 0 | Y21: =IFERROR(VLOOKUP(X21,'Puntos XCO'!$A$1:$B$63,2,FALSE),0) -> 0 | Z21: =IFERROR(VLOOKUP($C21,RESXCC_1,9,FALSE),0) -> 1 | AA21: =IFERROR(VLOOKUP(Z21,'Puntos XCC Mayor'!$A$1:$B$15,2,FALSE),0) -> 25 | AB21: =IFERROR(VLOOKUP($C21,RESXCO,9,FALSE),0) -> 3 | AC21: =IFERROR(VLOOKUP(AB21,'Puntos XCO'!$A$1:$B$63,2,FALSE),0) -> 120 | AH21: =G21+I21+K21+M21+O21+Q21+S21+U21+W21+Y21+AA21+AC21+AE21+AG21 -> 432
A22: 8 | B22: 7 | C22: 95 | D22: ALVARADO Elizabeth * | E22: SANTA ANA | F22: 8 | G22: 8 | H22: 9 | I22: 80 | J22: 6 | K22: 10 | L22: 7 | M22: 90 | O22: =IFERROR(VLOOKUP(N22,'Puntos XCC Mayor'!$A$1:$B$15,2,FALSE),0) -> 0 | Q22: =IFERROR(VLOOKUP(P22,'Puntos XCO'!$A$1:$B$63,2,FALSE),0) -> 0 | R22: 7 | S22: =IFERROR(VLOOKUP(R22,'Puntos XCC Mayor'!$A$1:$B$15,2,FALSE),0) -> 9 | T22: 7 | U22: =IFERROR(VLOOKUP(T22,'Puntos XCO'!$A$1:$B$63,2,FALSE),0) -> 90 | V22: 6 | W22: =IFERROR(VLOOKUP(V22,'Puntos XCC Mayor'!$A$1:$B$15,2,FALSE),0) -> 10 | X22: 7 | Y22: =IFERROR(VLOOKUP(X22,'Puntos XCO'!$A$1:$B$63,2,FALSE),0) -> 90 | Z22: =IFERROR(VLOOKUP($C22,RESXCC_1,9,FALSE),0) -> 0 | AA22: =IFERROR(VLOOKUP(Z22,'Puntos XCC Mayor'!$A$1:$B$15,2,FALSE),0) -> 0 | AB22: =IFERROR(VLOOKUP($C22,RESXCO,9,FALSE),0) -> 0 | AC22: =IFERROR(VLOOKUP(AB22,'Puntos XCO'!$A$1:$B$63,2,FALSE),0) -> 0 | AH22: =G22+I22+K22+M22+O22+Q22+S22+U22+W22+Y22+AA22+AC22+AE22+AG22 -> 387
A23: 9 | B23: 9 | C23: 88 | D23: MARTINEZ Daniela | E23: BOBBYS CYCLING TEAM | F23: 7 | G23: 9 | H23: 5 | I23: 100 | J23: 3 | K23: 16 | L23: 4 | M23: 110 | O23: =IFERROR(VLOOKUP(N23,'Puntos XCC Mayor'!$A$1:$B$15,2,FALSE),0) -> 0 | Q23: =IFERROR(VLOOKUP(P23,'Puntos XCO'!$A$1:$B$63,2,FALSE),0) -> 0 | R23: 0 | S23: =IFERROR(VLOOKUP(R23,'Puntos XCC Mayor'!$A$1:$B$15,2,FALSE),0) -> 0 | T23: 0 | U23: =IFERROR(VLOOKUP(T23,'Puntos XCO'!$A$1:$B$63,2,FALSE),0) -> 0 | V23: 0 | W23: =IFERROR(VLOOKUP(V23,'Puntos XCC Mayor'!$A$1:$B$15,2,FALSE),0) -> 0 | X23: 0 | Y23: =IFERROR(VLOOKUP(X23,'Puntos XCO'!$A$1:$B$63,2,FALSE),0) -> 0 | Z23: =IFERROR(VLOOKUP($C23,RESXCC_1,9,FALSE),0) -> 0 | AA23: =IFERROR(VLOOKUP(Z23,'Puntos XCC Mayor'!$A$1:$B$15,2,FALSE),0) -> 0 | AB23: =IFERROR(VLOOKUP($C23,RESXCO,9,FALSE),0) -> 5 | AC23: =IFERROR(VLOOKUP(AB23,'Puntos XCO'!$A$1:$B$63,2,FALSE),0) -> 100 | AH23: =G23+I23+K23+M23+O23+Q23+S23+U23+W23+Y23+AA23+AC23+AE23+AG23 -> 335
A24: 10 | B24: 10 | C24: 89 | D24: SALVINI Giuliana | E24: GEN2RISE | O24: =IFERROR(VLOOKUP(N24,'Puntos XCC Mayor'!$A$1:$B$15,2,FALSE),0) -> 0 | P24: 1 | Q24: =IFERROR(VLOOKUP(P24,'Puntos XCO'!$A$1:$B$63,2,FALSE),0) -> 200 | R24: 0 | S24: =IFERROR(VLOOKUP(R24,'Puntos XCC Mayor'!$A$1:$B$15,2,FALSE),0) -> 0 | T24: 0 | U24: =IFERROR(VLOOKUP(T24,'Puntos XCO'!$A$1:$B$63,2,FALSE),0) -> 0 | V24: 0 | W24: =IFERROR(VLOOKUP(V24,'Puntos XCC Mayor'!$A$1:$B$15,2,FALSE),0) -> 0 | X24: 0 | Y24: =IFERROR(VLOOKUP(X24,'Puntos XCO'!$A$1:$B$63,2,FALSE),0) -> 0 | Z24: =IFERROR(VLOOKUP($C24,RESXCC_1,9,FALSE),0) -> 0 | AA24: =IFERROR(VLOOKUP(Z24,'Puntos XCC Mayor'!$A$1:$B$15,2,FALSE),0) -> 0 | AB24: =IFERROR(VLOOKUP($C24,RESXCO,9,FALSE),0) -> 0 | AC24: =IFERROR(VLOOKUP(AB24,'Puntos XCO'!$A$1:$B$63,2,FALSE),0) -> 0 | AH24: =G24+I24+K24+M24+O24+Q24+S24+U24+W24+Y24+AA24+AC24+AE24+AG24 -> 200
A25: 11 | B25: 11 | C25: 82 | D25: RODRÍGUEZ Suheily | E25: SINTESIS DEVELOPMENT TEAM | N25: 1 | O25: =IFERROR(VLOOKUP(N25,'Puntos XCC Mayor'!$A$1:$B$15,2,FALSE),0) -> 25 | P25: 2 | Q25: =IFERROR(VLOOKUP(P25,'Puntos XCO'!$A$1:$B$63,2,FALSE),0) -> 150 | R25: 0 | S25: =IFERROR(VLOOKUP(R25,'Puntos XCC Mayor'!$A$1:$B$15,2,FALSE),0) -> 0 | T25: 0 | U25: =IFERROR(VLOOKUP(T25,'Puntos XCO'!$A$1:$B$63,2,FALSE),0) -> 0 | V25: 0 | W25: =IFERROR(VLOOKUP(V25,'Puntos XCC Mayor'!$A$1:$B$15,2,FALSE),0) -> 0 | X25: 0 | Y25: =IFERROR(VLOOKUP(X25,'Puntos XCO'!$A$1:$B$63,2,FALSE),0) -> 0 | Z25: =IFERROR(VLOOKUP($C25,RESXCC_1,9,FALSE),0) -> 0 | AA25: =IFERROR(VLOOKUP(Z25,'Puntos XCC Mayor'!$A$1:$B$15,2,FALSE),0) -> 0 | AB25: =IFERROR(VLOOKUP($C25,RESXCO,9,FALSE),0) -> 0 | AC25: =IFERROR(VLOOKUP(AB25,'Puntos XCO'!$A$1:$B$63,2,FALSE),0) -> 0 | AH25: =G25+I25+K25+M25+O25+Q25+S25+U25+W25+Y25+AA25+AC25+AE25+AG25 -> 175
A26: 12 | B26: 12 | C26: 93 | D26: WESTER Isabela Katerina* | E26: DONOVAN RACING | N26: 4 | O26: =IFERROR(VLOOKUP(N26,'Puntos XCC Mayor'!$A$1:$B$15,2,FALSE),0) -> 14 | P26: 2 | Q26: =IFERROR(VLOOKUP(P26,'Puntos XCO'!$A$1:$B$63,2,FALSE),0) -> 150 | R26: 0 | S26: =IFERROR(VLOOKUP(R26,'Puntos XCC Mayor'!$A$1:$B$15,2,FALSE),0) -> 0 | T26: 0 | U26: =IFERROR(VLOOKUP(T26,'Puntos XCO'!$A$1:$B$63,2,FALSE),0) -> 0 | V26: 0 | W26: =IFERROR(VLOOKUP(V26,'Puntos XCC Mayor'!$A$1:$B$15,2,FALSE),0) -> 0 | X26: 0 | Y26: =IFERROR(VLOOKUP(X26,'Puntos XCO'!$A$1:$B$63,2,FALSE),0) -> 0 | Z26: =IFERROR(VLOOKUP($C26,RESXCC_1,9,FALSE),0) -> 0 | AA26: =IFERROR(VLOOKUP(Z26,'Puntos XCC Mayor'!$A$1:$B$15,2,FALSE),0) -> 0 | AB26: =IFERROR(VLOOKUP($C26,RESXCO,9,FALSE),0) -> 0 | AC26: =IFERROR(VLOOKUP(AB26,'Puntos XCO'!$A$1:$B$63,2,FALSE),0) -> 0 | AH26: =G26+I26+K26+M26+O26+Q26+S26+U26+W26+Y26+AA26+AC26+AE26+AG26 -> 164
A27: 13 | B27: 13 | D27: AVILA Melisa* | E27: MANZATÉ LA SELVA NOVARIX | F27: 6 | G27: 10 | H27: 3 | I27: 120 | J27: 0 | K27: 0 | L27: 0 | M27: 0 | O27: =IFERROR(VLOOKUP(N27,'Puntos XCC Mayor'!$A$1:$B$15,2,FALSE),0) -> 0 | Q27: =IFERROR(VLOOKUP(P27,'Puntos XCO'!$A$1:$B$63,2,FALSE),0) -> 0 | R27: 0 | S27: =IFERROR(VLOOKUP(R27,'Puntos XCC Mayor'!$A$1:$B$15,2,FALSE),0) -> 0 | T27: 0 | U27: =IFERROR(VLOOKUP(T27,'Puntos XCO'!$A$1:$B$63,2,FALSE),0) -> 0 | V27: 0 | W27: =IFERROR(VLOOKUP(V27,'Puntos XCC Mayor'!$A$1:$B$15,2,FALSE),0) -> 0 | X27: 0 | Y27: =IFERROR(VLOOKUP(X27,'Puntos XCO'!$A$1:$B$63,2,FALSE),0) -> 0 | Z27: =IFERROR(VLOOKUP($C27,RESXCC_1,9,FALSE),0) -> 0 | AA27: =IFERROR(VLOOKUP(Z27,'Puntos XCC Mayor'!$A$1:$B$15,2,FALSE),0) -> 0 | AB27: =IFERROR(VLOOKUP($C27,RESXCO,9,FALSE),0) -> 0 | AC27: =IFERROR(VLOOKUP(AB27,'Puntos XCO'!$A$1:$B$63,2,FALSE),0) -> 0 | AH27: =G27+I27+K27+M27+O27+Q27+S27+U27+W27+Y27+AA27+AC27+AE27+AG27 -> 130
A28: 14 | B28: 14 | D28: MENA Milagro | E28: COLONO BIKE STATION KOLBI | F28: 2 | G28: 20 | H28: 4 | I28: 110 | J28: 0 | K28: 0 | L28: 0 | M28: 0 | O28: =IFERROR(VLOOKUP(N28,'Puntos XCC Mayor'!$A$1:$B$15,2,FALSE),0) -> 0 | Q28: =IFERROR(VLOOKUP(P28,'Puntos XCO'!$A$1:$B$63,2,FALSE),0) -> 0 | R28: 0 | S28: =IFERROR(VLOOKUP(R28,'Puntos XCC Mayor'!$A$1:$B$15,2,FALSE),0) -> 0 | T28: 0 | U28: =IFERROR(VLOOKUP(T28,'Puntos XCO'!$A$1:$B$63,2,FALSE),0) -> 0 | V28: 0 | W28: =IFERROR(VLOOKUP(V28,'Puntos XCC Mayor'!$A$1:$B$15,2,FALSE),0) -> 0 | X28: 0 | Y28: =IFERROR(VLOOKUP(X28,'Puntos XCO'!$A$1:$B$63,2,FALSE),0) -> 0 | Z28: =IFERROR(VLOOKUP($C28,RESXCC_1,9,FALSE),0) -> 0 | AA28: =IFERROR(VLOOKUP(Z28,'Puntos XCC Mayor'!$A$1:$B$15,2,FALSE),0) -> 0 | AB28: =IFERROR(VLOOKUP($C28,RESXCO,9,FALSE),0) -> 0 | AC28: =IFERROR(VLOOKUP(AB28,'Puntos XCO'!$A$1:$B$63,2,FALSE),0) -> 0 | AH28: =G28+I28+K28+M28+O28+Q28+S28+U28+W28+Y28+AA28+AC28+AE28+AG28 -> 130
A29: 15 | B29: 15 | C29: 86 | D29: RODRIGUEZ Erika | E29: MASSI | N29: 3 | O29: =IFERROR(VLOOKUP(N29,'Puntos XCC Mayor'!$A$1:$B$15,2,FALSE),0) -> 16 | P29: 6 | Q29: =IFERROR(VLOOKUP(P29,'Puntos XCO'!$A$1:$B$63,2,FALSE),0) -> 95 | R29: 0 | S29: =IFERROR(VLOOKUP(R29,'Puntos XCC Mayor'!$A$1:$B$15,2,FALSE),0) -> 0 | T29: 0 | U29: =IFERROR(VLOOKUP(T29,'Puntos XCO'!$A$1:$B$63,2,FALSE),0) -> 0 | V29: 0 | W29: =IFERROR(VLOOKUP(V29,'Puntos XCC Mayor'!$A$1:$B$15,2,FALSE),0) -> 0 | X29: 0 | Y29: =IFERROR(VLOOKUP(X29,'Puntos XCO'!$A$1:$B$63,2,FALSE),0) -> 0 | Z29: =IFERROR(VLOOKUP($C29,RESXCC_1,9,FALSE),0) -> 0 | AA29: =IFERROR(VLOOKUP(Z29,'Puntos XCC Mayor'!$A$1:$B$15,2,FALSE),0) -> 0 | AB29: =IFERROR(VLOOKUP($C29,RESXCO,9,FALSE),0) -> 0 | AC29: =IFERROR(VLOOKUP(AB29,'Puntos XCO'!$A$1:$B$63,2,FALSE),0) -> 0 | AH29: =G29+I29+K29+M29+O29+Q29+S29+U29+W29+Y29+AA29+AC29+AE29+AG29 -> 111
A30: 16 | B30: 16 | C30: 83 | D30: RAMIREZ Coral Marie | E30: SINTESIS DEVELOPMENT TEAM | O30: =IFERROR(VLOOKUP(N30,'Puntos XCC Mayor'!$A$1:$B$15,2,FALSE),0) -> 0 | P30: 4 | Q30: =IFERROR(VLOOKUP(P30,'Puntos XCO'!$A$1:$B$63,2,FALSE),0) -> 110 | R30: 0 | S30: =IFERROR(VLOOKUP(R30,'Puntos XCC Mayor'!$A$1:$B$15,2,FALSE),0) -> 0 | T30: 0 | U30: =IFERROR(VLOOKUP(T30,'Puntos XCO'!$A$1:$B$63,2,FALSE),0) -> 0 | V30: 0 | W30: =IFERROR(VLOOKUP(V30,'Puntos XCC Mayor'!$A$1:$B$15,2,FALSE),0) -> 0 | X30: 0 | Y30: =IFERROR(VLOOKUP(X30,'Puntos XCO'!$A$1:$B$63,2,FALSE),0) -> 0 | Z30: =IFERROR(VLOOKUP($C30,RESXCC_1,9,FALSE),0) -> 0 | AA30: =IFERROR(VLOOKUP(Z30,'Puntos XCC Mayor'!$A$1:$B$15,2,FALSE),0) -> 0 | AB30: =IFERROR(VLOOKUP($C30,RESXCO,9,FALSE),0) -> 0 | AC30: =IFERROR(VLOOKUP(AB30,'Puntos XCO'!$A$1:$B$63,2,FALSE),0) -> 0 | AH30: =G30+I30+K30+M30+O30+Q30+S30+U30+W30+Y30+AA30+AC30+AE30+AG30 -> 110
A31: 17 | B31: 17 | D31: MONTES Naidelyn* | E31: CCDR ESCAZÚ | F31: 0 | G31: 0 | H31: 7 | I31: 90 | J31: 0 | K31: 0 | L31: 0 | M31: 0 | O31: =IFERROR(VLOOKUP(N31,'Puntos XCC Mayor'!$A$1:$B$15,2,FALSE),0) -> 0 | Q31: =IFERROR(VLOOKUP(P31,'Puntos XCO'!$A$1:$B$63,2,FALSE),0) -> 0 | R31: 0 | S31: =IFERROR(VLOOKUP(R31,'Puntos XCC Mayor'!$A$1:$B$15,2,FALSE),0) -> 0 | T31: 0 | U31: =IFERROR(VLOOKUP(T31,'Puntos XCO'!$A$1:$B$63,2,FALSE),0) -> 0 | V31: 0 | W31: =IFERROR(VLOOKUP(V31,'Puntos XCC Mayor'!$A$1:$B$15,2,FALSE),0) -> 0 | X31: 0 | Y31: =IFERROR(VLOOKUP(X31,'Puntos XCO'!$A$1:$B$63,2,FALSE),0) -> 0 | Z31: =IFERROR(VLOOKUP($C31,RESXCC_1,9,FALSE),0) -> 0 | AA31: =IFERROR(VLOOKUP(Z31,'Puntos XCC Mayor'!$A$1:$B$15,2,FALSE),0) -> 0 | AB31: =IFERROR(VLOOKUP($C31,RESXCO,9,FALSE),0) -> 0 | AC31: =IFERROR(VLOOKUP(AB31,'Puntos XCO'!$A$1:$B$63,2,FALSE),0) -> 0 | AH31: =G31+I31+K31+M31+O31+Q31+S31+U31+W31+Y31+AA31+AC31+AE31+AG31 -> 90
A32: 18 | B32: 18 | D32: GOMEZ Yailin* | E32: MANZATÉ LA SELVA NOVARIX | F32: 4 | G32: 14 | H32: 0 | I32: 0 | J32: 0 | K32: 0 | L32: 0 | M32: 0 | O32: =IFERROR(VLOOKUP(N32,'Puntos XCC Mayor'!$A$1:$B$15,2,FALSE),0) -> 0 | Q32: =IFERROR(VLOOKUP(P32,'Puntos XCO'!$A$1:$B$63,2,FALSE),0) -> 0 | R32: 0 | S32: =IFERROR(VLOOKUP(R32,'Puntos XCC Mayor'!$A$1:$B$15,2,FALSE),0) -> 0 | T32: 0 | U32: =IFERROR(VLOOKUP(T32,'Puntos XCO'!$A$1:$B$63,2,FALSE),0) -> 0 | V32: 0 | W32: =IFERROR(VLOOKUP(V32,'Puntos XCC Mayor'!$A$1:$B$15,2,FALSE),0) -> 0 | X32: 0 | Y32: =IFERROR(VLOOKUP(X32,'Puntos XCO'!$A$1:$B$63,2,FALSE),0) -> 0 | Z32: =IFERROR(VLOOKUP($C32,RESXCC_1,9,FALSE),0) -> 0 | AA32: =IFERROR(VLOOKUP(Z32,'Puntos XCC Mayor'!$A$1:$B$15,2,FALSE),0) -> 0 | AB32: =IFERROR(VLOOKUP($C32,RESXCO,9,FALSE),0) -> 0 | AC32: =IFERROR(VLOOKUP(AB32,'Puntos XCO'!$A$1:$B$63,2,FALSE),0) -> 0 | AH32: =G32+I32+K32+M32+O32+Q32+S32+U32+W32+Y32+AA32+AC32+AE32+AG32 -> 14
A33: 19 | B33: 19 | D33: VARGAS Naomy* | E33: MANZATÉ LA SELVA NOVARIX | F33: 5 | G33: 12 | H33: 0 | I33: 0 | J33: 0 | K33: 0 | L33: 0 | M33: 0 | O33: =IFERROR(VLOOKUP(N33,'Puntos XCC Mayor'!$A$1:$B$15,2,FALSE),0) -> 0 | Q33: =IFERROR(VLOOKUP(P33,'Puntos XCO'!$A$1:$B$63,2,FALSE),0) -> 0 | R33: 0 | S33: =IFERROR(VLOOKUP(R33,'Puntos XCC Mayor'!$A$1:$B$15,2,FALSE),0) -> 0 | T33: 0 | U33: =IFERROR(VLOOKUP(T33,'Puntos XCO'!$A$1:$B$63,2,FALSE),0) -> 0 | V33: 0 | W33: =IFERROR(VLOOKUP(V33,'Puntos XCC Mayor'!$A$1:$B$15,2,FALSE),0) -> 0 | X33: 0 | Y33: =IFERROR(VLOOKUP(X33,'Puntos XCO'!$A$1:$B$63,2,FALSE),0) -> 0 | Z33: =IFERROR(VLOOKUP($C33,RESXCC_1,9,FALSE),0) -> 0 | AA33: =IFERROR(VLOOKUP(Z33,'Puntos XCC Mayor'!$A$1:$B$15,2,FALSE),0) -> 0 | AB33: =IFERROR(VLOOKUP($C33,RESXCO,9,FALSE),0) -> 0 | AC33: =IFERROR(VLOOKUP(AB33,'Puntos XCO'!$A$1:$B$63,2,FALSE),0) -> 0 | AH33: =G33+I33+K33+M33+O33+Q33+S33+U33+W33+Y33+AA33+AC33+AE33+AG33 -> 12

Sheet SUB23F
A8: SUB23 FEMENINO (19-22)
A10: 1 - Finca Grupo Orosi >21 y 22 febrero 2 - Parque La Libertad Desamparados > 28 y 29 marzo 3 - Adventure Park > 16 y 17 mayo 4 - Finca La Hisopa San Pedro de Turrubares > 13 y 14 junio
A11: 5 - Campamento Oikoumene, Ochomogo > 18 y 19 julio 6 - Finca Grupo Orosi, Paraiso > 12 y 13 setiembre 7 - Parque Recreativo Sarapiqui > 31 Oct y 01 Nov
A13: POSICION | F13: 1 | J13: 2 | N13: 3 | R13: 4 | V13: 5 | Z13: 6 | AD13: 7 | AH13: TOTAL PUNTOS
A14: ACTUAL | B14: ANTERIOR | C14: NO | D14: NOMBRE | E14: EQUIPO | F14: POS XCC | G14: PTOS XCC | H14: POS XCO | I14: PTOS XCO | J14: POS XCC | K14: PTOS XCC | L14: POS XCO | M14: PTOS XCO | N14: POS XCC | O14: PTOS XCC | P14: POS XCO | Q14: PTOS XCO | R14: POS XCC | S14: PTOS XCC | T14: POS XCO | U14: PTOS XCO | V14: POS XCC | W14: PTOS XCC | X14: POS XCO | Y14: PTOS XCO | Z14: POS XCC | AA14: PTOS XCC | AB14: POS XCO | AC14: PTOS XCO | AD14: POS XCC | AE14: PTOS XCC | AF14: POS XCO | AG14: PTOS XCO
A15: 1 | B15: 1 | C15: 91 | D15: GARCÍA Isabel * | E15: COLONO BIKE STATION KOLBI | J15: 1 | K15: =IFERROR(VLOOKUP(J15,'Puntos XCC Mayor'!$A$1:$B$15,2,FALSE),"0") -> 25 | L15: 1 | M15: =IFERROR(VLOOKUP(L15,'Puntos XCO'!$A$1:$B$63,2,FALSE),0) -> 200 | N15: 2 | O15: =IFERROR(VLOOKUP(N15,'Puntos XCC Mayor'!$A$1:$B$15,2,FALSE),0) -> 20 | P15: 1 | Q15: =IFERROR(VLOOKUP(P15,'Puntos XCO'!$A$1:$B$63,2,FALSE),0) -> 200 | R15: 2 | S15: =IFERROR(VLOOKUP(R15,'Puntos XCC Mayor'!$A$1:$B$15,2,FALSE),0) -> 20 | T15: 2 | U15: =IFERROR(VLOOKUP(T15,'Puntos XCO'!$A$1:$B$63,2,FALSE),0) -> 150 | V15: 1 | W15: =IFERROR(VLOOKUP(V15,'Puntos XCC Mayor'!$A$1:$B$15,2,FALSE),0) -> 25 | X15: 1 | Y15: =IFERROR(VLOOKUP(X15,'Puntos XCO'!$A$1:$B$63,2,FALSE),0) -> 200 | AA15: =IFERROR(VLOOKUP(Z15,'Puntos XCC Mayor'!$A$1:$B$15,2,FALSE),0) -> 0 | AB15: 1 | AC15: =IFERROR(VLOOKUP(AB15,'Puntos XCO'!$A$1:$B$63,2,FALSE),0) -> 200 | AH15: =G15+I15+K15+M15+O15+Q15+S15+U15+W15+Y15 -> 840
A16: 2 | B16: 2 | C16: 94 | D16: NUÑEZ Alison * | E16: DESAMPARADOS BIKE CAFÉ | F16: 5 | G16: =IFERROR(VLOOKUP(F16,'Puntos XCC Mayor'!$A$1:$B$15,2,FALSE),0) -> 12 | H16: 2 | I16: =IFERROR(VLOOKUP(H16,'Puntos XCO'!$A$1:$B$63,2,FALSE),0) -> 150 | J16: 3 | K16: =IFERROR(VLOOKUP(J16,'Puntos XCC Mayor'!$A$1:$B$15,2,FALSE),"0") -> 16 | L16: 5 | M16: =IFERROR(VLOOKUP(L16,'Puntos XCO'!$A$1:$B$63,2,FALSE),0) -> 100 | N16: 3 | O16: =IFERROR(VLOOKUP(N16,'Puntos XCC Mayor'!$A$1:$B$15,2,FALSE),0) -> 16 | P16: 3 | Q16: =IFERROR(VLOOKUP(P16,'Puntos XCO'!$A$1:$B$63,2,FALSE),0) -> 120 | R16: 4 | S16: =IFERROR(VLOOKUP(R16,'Puntos XCC Mayor'!$A$1:$B$15,2,FALSE),0) -> 14 | T16: 3 | U16: =IFERROR(VLOOKUP(T16,'Puntos XCO'!$A$1:$B$63,2,FALSE),0) -> 120 | V16: 4 | W16: =IFERROR(VLOOKUP(V16,'Puntos XCC Mayor'!$A$1:$B$15,2,FALSE),0) -> 14 | X16: 3 | Y16: =IFERROR(VLOOKUP(X16,'Puntos XCO'!$A$1:$B$63,2,FALSE),0) -> 120 | Z16: 2 | AA16: =IFERROR(VLOOKUP(Z16,'Puntos XCC Mayor'!$A$1:$B$15,2,FALSE),0) -> 20 | AB16: 3 | AC16: =IFERROR(VLOOKUP(AB16,'Puntos XCO'!$A$1:$B$63,2,FALSE),0) -> 120 | AH16: =G16+I16+K16+M16+O16+Q16+S16+U16+W16+Y16 -> 682
A17: 3 | B17: 3 | C17: 92 | D17: GARCÍA Marisol * | E17: COLONO BIKE STATION KOLBI | J17: 2 | K17: =IFERROR(VLOOKUP(J17,'Puntos XCC Mayor'!$A$1:$B$15,2,FALSE),"0") -> 20 | L17: 2 | M17: =IFERROR(VLOOKUP(L17,'Puntos XCO'!$A$1:$B$63,2,FALSE),0) -> 150 | O17: =IFERROR(VLOOKUP(N17,'Puntos XCC Mayor'!$A$1:$B$15,2,FALSE),0) -> 0 | Q17: =IFERROR(VLOOKUP(P17,'Puntos XCO'!$A$1:$B$63,2,FALSE),0) -> 0 | R17: 1 | S17: =IFERROR(VLOOKUP(R17,'Puntos XCC Mayor'!$A$1:$B$15,2,FALSE),0) -> 25 | T17: 1 | U17: =IFERROR(VLOOKUP(T17,'Puntos XCO'!$A$1:$B$63,2,FALSE),0) -> 200 | V17: 2 | W17: =IFERROR(VLOOKUP(V17,'Puntos XCC Mayor'!$A$1:$B$15,2,FALSE),0) -> 20 | X17: 2 | Y17: =IFERROR(VLOOKUP(X17,'Puntos XCO'!$A$1:$B$63,2,FALSE),0) -> 150 | AA17: =IFERROR(VLOOKUP(Z17,'Puntos XCC Mayor'!$A$1:$B$15,2,FALSE),0) -> 0 | AC17: =IFERROR(VLOOKUP(AB17,'Puntos XCO'!$A$1:$B$63,2,FALSE),0) -> 0 | AH17: =G17+I17+K17+M17+O17+Q17+S17+U17+W17+Y17 -> 565
A18: 4 | B18: 4 | C18: 95 | D18: ALVARADO Elizabeth * | E18: SANTA ANA | F18: 4 | G18: =IFERROR(VLOOKUP(F18,'Puntos XCC Mayor'!$A$1:$B$15,2,FALSE),0) -> 14 | H18: 5 | I18: =IFERROR(VLOOKUP(H18,'Puntos XCO'!$A$1:$B$63,2,FALSE),0) -> 100 | J18: 4 | K18: =IFERROR(VLOOKUP(J18,'Puntos XCC Mayor'!$A$1:$B$15,2,FALSE),"0") -> 14 | L18: 4 | M18: =IFERROR(VLOOKUP(L18,'Puntos XCO'!$A$1:$B$63,2,FALSE),0) -> 110 | O18: =IFERROR(VLOOKUP(N18,'Puntos XCC Mayor'!$A$1:$B$15,2,FALSE),0) -> 0 | Q18: =IFERROR(VLOOKUP(P18,'Puntos XCO'!$A$1:$B$63,2,FALSE),0) -> 0 | R18: 5 | S18: =IFERROR(VLOOKUP(R18,'Puntos XCC Mayor'!$A$1:$B$15,2,FALSE),0) -> 12 | T18: 5 | U18: =IFERROR(VLOOKUP(T18,'Puntos XCO'!$A$1:$B$63,2,FALSE),0) -> 100 | V18: 3 | W18: =IFERROR(VLOOKUP(V18,'Puntos XCC Mayor'!$A$1:$B$15,2,FALSE),0) -> 16 | X18: 4 | Y18: =IFERROR(VLOOKUP(X18,'Puntos XCO'!$A$1:$B$63,2,FALSE),0) -> 110 | AA18: =IFERROR(VLOOKUP(Z18,'Puntos XCC Mayor'!$A$1:$B$15,2,FALSE),0) -> 0 | AC18: =IFERROR(VLOOKUP(AB18,'Puntos XCO'!$A$1:$B$63,2,FALSE),0) -> 0 | AH18: =G18+I18+K18+M18+O18+Q18+S18+U18+W18+Y18 -> 476
A19: 5 | B19: 5 | C19: 90 | D19: RAHILLY Denise* | E19: BOBBYS CYCLING TEAM | F19: 0 | G19: =IFERROR(VLOOKUP(F19,'Puntos XCC Mayor'!$A$1:$B$15,2,FALSE),0) -> 0 | H19: 4 | I19: =IFERROR(VLOOKUP(H19,'Puntos XCO'!$A$1:$B$63,2,FALSE),0) -> 110 | J19: 0 | K19: =IFERROR(VLOOKUP(J19,'Puntos XCC Mayor'!$A$1:$B$15,2,FALSE),"0") -> 0 | L19: 3 | M19: =IFERROR(VLOOKUP(L19,'Puntos XCO'!$A$1:$B$63,2,FALSE),0) -> 120 | O19: =IFERROR(VLOOKUP(N19,'Puntos XCC Mayor'!$A$1:$B$15,2,FALSE),0) -> 0 | Q19: =IFERROR(VLOOKUP(P19,'Puntos XCO'!$A$1:$B$63,2,FALSE),0) -> 0 | R19: 3 | S19: =IFERROR(VLOOKUP(R19,'Puntos XCC Mayor'!$A$1:$B$15,2,FALSE),0) -> 16 | T19: 4 | U19: =IFERROR(VLOOKUP(T19,'Puntos XCO'!$A$1:$B$63,2,FALSE),0) -> 110 | W19: =IFERROR(VLOOKUP(V19,'Puntos XCC Mayor'!$A$1:$B$15,2,FALSE),0) -> 0 | Y19: =IFERROR(VLOOKUP(X19,'Puntos XCO'!$A$1:$B$63,2,FALSE),0) -> 0 | Z19: 1 | AA19: =IFERROR(VLOOKUP(Z19,'Puntos XCC Mayor'!$A$1:$B$15,2,FALSE),0) -> 25 | AB19: 2 | AC19: =IFERROR(VLOOKUP(AB19,'Puntos XCO'!$A$1:$B$63,2,FALSE),0) -> 150 | AH19: =G19+I19+K19+M19+O19+Q19+S19+U19+W19+Y19 -> 356
A20: 6 | B20: 6 | D20: AVILA Melisa* | E20: MANZATÉ LA SELVA NOVARIX | F20: 3 | G20: =IFERROR(VLOOKUP(F20,'Puntos XCC Mayor'!$A$1:$B$15,2,FALSE),0) -> 16 | H20: 1 | I20: =IFERROR(VLOOKUP(H20,'Puntos XCO'!$A$1:$B$63,2,FALSE),0) -> 200 | J20: 0 | K20: =IFERROR(VLOOKUP(J20,'Puntos XCC Mayor'!$A$1:$B$15,2,FALSE),"0") -> 0 | L20: 0 | M20: =IFERROR(VLOOKUP(L20,'Puntos XCO'!$A$1:$B$63,2,FALSE),0) -> 0 | O20: =IFERROR(VLOOKUP(N20,'Puntos XCC Mayor'!$A$1:$B$15,2,FALSE),0) -> 0 | Q20: =IFERROR(VLOOKUP(P20,'Puntos XCO'!$A$1:$B$63,2,FALSE),0) -> 0 | S20: =IFERROR(VLOOKUP(R20,'Puntos XCC Mayor'!$A$1:$B$15,2,FALSE),0) -> 0 | U20: =IFERROR(VLOOKUP(T20,'Puntos XCO'!$A$1:$B$63,2,FALSE),0) -> 0 | W20: =IFERROR(VLOOKUP(V20,'Puntos XCC Mayor'!$A$1:$B$15,2,FALSE),0) -> 0 | Y20: =IFERROR(VLOOKUP(X20,'Puntos XCO'!$A$1:$B$63,2,FALSE),0) -> 0 | AA20: =IFERROR(VLOOKUP(Z20,'Puntos XCC Mayor'!$A$1:$B$15,2,FALSE),0) -> 0 | AC20: =IFERROR(VLOOKUP(AB20,'Puntos XCO'!$A$1:$B$63,2,FALSE),0) -> 0 | AH20: =G20+I20+K20+M20+O20+Q20+S20+U20+W20+Y20 -> 216
A21: 7 | B21: 7 | C21: 93 | D21: WESTER Isabella Katerina | E21: DONOVAN RACING | N21: 1 | O21: =IFERROR(VLOOKUP(N21,'Puntos XCC Mayor'!$A$1:$B$15,2,FALSE),0) -> 25 | P21: 2 | Q21: =IFERROR(VLOOKUP(P21,'Puntos XCO'!$A$1:$B$63,2,FALSE),0) -> 150 | S21: =IFERROR(VLOOKUP(R21,'Puntos XCC Mayor'!$A$1:$B$15,2,FALSE),0) -> 0 | U21: =IFERROR(VLOOKUP(T21,'Puntos XCO'!$A$1:$B$63,2,FALSE),0) -> 0 | W21: =IFERROR(VLOOKUP(V21,'Puntos XCC Mayor'!$A$1:$B$15,2,FALSE),0) -> 0 | Y21: =IFERROR(VLOOKUP(X21,'Puntos XCO'!$A$1:$B$63,2,FALSE),0) -> 0 | AA21: =IFERROR(VLOOKUP(Z21,'Puntos XCC Mayor'!$A$1:$B$15,2,FALSE),0) -> 0 | AC21: =IFERROR(VLOOKUP(AB21,'Puntos XCO'!$A$1:$B$63,2,FALSE),0) -> 0 | AH21: =G21+I21+K21+M21+O21+Q21+S21+U21+W21+Y21 -> 175
A22: 8 | B22: 8 | D22: MONTES Naidelyn* | E22: CCDR ESCAZÚ | F22: 0 | G22: =IFERROR(VLOOKUP(F22,'Puntos XCC Mayor'!$A$1:$B$15,2,FALSE),0) -> 0 | H22: 3 | I22: =IFERROR(VLOOKUP(H22,'Puntos XCO'!$A$1:$B$63,2,FALSE),0) -> 120 | J22: 0 | K22: =IFERROR(VLOOKUP(J22,'Puntos XCC Mayor'!$A$1:$B$15,2,FALSE),"0") -> 0 | L22: 0 | M22: =IFERROR(VLOOKUP(L22,'Puntos XCO'!$A$1:$B$63,2,FALSE),0) -> 0 | O22: =IFERROR(VLOOKUP(N22,'Puntos XCC Mayor'!$A$1:$B$15,2,FALSE),0) -> 0 | Q22: =IFERROR(VLOOKUP(P22,'Puntos XCO'!$A$1:$B$63,2,FALSE),0) -> 0 | S22: =IFERROR(VLOOKUP(R22,'Puntos XCC Mayor'!$A$1:$B$15,2,FALSE),0) -> 0 | U22: =IFERROR(VLOOKUP(T22,'Puntos XCO'!$A$1:$B$63,2,FALSE),0) -> 0 | W22: =IFERROR(VLOOKUP(V22,'Puntos XCC Mayor'!$A$1:$B$15,2,FALSE),0) -> 0 | Y22: =IFERROR(VLOOKUP(X22,'Puntos XCO'!$A$1:$B$63,2,FALSE),0) -> 0 | AA22: =IFERROR(VLOOKUP(Z22,'Puntos XCC Mayor'!$A$1:$B$15,2,FALSE),0) -> 0 | AC22: =IFERROR(VLOOKUP(AB22,'Puntos XCO'!$A$1:$B$63,2,FALSE),0) -> 0 | AH22: =G22+I22+K22+M22+O22+Q22+S22+U22+W22+Y22 -> 120
A23: 9 | B23: 9 | D23: GOMEZ Yailin* | E23: MANZATÉ LA SELVA NOVARIX | F23: 1 | G23: =IFERROR(VLOOKUP(F23,'Puntos XCC Mayor'!$A$1:$B$15,2,FALSE),0) -> 25 | I23: =IFERROR(VLOOKUP(H23,'Puntos XCO'!$A$1:$B$63,2,FALSE),0) -> 0 | J23: 0 | K23: =IFERROR(VLOOKUP(J23,'Puntos XCC Mayor'!$A$1:$B$15,2,FALSE),"0") -> 0 | L23: 0 | M23: =IFERROR(VLOOKUP(L23,'Puntos XCO'!$A$1:$B$63,2,FALSE),0) -> 0 | O23: =IFERROR(VLOOKUP(N23,'Puntos XCC Mayor'!$A$1:$B$15,2,FALSE),0) -> 0 | Q23: =IFERROR(VLOOKUP(P23,'Puntos XCO'!$A$1:$B$63,2,FALSE),0) -> 0 | S23: =IFERROR(VLOOKUP(R23,'Puntos XCC Mayor'!$A$1:$B$15,2,FALSE),0) -> 0 | U23: =IFERROR(VLOOKUP(T23,'Puntos XCO'!$A$1:$B$63,2,FALSE),0) -> 0 | W23: =IFERROR(VLOOKUP(V23,'Puntos XCC Mayor'!$A$1:$B$15,2,FALSE),0) -> 0 | Y23: =IFERROR(VLOOKUP(X23,'Puntos XCO'!$A$1:$B$63,2,FALSE),0) -> 0 | AA23: =IFERROR(VLOOKUP(Z23,'Puntos XCC Mayor'!$A$1:$B$15,2,FALSE),0) -> 0 | AC23: =IFERROR(VLOOKUP(AB23,'Puntos XCO'!$A$1:$B$63,2,FALSE),0) -> 0 | AH23: =G23+I23+K23+M23+O23+Q23+S23+U23+W23+Y23 -> 25
A24: 10 | B24: 10 | D24: VARGAS Naomy* | E24: MANZATÉ LA SELVA NOVARIX | F24: 2 | G24: =IFERROR(VLOOKUP(F24,'Puntos XCC Mayor'!$A$1:$B$15,2,FALSE),0) -> 20 | I24: =IFERROR(VLOOKUP(H24,'Puntos XCO'!$A$1:$B$63,2,FALSE),0) -> 0 | J24: 0 | K24: =IFERROR(VLOOKUP(J24,'Puntos XCC Mayor'!$A$1:$B$15,2,FALSE),"0") -> 0 | L24: 0 | M24: =IFERROR(VLOOKUP(L24,'Puntos XCO'!$A$1:$B$63,2,FALSE),0) -> 0 | O24: =IFERROR(VLOOKUP(N24,'Puntos XCC Mayor'!$A$1:$B$15,2,FALSE),0) -> 0 | Q24: =IFERROR(VLOOKUP(P24,'Puntos XCO'!$A$1:$B$63,2,FALSE),0) -> 0 | S24: =IFERROR(VLOOKUP(R24,'Puntos XCC Mayor'!$A$1:$B$15,2,FALSE),0) -> 0 | U24: =IFERROR(VLOOKUP(T24,'Puntos XCO'!$A$1:$B$63,2,FALSE),0) -> 0 | W24: =IFERROR(VLOOKUP(V24,'Puntos XCC Mayor'!$A$1:$B$15,2,FALSE),0) -> 0 | Y24: =IFERROR(VLOOKUP(X24,'Puntos XCO'!$A$1:$B$63,2,FALSE),0) -> 0 | AA24: =IFERROR(VLOOKUP(Z24,'Puntos XCC Mayor'!$A$1:$B$15,2,FALSE),0) -> 0 | AC24: =IFERROR(VLOOKUP(AB24,'Puntos XCO'!$A$1:$B$63,2,FALSE),0) -> 0 | AH24: =G24+I24+K24+M24+O24+Q24+S24+U24+W24+Y24 -> 20

Sheet JM
A8: JUVENIL MASCULINO (17-18)
A10: 1 - Finca Grupo Orosi >21 y 22 febrero 2 - Parque La Libertad Desamparados > 28 y 29 marzo 3 - Adventure Park > 16 y 17 mayo 4 - Finca La Hisopa San Pedro de Turrubares > 13 y 14 junio
A11: 5 - Campamento Oikoumene, Ochomogo > 18 y 19 julio 6 - Finca Grupo Orosi, Paraiso > 12 y 13 setiembre 7 - Parque Recreativo Sarapiqui > 31 Oct y 01 Nov
A13: POSICION | F13: 1 | J13: 2 | N13: 3 | R13: 4 | V13: 5 | Z13: 6 | AD13: 7 | AH13: TOTAL PUNTOS
A14: ACTUAL | B14: ANTERIOR | C14: NO | D14: NOMBRE | E14: EQUIPO | F14: POS XCC | G14: PTOS XCC | H14: POS XCO | I14: PTOS XCO | J14: POS XCC | K14: PTOS XCC | L14: POS XCO | M14: PTOS XCO | N14: POS XCC | O14: PTOS XCC | P14: POS XCO | Q14: PTOS XCO | R14: POS XCC | S14: PTOS XCC | T14: POS XCO | U14: PTOS XCO | V14: POS XCC | W14: PTOS XCC | X14: POS XCO | Y14: PTOS XCO | Z14: POS XCC | AA14: PTOS XCC | AB14: POS XCO | AC14: PTOS XCO | AD14: POS XCC | AE14: PTOS XCC | AF14: POS XCO | AG14: PTOS XCO
A15: 1 | B15: 1 | C15: 103 | D15: ACUÑA Alejandro | E15: BOBBYS CYCLING TEAM | F15: 3 | G15: 8 | H15: 3 | I15: 120 | J15: 3 | K15: 8 | L15: 1 | M15: 200 | O15: =IFERROR(VLOOKUP(N15,'Puntos XCC Menor'!$A$1:$B$15,2,FALSE),0) -> 0 | P15: 2 | Q15: =IFERROR(VLOOKUP(P15,'Puntos XCO'!$A$1:$B$63,2,FALSE),0) -> 150 | R15: 1 | S15: =IFERROR(VLOOKUP(R15,'Puntos XCC Menor'!$A$1:$B$15,2,FALSE),0) -> 10 | T15: 1 | U15: =IFERROR(VLOOKUP(T15,'Puntos XCO'!$A$1:$B$63,2,FALSE),0) -> 200 | V15: 2 | W15: =IFERROR(VLOOKUP(V15,'Puntos XCC Mayor'!$A$1:$B$15,2,FALSE),0) -> 20 | X15: 1 | Y15: =IFERROR(VLOOKUP(X15,'Puntos XCO'!$A$1:$B$63,2,FALSE),0) -> 200 | Z15: =IFERROR(VLOOKUP($C15,RESXCC_1,9,FALSE),0) -> 1 | AA15: =IFERROR(VLOOKUP(Z15,'Puntos XCC Mayor'!$A$1:$B$15,2,FALSE),0) -> 25 | AB15: =IFERROR(VLOOKUP($C15,RESXCO,9,FALSE),0) -> 0 | AC15: =IFERROR(VLOOKUP(AB15,'Puntos XCO'!$A$1:$B$63,2,FALSE),0) -> 0 | AH15: =G15+I15+K15+M15+O15+Q15+S15+U15+W15+Y15+AA15+AC15+AE15+AG15 -> 941
A16: 2 | B16: 2 | C16: 105 | D16: ULATE Joshua* | E16: MECATRONICS / MCT COMPONENTS | F16: 4 | G16: 7 | H16: 2 | I16: 150 | J16: 4 | K16: 7 | L16: 3 | M16: 120 | O16: =IFERROR(VLOOKUP(N16,'Puntos XCC Menor'!$A$1:$B$15,2,FALSE),0) -> 0 | P16: 5 | Q16: =IFERROR(VLOOKUP(P16,'Puntos XCO'!$A$1:$B$63,2,FALSE),0) -> 100 | R16: 2 | S16: =IFERROR(VLOOKUP(R16,'Puntos XCC Menor'!$A$1:$B$15,2,FALSE),0) -> 9 | T16: 2 | U16: =IFERROR(VLOOKUP(T16,'Puntos XCO'!$A$1:$B$63,2,FALSE),0) -> 150 | V16: 0 | W16: =IFERROR(VLOOKUP(V16,'Puntos XCC Mayor'!$A$1:$B$15,2,FALSE),0) -> 0 | X16: 2 | Y16: =IFERROR(VLOOKUP(X16,'Puntos XCO'!$A$1:$B$63,2,FALSE),0) -> 150 | Z16: =IFERROR(VLOOKUP($C16,RESXCC_1,9,FALSE),0) -> 5 | AA16: =IFERROR(VLOOKUP(Z16,'Puntos XCC Mayor'!$A$1:$B$15,2,FALSE),0) -> 12 | AB16: =IFERROR(VLOOKUP($C16,RESXCO,9,FALSE),0) -> 3 | AC16: =IFERROR(VLOOKUP(AB16,'Puntos XCO'!$A$1:$B$63,2,FALSE),0) -> 120 | AH16: =G16+I16+K16+M16+O16+Q16+S16+U16+W16+Y16+AA16+AC16+AE16+AG16 -> 825
A17: 3 | B17: 3 | C17: 104 | D17: NARANJO Didier | E17: COLONO BIKE STATION KOLBI | F17: 1 | G17: 10 | H17: 4 | I17: 110 | J17: 1 | K17: 10 | L17: 2 | M17: 150 | O17: =IFERROR(VLOOKUP(N17,'Puntos XCC Menor'!$A$1:$B$15,2,FALSE),0) -> 0 | P17: 6 | Q17: =IFERROR(VLOOKUP(P17,'Puntos XCO'!$A$1:$B$63,2,FALSE),0) -> 95 | R17: 5 | S17: =IFERROR(VLOOKUP(R17,'Puntos XCC Menor'!$A$1:$B$15,2,FALSE),0) -> 6 | T17: 5 | U17: =IFERROR(VLOOKUP(T17,'Puntos XCO'!$A$1:$B$63,2,FALSE),0) -> 100 | V17: 1 | W17: =IFERROR(VLOOKUP(V17,'Puntos XCC Mayor'!$A$1:$B$15,2,FALSE),0) -> 25 | X17: 5 | Y17: =IFERROR(VLOOKUP(X17,'Puntos XCO'!$A$1:$B$63,2,FALSE),0) -> 100 | Z17: =IFERROR(VLOOKUP($C17,RESXCC_1,9,FALSE),0) -> 4 | AA17: =IFERROR(VLOOKUP(Z17,'Puntos XCC Mayor'!$A$1:$B$15,2,FALSE),0) -> 14 | AB17: =IFERROR(VLOOKUP($C17,RESXCO,9,FALSE),0) -> 4 | AC17: =IFERROR(VLOOKUP(AB17,'Puntos XCO'!$A$1:$B$63,2,FALSE),0) -> 110 | AH17: =G17+I17+K17+M17+O17+Q17+S17+U17+W17+Y17+AA17+AC17+AE17+AG17 -> 730
A18: 4 | B18: 4 | C18: 158 | D18: QUIRÓS Neythan Yariel | E18: Ccdr Matina Ciclo Salas Bataan | F18: 2 | G18: 9 | H18: 1 | I18: 200 | J18: 2 | K18: 9 | L18: 4 | M18: 110 | O18: =IFERROR(VLOOKUP(N18,'Puntos XCC Menor'!$A$1:$B$15,2,FALSE),0) -> 0 | Q18: =IFERROR(VLOOKUP(P18,'Puntos XCO'!$A$1:$B$63,2,FALSE),0) -> 0 | R18: 3 | S18: =IFERROR(VLOOKUP(R18,'Puntos XCC Menor'!$A$1:$B$15,2,FALSE),0) -> 8 | T18: 8 | U18: =IFERROR(VLOOKUP(T18,'Puntos XCO'!$A$1:$B$63,2,FALSE),0) -> 85 | V18: 3 | W18: =IFERROR(VLOOKUP(V18,'Puntos XCC Mayor'!$A$1:$B$15,2,FALSE),0) -> 16 | X18: 3 | Y18: =IFERROR(VLOOKUP(X18,'Puntos XCO'!$A$1:$B$63,2,FALSE),0) -> 120 | Z18: =IFERROR(VLOOKUP($C18,RESXCC_1,9,FALSE),0) -> 8 | AA18: =IFERROR(VLOOKUP(Z18,'Puntos XCC Mayor'!$A$1:$B$15,2,FALSE),0) -> 8 | AB18: =IFERROR(VLOOKUP($C18,RESXCO,9,FALSE),0) -> 6 | AC18: =IFERROR(VLOOKUP(AB18,'Puntos XCO'!$A$1:$B$63,2,FALSE),0) -> 95 | AH18: =G18+I18+K18+M18+O18+Q18+S18+U18+W18+Y18+AA18+AC18+AE18+AG18 -> 660
A19: 5 | B19: 5 | C19: 106 | D19: MANZANARES Leandro | E19: CODEA DE ALAJUELA | F19: 5 | G19: 6 | H19: 5 | I19: 100 | J19: 6 | K19: 5 | L19: 17 | M19: 64 | O19: =IFERROR(VLOOKUP(N19,'Puntos XCC Menor'!$A$1:$B$15,2,FALSE),0) -> 0 | P19: 15 | Q19: =IFERROR(VLOOKUP(P19,'Puntos XCO'!$A$1:$B$63,2,FALSE),0) -> 68 | R19: 4 | S19: =IFERROR(VLOOKUP(R19,'Puntos XCC Menor'!$A$1:$B$15,2,FALSE),0) -> 7 | T19: 3 | U19: =IFERROR(VLOOKUP(T19,'Puntos XCO'!$A$1:$B$63,2,FALSE),0) -> 120 | V19: 31 | W19: =IFERROR(VLOOKUP(V19,'Puntos XCC Mayor'!$A$1:$B$15,2,FALSE),0) -> 0 | X19: 4 | Y19: =IFERROR(VLOOKUP(X19,'Puntos XCO'!$A$1:$B$63,2,FALSE),0) -> 110 | Z19: =IFERROR(VLOOKUP($C19,RESXCC_1,9,FALSE),0) -> 3 | AA19: =IFERROR(VLOOKUP(Z19,'Puntos XCC Mayor'!$A$1:$B$15,2,FALSE),0) -> 16 | AB19: =IFERROR(VLOOKUP($C19,RESXCO,9,FALSE),0) -> 2 | AC19: =IFERROR(VLOOKUP(AB19,'Puntos XCO'!$A$1:$B$63,2,FALSE),0) -> 150 | AH19: =G19+I19+K19+M19+O19+Q19+S19+U19+W19+Y19+AA19+AC19+AE19+AG19 -> 646
A20: 6 | B20: 10 | C20: 113 | D20: AGUILAR Valentino* | E20: CCDR PARAÍSO | J20: 7 | K20: 4 | L20: 5 | M20: 100 | O20: =IFERROR(VLOOKUP(N20,'Puntos XCC Menor'!$A$1:$B$15,2,FALSE),0) -> 0 | P20: 4 | Q20: =IFERROR(VLOOKUP(P20,'Puntos XCO'!$A$1:$B$63,2,FALSE),0) -> 110 | R20: 0 | S20: =IFERROR(VLOOKUP(R20,'Puntos XCC Menor'!$A$1:$B$15,2,FALSE),0) -> 0 | T20: 4 | U20: =IFERROR(VLOOKUP(T20,'Puntos XCO'!$A$1:$B$63,2,FALSE),0) -> 110 | V20: 0 | W20: =IFERROR(VLOOKUP(V20,'Puntos XCC Mayor'!$A$1:$B$15,2,FALSE),0) -> 0 | X20: 0 | Y20: =IFERROR(VLOOKUP(X20,'Puntos XCO'!$A$1:$B$63,2,FALSE),0) -> 0 | Z20: =IFERROR(VLOOKUP($C20,RESXCC_1,9,FALSE),0) -> 2 | AA20: =IFERROR(VLOOKUP(Z20,'Puntos XCC Mayor'!$A$1:$B$15,2,FALSE),0) -> 20 | AB20: =IFERROR(VLOOKUP($C20,RESXCO,9,FALSE),0) -> 1 | AC20: =IFERROR(VLOOKUP(AB20,'Puntos XCO'!$A$1:$B$63,2,FALSE),0) -> 200 | AH20: =G20+I20+K20+M20+O20+Q20+S20+U20+W20+Y20+AA20+AC20+AE20+AG20 -> 544
A21: 7 | B21: 6 | C21: 109 | D21: VEGA Santiago | E21: CCDR DE NARANJO | F21: 12 | G21: 0 | H21: 17 | I21: 64 | J21: 11 | K21: 0 | L21: 9 | M21: 80 | O21: =IFERROR(VLOOKUP(N21,'Puntos XCC Menor'!$A$1:$B$15,2,FALSE),0) -> 0 | P21: 11 | Q21: =IFERROR(VLOOKUP(P21,'Puntos XCO'!$A$1:$B$63,2,FALSE),0) -> 76 | R21: 6 | S21: =IFERROR(VLOOKUP(R21,'Puntos XCC Menor'!$A$1:$B$15,2,FALSE),0) -> 5 | T21: 6 | U21: =IFERROR(VLOOKUP(T21,'Puntos XCO'!$A$1:$B$63,2,FALSE),0) -> 95 | V21: 5 | W21: =IFERROR(VLOOKUP(V21,'Puntos XCC Mayor'!$A$1:$B$15,2,FALSE),0) -> 12 | X21: 9 | Y21: =IFERROR(VLOOKUP(X21,'Puntos XCO'!$A$1:$B$63,2,FALSE),0) -> 80 | Z21: =IFERROR(VLOOKUP($C21,RESXCC_1,9,FALSE),0) -> 6 | AA21: =IFERROR(VLOOKUP(Z21,'Puntos XCC Mayor'!$A$1:$B$15,2,FALSE),0) -> 10 | AB21: =IFERROR(VLOOKUP($C21,RESXCO,9,FALSE),0) -> 5 | AC21: =IFERROR(VLOOKUP(AB21,'Puntos XCO'!$A$1:$B$63,2,FALSE),0) -> 100 | AH21: =G21+I21+K21+M21+O21+Q21+S21+U21+W21+Y21+AA21+AC21+AE21+AG21 -> 522
A22: 8 | B22: 7 | C22: 107 | D22: MURILLO Sebastian* | E22: INDEPENDIENTE | F22: 19 | G22: 0 | H22: 11 | I22: 76 | J22: 12 | K22: 0 | L22: 8 | M22: 85 | O22: =IFERROR(VLOOKUP(N22,'Puntos XCC Menor'!$A$1:$B$15,2,FALSE),0) -> 0 | P22: 16 | Q22: =IFERROR(VLOOKUP(P22,'Puntos XCO'!$A$1:$B$63,2,FALSE),0) -> 66 | R22: 9 | S22: =IFERROR(VLOOKUP(R22,'Puntos XCC Menor'!$A$1:$B$15,2,FALSE),0) -> 2 | T22: 13 | U22: =IFERROR(VLOOKUP(T22,'Puntos XCO'!$A$1:$B$63,2,FALSE),0) -> 72 | V22: 27 | W22: =IFERROR(VLOOKUP(V22,'Puntos XCC Mayor'!$A$1:$B$15,2,FALSE),0) -> 0 | X22: 10 | Y22: =IFERROR(VLOOKUP(X22,'Puntos XCO'!$A$1:$B$63,2,FALSE),0) -> 78 | Z22: =IFERROR(VLOOKUP($C22,RESXCC_1,9,FALSE),0) -> 9 | AA22: =IFERROR(VLOOKUP(Z22,'Puntos XCC Mayor'!$A$1:$B$15,2,FALSE),0) -> 7 | AB22: =IFERROR(VLOOKUP($C22,RESXCO,9,FALSE),0) -> 8 | AC22: =IFERROR(VLOOKUP(AB22,'Puntos XCO'!$A$1:$B$63,2,FALSE),0) -> 85 | AH22: =G22+I22+K22+M22+O22+Q22+S22+U22+W22+Y22+AA22+AC22+AE22+AG22 -> 471
A23: 9 | B23: 8 | C23: 112 | D23: FONSECA Dianey | F23: 22 | G23: 0 | H23: 14 | I23: 70 | J23: 19 | K23: 0 | L23: 16 | M23: 66 | O23: =IFERROR(VLOOKUP(N23,'Puntos XCC Menor'!$A$1:$B$15,2,FALSE),0) -> 0 | P23: 12 | Q23: =IFERROR(VLOOKUP(P23,'Puntos XCO'!$A$1:$B$63,2,FALSE),0) -> 74 | R23: 0 | S23: =IFERROR(VLOOKUP(R23,'Puntos XCC Menor'!$A$1:$B$15,2,FALSE),0) -> 0 | T23: 9 | U23: =IFERROR(VLOOKUP(T23,'Puntos XCO'!$A$1:$B$63,2,FALSE),0) -> 80 | V23: 31 | W23: =IFERROR(VLOOKUP(V23,'Puntos XCC Mayor'!$A$1:$B$15,2,FALSE),0) -> 0 | X23: 11 | Y23: =IFERROR(VLOOKUP(X23,'Puntos XCO'!$A$1:$B$63,2,FALSE),0) -> 76 | Z23: =IFERROR(VLOOKUP($C23,RESXCC_1,9,FALSE),0) -> 0 | AA23: =IFERROR(VLOOKUP(Z23,'Puntos XCC Mayor'!$A$1:$B$15,2,FALSE),0) -> 0 | AB23: =IFERROR(VLOOKUP($C23,RESXCO,9,FALSE),0) -> 17 | AC23: =IFERROR(VLOOKUP(AB23,'Puntos XCO'!$A$1:$B$63,2,FALSE),0) -> 64 | AH23: =G23+I23+K23+M23+O23+Q23+S23+U23+W23+Y23+AA23+AC23+AE23+AG23 -> 430
A24: 10 | B24: 9 | C24: 108 | D24: CASASOLA Steven | E24: TEAM CQ.PZ | F24: 7 | G24: 4 | H24: 13 | I24: 72 | J24: 10 | K24: 1 | L24: 10 | M24: 78 | O24: =IFERROR(VLOOKUP(N24,'Puntos XCC Menor'!$A$1:$B$15,2,FALSE),0) -> 0 | P24: 14 | Q24: =IFERROR(VLOOKUP(P24,'Puntos XCO'!$A$1:$B$63,2,FALSE),0) -> 70 | R24: 17 | S24: =IFERROR(VLOOKUP(R24,'Puntos XCC Menor'!$A$1:$B$15,2,FALSE),0) -> 0 | T24: 19 | U24: =IFERROR(VLOOKUP(T24,'Puntos XCO'!$A$1:$B$63,2,FALSE),0) -> 60 | V24: 22 | W24: =IFERROR(VLOOKUP(V24,'Puntos XCC Mayor'!$A$1:$B$15,2,FALSE),0) -> 0 | X24: 13 | Y24: =IFERROR(VLOOKUP(X24,'Puntos XCO'!$A$1:$B$63,2,FALSE),0) -> 72 | Z24: =IFERROR(VLOOKUP($C24,RESXCC_1,9,FALSE),0) -> 0 | AA24: =IFERROR(VLOOKUP(Z24,'Puntos XCC Mayor'!$A$1:$B$15,2,FALSE),0) -> 0 | AB24: =IFERROR(VLOOKUP($C24,RESXCO,9,FALSE),0) -> 0 | AC24: =IFERROR(VLOOKUP(AB24,'Puntos XCO'!$A$1:$B$63,2,FALSE),0) -> 0 | AH24: =G24+I24+K24+M24+O24+Q24+S24+U24+W24+Y24+AA24+AC24+AE24+AG24 -> 357
A25: 11 | B25: 14 | C25: 110 | D25: CAMPOS Matías | E25: PZ CICLYNG TEAM | F25: 20 | G25: 0 | H25: 18 | I25: 62 | J25: 9 | K25: 2 | L25: 11 | M25: 76 | O25: =IFERROR(VLOOKUP(N25,'Puntos XCC Menor'!$A$1:$B$15,2,FALSE),0) -> 0 | Q25: =IFERROR(VLOOKUP(P25,'Puntos XCO'!$A$1:$B$63,2,FALSE),0) -> 0 | R25: 7 | S25: =IFERROR(VLOOKUP(R25,'Puntos XCC Menor'!$A$1:$B$15,2,FALSE),0) -> 4 | T25: 21 | U25: =IFERROR(VLOOKUP(T25,'Puntos XCO'!$A$1:$B$63,2,FALSE),0) -> 56 | V25: 28 | W25: =IFERROR(VLOOKUP(V25,'Puntos XCC Mayor'!$A$1:$B$15,2,FALSE),0) -> 0 | X25: 23 | Y25: =IFERROR(VLOOKUP(X25,'Puntos XCO'!$A$1:$B$63,2,FALSE),0) -> 52 | Z25: =IFERROR(VLOOKUP($C25,RESXCC_1,9,FALSE),0) -> 7 | AA25: =IFERROR(VLOOKUP(Z25,'Puntos XCC Mayor'!$A$1:$B$15,2,FALSE),0) -> 9 | AB25: =IFERROR(VLOOKUP($C25,RESXCO,9,FALSE),0) -> 11 | AC25: =IFERROR(VLOOKUP(AB25,'Puntos XCO'!$A$1:$B$63,2,FALSE),0) -> 76 | AH25: =G25+I25+K25+M25+O25+Q25+S25+U25+W25+Y25+AA25+AC25+AE25+AG25 -> 337
A26: 12 | B26: 15 | C26: 160 | D26: NUÑEZ Axell* | E26: COMITÉ DE SANTA ANA | F26: 29 | G26: 0 | H26: 21 | I26: 56 | J26: 28 | K26: 0 | L26: 25 | M26: 48 | O26: =IFERROR(VLOOKUP(N26,'Puntos XCC Menor'!$A$1:$B$15,2,FALSE),0) -> 0 | Q26: =IFERROR(VLOOKUP(P26,'Puntos XCO'!$A$1:$B$63,2,FALSE),0) -> 0 | R26: 16 | S26: =IFERROR(VLOOKUP(R26,'Puntos XCC Menor'!$A$1:$B$15,2,FALSE),0) -> 0 | T26: 14 | U26: =IFERROR(VLOOKUP(T26,'Puntos XCO'!$A$1:$B$63,2,FALSE),0) -> 70 | V26: 29 | W26: =IFERROR(VLOOKUP(V26,'Puntos XCC Mayor'!$A$1:$B$15,2,FALSE),0) -> 0 | X26: 12 | Y26: =IFERROR(VLOOKUP(X26,'Puntos XCO'!$A$1:$B$63,2,FALSE),0) -> 74 | Z26: =IFERROR(VLOOKUP($C26,RESXCC_1,9,FALSE),0) -> 12 | AA26: =IFERROR(VLOOKUP(Z26,'Puntos XCC Mayor'!$A$1:$B$15,2,FALSE),0) -> 4 | AB26: =IFERROR(VLOOKUP($C26,RESXCO,9,FALSE),0) -> 9 | AC26: =IFERROR(VLOOKUP(AB26,'Puntos XCO'!$A$1:$B$63,2,FALSE),0) -> 80 | AH26: =G26+I26+K26+M26+O26+Q26+S26+U26+W26+Y26+AA26+AC26+AE26+AG26 -> 332
A27: 13 | B27: 12 | C27: 114 | D27: FALCÓN Fernando* | E27: CICLISMO BELÉN | F27: 21 | G27: 0 | H27: 31 | I27: 36 | J27: 25 | K27: 0 | L27: 21 | M27: 56 | O27: =IFERROR(VLOOKUP(N27,'Puntos XCC Menor'!$A$1:$B$15,2,FALSE),0) -> 0 | P27: 23 | Q27: =IFERROR(VLOOKUP(P27,'Puntos XCO'!$A$1:$B$63,2,FALSE),0) -> 52 | R27: 20 | S27: =IFERROR(VLOOKUP(R27,'Puntos XCC Menor'!$A$1:$B$15,2,FALSE),0) -> 0 | T27: 23 | U27: =IFERROR(VLOOKUP(T27,'Puntos XCO'!$A$1:$B$63,2,FALSE),0) -> 52 | V27: 16 | W27: =IFERROR(VLOOKUP(V27,'Puntos XCC Mayor'!$A$1:$B$15,2,FALSE),0) -> 0 | X27: 20 | Y27: =IFERROR(VLOOKUP(X27,'Puntos XCO'!$A$1:$B$63,2,FALSE),0) -> 58 | Z27: =IFERROR(VLOOKUP($C27,RESXCC_1,9,FALSE),0) -> 18 | AA27: =IFERROR(VLOOKUP(Z27,'Puntos XCC Mayor'!$A$1:$B$15,2,FALSE),0) -> 0 | AB27: =IFERROR(VLOOKUP($C27,RESXCO,9,FALSE),0) -> 22 | AC27: =IFERROR(VLOOKUP(AB27,'Puntos XCO'!$A$1:$B$63,2,FALSE),0) -> 54 | AH27: =G27+I27+K27+M27+O27+Q27+S27+U27+W27+Y27+AA27+AC27+AE27+AG27 -> 308
A28: 14 | B28: 17 | C28: 119 | D28: MENESES Cesar* | E28: CCDR PARAÍSO | F28: 24 | G28: 0 | H28: 29 | I28: 40 | J28: 23 | K28: 0 | L28: 26 | M28: 46 | O28: =IFERROR(VLOOKUP(N28,'Puntos XCC Menor'!$A$1:$B$15,2,FALSE),0) -> 0 | P28: 21 | Q28: =IFERROR(VLOOKUP(P28,'Puntos XCO'!$A$1:$B$63,2,FALSE),0) -> 56 | R28: 0 | S28: =IFERROR(VLOOKUP(R28,'Puntos XCC Menor'!$A$1:$B$15,2,FALSE),0) -> 0 | T28: 0 | U28: =IFERROR(VLOOKUP(T28,'Puntos XCO'!$A$1:$B$63,2,FALSE),0) -> 0 | V28: 0 | W28: =IFERROR(VLOOKUP(V28,'Puntos XCC Mayor'!$A$1:$B$15,2,FALSE),0) -> 0 | X28: 15 | Y28: =IFERROR(VLOOKUP(X28,'Puntos XCO'!$A$1:$B$63,2,FALSE),0) -> 68 | Z28: =IFERROR(VLOOKUP($C28,RESXCC_1,9,FALSE),0) -> 19 | AA28: =IFERROR(VLOOKUP(Z28,'Puntos XCC Mayor'!$A$1:$B$15,2,FALSE),0) -> 0 | AB28: =IFERROR(VLOOKUP($C28,RESXCO,9,FALSE),0) -> 14 | AC28: =IFERROR(VLOOKUP(AB28,'Puntos XCO'!$A$1:$B$63,2,FALSE),0) -> 70 | AH28: =G28+I28+K28+M28+O28+Q28+S28+U28+W28+Y28+AA28+AC28+AE28+AG28 -> 280
A29: 15 | B29: 19 | C29: 132 | D29: OROZCO Aaron Felipe* | E29: CDR CERVANTES | F29: 23 | G29: 0 | H29: 10 | I29: 78 | J29: 22 | K29: 0 | L29: 19 | M29: 60 | O29: =IFERROR(VLOOKUP(N29,'Puntos XCC Menor'!$A$1:$B$15,2,FALSE),0) -> 0 | Q29: =IFERROR(VLOOKUP(P29,'Puntos XCO'!$A$1:$B$63,2,FALSE),0) -> 0 | R29: 0 | S29: =IFERROR(VLOOKUP(R29,'Puntos XCC Menor'!$A$1:$B$15,2,FALSE),0) -> 0 | T29: 18 | U29: =IFERROR(VLOOKUP(T29,'Puntos XCO'!$A$1:$B$63,2,FALSE),0) -> 62 | V29: 0 | W29: =IFERROR(VLOOKUP(V29,'Puntos XCC Mayor'!$A$1:$B$15,2,FALSE),0) -> 0 | X29: 0 | Y29: =IFERROR(VLOOKUP(X29,'Puntos XCO'!$A$1:$B$63,2,FALSE),0) -> 0 | Z29: =IFERROR(VLOOKUP($C29,RESXCC_1,9,FALSE),0) -> 15 | AA29: =IFERROR(VLOOKUP(Z29,'Puntos XCC Mayor'!$A$1:$B$15,2,FALSE),0) -> 1 | AB29: =IFERROR(VLOOKUP($C29,RESXCO,9,FALSE),0) -> 16 | AC29: =IFERROR(VLOOKUP(AB29,'Puntos XCO'!$A$1:$B$63,2,FALSE),0) -> 66 | AH29: =G29+I29+K29+M29+O29+Q29+S29+U29+W29+Y29+AA29+AC29+AE29+AG29 -> 267
A30: 16 | B30: 11 | C30: 142 | D30: GOMEZ Allan | E30: VQ ATHLETIC | F30: 17 | G30: 0 | H30: 0 | I30: 0 | J30: 15 | K30: 0 | L30: 12 | M30: 74 | O30: =IFERROR(VLOOKUP(N30,'Puntos XCC Menor'!$A$1:$B$15,2,FALSE),0) -> 0 | Q30: =IFERROR(VLOOKUP(P30,'Puntos XCO'!$A$1:$B$63,2,FALSE),0) -> 0 | R30: 8 | S30: =IFERROR(VLOOKUP(R30,'Puntos XCC Menor'!$A$1:$B$15,2,FALSE),0) -> 3 | T30: 7 | U30: =IFERROR(VLOOKUP(T30,'Puntos XCO'!$A$1:$B$63,2,FALSE),0) -> 90 | V30: 6 | W30: =IFERROR(VLOOKUP(V30,'Puntos XCC Mayor'!$A$1:$B$15,2,FALSE),0) -> 10 | X30: 8 | Y30: =IFERROR(VLOOKUP(X30,'Puntos XCO'!$A$1:$B$63,2,FALSE),0) -> 85 | Z30: =IFERROR(VLOOKUP($C30,RESXCC_1,9,FALSE),0) -> 0 | AA30: =IFERROR(VLOOKUP(Z30,'Puntos XCC Mayor'!$A$1:$B$15,2,FALSE),0) -> 0 | AB30: =IFERROR(VLOOKUP($C30,RESXCO,9,FALSE),0) -> 0 | AC30: =IFERROR(VLOOKUP(AB30,'Puntos XCO'!$A$1:$B$63,2,FALSE),0) -> 0 | AH30: =G30+I30+K30+M30+O30+Q30+S30+U30+W30+Y30+AA30+AC30+AE30+AG30 -> 262
A31: 17 | B31: 22 | C31: 163 | D31: UMAÑA Devis* | E31: CCDR DESAMPARADOS BIKE CAFE | F31: 13 | G31: 0 | H31: 0 | I31: 0 | J31: 20 | K31: 0 | L31: 22 | M31: 54 | O31: =IFERROR(VLOOKUP(N31,'Puntos XCC Menor'!$A$1:$B$15,2,FALSE),0) -> 0 | Q31: =IFERROR(VLOOKUP(P31,'Puntos XCO'!$A$1:$B$63,2,FALSE),0) -> 0 | R31: 23 | S31: =IFERROR(VLOOKUP(R31,'Puntos XCC Menor'!$A$1:$B$15,2,FALSE),0) -> 0 | T31: 15 | U31: =IFERROR(VLOOKUP(T31,'Puntos XCO'!$A$1:$B$63,2,FALSE),0) -> 68 | V31: 25 | W31: =IFERROR(VLOOKUP(V31,'Puntos XCC Mayor'!$A$1:$B$15,2,FALSE),0) -> 0 | X31: 18 | Y31: =IFERROR(VLOOKUP(X31,'Puntos XCO'!$A$1:$B$63,2,FALSE),0) -> 62 | Z31: =IFERROR(VLOOKUP($C31,RESXCC_1,9,FALSE),0) -> 20 | AA31: =IFERROR(VLOOKUP(Z31,'Puntos XCC Mayor'!$A$1:$B$15,2,FALSE),0) -> 0 | AB31: =IFERROR(VLOOKUP($C31,RESXCO,9,FALSE),0) -> 10 | AC31: =IFERROR(VLOOKUP(AB31,'Puntos XCO'!$A$1:$B$63,2,FALSE),0) -> 78 | AH31: =G31+I31+K31+M31+O31+Q31+S31+U31+W31+Y31+AA31+AC31+AE31+AG31 -> 262
A32: 18 | B32: 21 | C32: 120 | D32: ARAYA Luis | E32: CODEA ALAJUELA | F32: 28 | G32: 0 | H32: 19 | I32: 60 | J32: 0 | K32: 0 | L32: 0 | M32: 0 | O32: =IFERROR(VLOOKUP(N32,'Puntos XCC Menor'!$A$1:$B$15,2,FALSE),0) -> 0 | P32: 20 | Q32: =IFERROR(VLOOKUP(P32,'Puntos XCO'!$A$1:$B$63,2,FALSE),0) -> 58 | R32: 14 | S32: =IFERROR(VLOOKUP(R32,'Puntos XCC Menor'!$A$1:$B$15,2,FALSE),0) -> 0 | T32: 16 | U32: =IFERROR(VLOOKUP(T32,'Puntos XCO'!$A$1:$B$63,2,FALSE),0) -> 66 | V32: 15 | W32: =IFERROR(VLOOKUP(V32,'Puntos XCC Mayor'!$A$1:$B$15,2,FALSE),0) -> 1 | X32: 0 | Y32: =IFERROR(VLOOKUP(X32,'Puntos XCO'!$A$1:$B$63,2,FALSE),0) -> 0 | Z32: =IFERROR(VLOOKUP($C32,RESXCC_1,9,FALSE),0) -> 16 | AA32: =IFERROR(VLOOKUP(Z32,'Puntos XCC Mayor'!$A$1:$B$15,2,FALSE),0) -> 0 | AB32: =IFERROR(VLOOKUP($C32,RESXCO,9,FALSE),0) -> 15 | AC32: =IFERROR(VLOOKUP(AB32,'Puntos XCO'!$A$1:$B$63,2,FALSE),0) -> 68 | AH32: =G32+I32+K32+M32+O32+Q32+S32+U32+W32+Y32+AA32+AC32+AE32+AG32 -> 253
A33: 19 | B33: 13 | C33: 126 | D33: SOTO Cristian* | E33: CCDR ESCAZU | O33: =IFERROR(VLOOKUP(N33,'Puntos XCC Menor'!$A$1:$B$15,2,FALSE),0) -> 0 | P33: 9 | Q33: =IFERROR(VLOOKUP(P33,'Puntos XCO'!$A$1:$B$63,2,FALSE),0) -> 80 | R33: 10 | S33: =IFERROR(VLOOKUP(R33,'Puntos XCC Menor'!$A$1:$B$15,2,FALSE),0) -> 1 | T33: 11 | U33: =IFERROR(VLOOKUP(T33,'Puntos XCO'!$A$1:$B$63,2,FALSE),0) -> 76 | V33: 30 | W33: =IFERROR(VLOOKUP(V33,'Puntos XCC Mayor'!$A$1:$B$15,2,FALSE),0) -> 0 | X33: 6 | Y33: =IFERROR(VLOOKUP(X33,'Puntos XCO'!$A$1:$B$63,2,FALSE),0) -> 95 | Z33: =IFERROR(VLOOKUP($C33,RESXCC_1,9,FALSE),0) -> 0 | AA33: =IFERROR(VLOOKUP(Z33,'Puntos XCC Mayor'!$A$1:$B$15,2,FALSE),0) -> 0 | AB33: =IFERROR(VLOOKUP($C33,RESXCO,9,FALSE),0) -> 0 | AC33: =IFERROR(VLOOKUP(AB33,'Puntos XCO'!$A$1:$B$63,2,FALSE),0) -> 0 | AH33: =G33+I33+K33+M33+O33+Q33+S33+U33+W33+Y33+AA33+AC33+AE33+AG33 -> 252
A34: 20 | B34: 32 | C34: 131 | D34: BARBOZA Mathias * | E34: CDR CERVANTES | F34: 10 | G34: 1 | H34: 6 | I34: 95 | J34: 0 | K34: 0 | L34: 24 | M34: 50 | O34: =IFERROR(VLOOKUP(N34,'Puntos XCC Menor'!$A$1:$B$15,2,FALSE),0) -> 0 | Q34: =IFERROR(VLOOKUP(P34,'Puntos XCO'!$A$1:$B$63,2,FALSE),0) -> 0 | R34: 0 | S34: =IFERROR(VLOOKUP(R34,'Puntos XCC Menor'!$A$1:$B$15,2,FALSE),0) -> 0 | T34: 0 | U34: =IFERROR(VLOOKUP(T34,'Puntos XCO'!$A$1:$B$63,2,FALSE),0) -> 0 | V34: 0 | W34: =IFERROR(VLOOKUP(V34,'Puntos XCC Mayor'!$A$1:$B$15,2,FALSE),0) -> 0 | X34: 0 | Y34: =IFERROR(VLOOKUP(X34,'Puntos XCO'!$A$1:$B$63,2,FALSE),0) -> 0 | Z34: =IFERROR(VLOOKUP($C34,RESXCC_1,9,FALSE),0) -> 11 | AA34: =IFERROR(VLOOKUP(Z34,'Puntos XCC Mayor'!$A$1:$B$15,2,FALSE),0) -> 5 | AB34: =IFERROR(VLOOKUP($C34,RESXCO,9,FALSE),0) -> 7 | AC34: =IFERROR(VLOOKUP(AB34,'Puntos XCO'!$A$1:$B$63,2,FALSE),0) -> 90 | AH34: =G34+I34+K34+M34+O34+Q34+S34+U34+W34+Y34+AA34+AC34+AE34+AG34 -> 241
A35: 21 | B35: 16 | C35: 121 | D35: CAMPOS Kevin Andrey | E35: NUMU COACHING | J35: 33 | K35: 0 | L35: 27 | M35: 44 | O35: =IFERROR(VLOOKUP(N35,'Puntos XCC Menor'!$A$1:$B$15,2,FALSE),0) -> 0 | P35: 17 | Q35: =IFERROR(VLOOKUP(P35,'Puntos XCO'!$A$1:$B$63,2,FALSE),0) -> 64 | R35: 11 | S35: =IFERROR(VLOOKUP(R35,'Puntos XCC Menor'!$A$1:$B$15,2,FALSE),0) -> 0 | T35: 12 | U35: =IFERROR(VLOOKUP(T35,'Puntos XCO'!$A$1:$B$63,2,FALSE),0) -> 74 | V35: 14 | W35: =IFERROR(VLOOKUP(V35,'Puntos XCC Mayor'!$A$1:$B$15,2,FALSE),0) -> 2 | X35: 21 | Y35: =IFERROR(VLOOKUP(X35,'Puntos XCO'!$A$1:$B$63,2,FALSE),0) -> 56 | Z35: =IFERROR(VLOOKUP($C35,RESXCC_1,9,FALSE),0) -> 0 | AA35: =IFERROR(VLOOKUP(Z35,'Puntos XCC Mayor'!$A$1:$B$15,2,FALSE),0) -> 0 | AB35: =IFERROR(VLOOKUP($C35,RESXCO,9,FALSE),0) -> 0 | AC35: =IFERROR(VLOOKUP(AB35,'Puntos XCO'!$A$1:$B$63,2,FALSE),0) -> 0 | AH35: =G35+I35+K35+M35+O35+Q35+S35+U35+W35+Y35+AA35+AC35+AE35+AG35 -> 240
A36: 22 | B36: 25 | C36: 162 | D36: QUESADA Jerald Jesus* | E36: CCDRESCAZU | F36: 33 | G36: 0 | H36: 23 | I36: 52 | J36: 41 | K36: 0 | L36: 42 | M36: 22 | O36: =IFERROR(VLOOKUP(N36,'Puntos XCC Menor'!$A$1:$B$15,2,FALSE),0) -> 0 | Q36: =IFERROR(VLOOKUP(P36,'Puntos XCO'!$A$1:$B$63,2,FALSE),0) -> 0 | R36: 22 | S36: =IFERROR(VLOOKUP(R36,'Puntos XCC Menor'!$A$1:$B$15,2,FALSE),0) -> 0 | T36: 22 | U36: =IFERROR(VLOOKUP(T36,'Puntos XCO'!$A$1:$B$63,2,FALSE),0) -> 54 | V36: 28 | W36: =IFERROR(VLOOKUP(V36,'Puntos XCC Mayor'!$A$1:$B$15,2,FALSE),0) -> 0 | X36: 27 | Y36: =IFERROR(VLOOKUP(X36,'Puntos XCO'!$A$1:$B$63,2,FALSE),0) -> 44 | Z36: =IFERROR(VLOOKUP($C36,RESXCC_1,9,FALSE),0) -> 23 | AA36: =IFERROR(VLOOKUP(Z36,'Puntos XCC Mayor'!$A$1:$B$15,2,FALSE),0) -> 0 | AB36: =IFERROR(VLOOKUP($C36,RESXCO,9,FALSE),0) -> 19 | AC36: =IFERROR(VLOOKUP(AB36,'Puntos XCO'!$A$1:$B$63,2,FALSE),0) -> 60 | AH36: =G36+I36+K36+M36+O36+Q36+S36+U36+W36+Y36+AA36+AC36+AE36+AG36 -> 232
A37: 23 | B37: 30 | C37: 147 | D37: CORRALES Isaac | E37: SCOTT SHIMANO CYCLING TEAM | F37: 35 | G37: 0 | H37: 24 | I37: 50 | J37: 31 | K37: 0 | L37: 29 | M37: 40 | O37: =IFERROR(VLOOKUP(N37,'Puntos XCC Menor'!$A$1:$B$15,2,FALSE),0) -> 0 | Q37: =IFERROR(VLOOKUP(P37,'Puntos XCO'!$A$1:$B$63,2,FALSE),0) -> 0 | R37: 12 | S37: =IFERROR(VLOOKUP(R37,'Puntos XCC Menor'!$A$1:$B$15,2,FALSE),0) -> 0 | T37: 0 | U37: =IFERROR(VLOOKUP(T37,'Puntos XCO'!$A$1:$B$63,2,FALSE),0) -> 0 | V37: 19 | W37: =IFERROR(VLOOKUP(V37,'Puntos XCC Mayor'!$A$1:$B$15,2,FALSE),0) -> 0 | X37: 17 | Y37: =IFERROR(VLOOKUP(X37,'Puntos XCO'!$A$1:$B$63,2,FALSE),0) -> 64 | Z37: =IFERROR(VLOOKUP($C37,RESXCC_1,9,FALSE),0) -> 13 | AA37: =IFERROR(VLOOKUP(Z37,'Puntos XCC Mayor'!$A$1:$B$15,2,FALSE),0) -> 3 | AB37: =IFERROR(VLOOKUP($C37,RESXCO,9,FALSE),0) -> 12 | AC37: =IFERROR(VLOOKUP(AB37,'Puntos XCO'!$A$1:$B$63,2,FALSE),0) -> 74 | AH37: =G37+I37+K37+M37+O37+Q37+S37+U37+W37+Y37+AA37+AC37+AE37+AG37 -> 231
A38: 24 | B38: 26 | C38: 166 | D38: GAMBOA Elian* | E38: CCDR PARAÍSO | F38: 32 | G38: 0 | H38: 32 | I38: 34 | J38: 17 | K38: 0 | L38: 13 | M38: 72 | O38: =IFERROR(VLOOKUP(N38,'Puntos XCC Menor'!$A$1:$B$15,2,FALSE),0) -> 0 | Q38: =IFERROR(VLOOKUP(P38,'Puntos XCO'!$A$1:$B$63,2,FALSE),0) -> 0 | R38: 0 | S38: =IFERROR(VLOOKUP(R38,'Puntos XCC Menor'!$A$1:$B$15,2,FALSE),0) -> 0 | T38: 0 | U38: =IFERROR(VLOOKUP(T38,'Puntos XCO'!$A$1:$B$63,2,FALSE),0) -> 0 | V38: 23 | W38: =IFERROR(VLOOKUP(V38,'Puntos XCC Mayor'!$A$1:$B$15,2,FALSE),0) -> 0 | X38: 19 | Y38: =IFERROR(VLOOKUP(X38,'Puntos XCO'!$A$1:$B$63,2,FALSE),0) -> 60 | Z38: =IFERROR(VLOOKUP($C38,RESXCC_1,9,FALSE),0) -> 0 | AA38: =IFERROR(VLOOKUP(Z38,'Puntos XCC Mayor'!$A$1:$B$15,2,FALSE),0) -> 0 | AB38: =IFERROR(VLOOKUP($C38,RESXCO,9,FALSE),0) -> 21 | AC38: =IFERROR(VLOOKUP(AB38,'Puntos XCO'!$A$1:$B$63,2,FALSE),0) -> 56 | AH38: =G38+I38+K38+M38+O38+Q38+S38+U38+W38+Y38+AA38+AC38+AE38+AG38 -> 222
A39: 25 | B39: 33 | C39: 161 | D39: THOMAS Dominick * | E39: CCDR DESAMPARADOS BIKE CAFÉ | F39: 18 | G39: 0 | H39: 20 | I39: 58 | J39: 24 | K39: 0 | L39: 30 | M39: 38 | O39: =IFERROR(VLOOKUP(N39,'Puntos XCC Menor'!$A$1:$B$15,2,FALSE),0) -> 0 | Q39: =IFERROR(VLOOKUP(P39,'Puntos XCO'!$A$1:$B$63,2,FALSE),0) -> 0 | R39: 18 | S39: =IFERROR(VLOOKUP(R39,'Puntos XCC Menor'!$A$1:$B$15,2,FALSE),0) -> 0 | T39: 0 | U39: =IFERROR(VLOOKUP(T39,'Puntos XCO'!$A$1:$B$63,2,FALSE),0) -> 0 | V39: 21 | W39: =IFERROR(VLOOKUP(V39,'Puntos XCC Mayor'!$A$1:$B$15,2,FALSE),0) -> 0 | X39: 24 | Y39: =IFERROR(VLOOKUP(X39,'Puntos XCO'!$A$1:$B$63,2,FALSE),0) -> 50 | Z39: =IFERROR(VLOOKUP($C39,RESXCC_1,9,FALSE),0) -> 17 | AA39: =IFERROR(VLOOKUP(Z39,'Puntos XCC Mayor'!$A$1:$B$15,2,FALSE),0) -> 0 | AB39: =IFERROR(VLOOKUP($C39,RESXCO,9,FALSE),0) -> 18 | AC39: =IFERROR(VLOOKUP(AB39,'Puntos XCO'!$A$1:$B$63,2,FALSE),0) -> 62 | AH39: =G39+I39+K39+M39+O39+Q39+S39+U39+W39+Y39+AA39+AC39+AE39+AG39 -> 208
A40: 26 | B40: 18 | C40: 101 | D40: QUINTERO Santiago | E40: GW ERCO SPORTFITNESS | O40: =IFERROR(VLOOKUP(N40,'Puntos XCC Menor'!$A$1:$B$15,2,FALSE),0) -> 0 | P40: 1 | Q40: =IFERROR(VLOOKUP(P40,'Puntos XCO'!$A$1:$B$63,2,FALSE),0) -> 200 | R40: 0 | S40: =IFERROR(VLOOKUP(R40,'Puntos XCC Menor'!$A$1:$B$15,2,FALSE),0) -> 0 | T40: 0 | U40: =IFERROR(VLOOKUP(T40,'Puntos XCO'!$A$1:$B$63,2,FALSE),0) -> 0 | V40: 0 | W40: =IFERROR(VLOOKUP(V40,'Puntos XCC Mayor'!$A$1:$B$15,2,FALSE),0) -> 0 | X40: 0 | Y40: =IFERROR(VLOOKUP(X40,'Puntos XCO'!$A$1:$B$63,2,FALSE),0) -> 0 | Z40: =IFERROR(VLOOKUP($C40,RESXCC_1,9,FALSE),0) -> 0 | AA40: =IFERROR(VLOOKUP(Z40,'Puntos XCC Mayor'!$A$1:$B$15,2,FALSE),0) -> 0 | AB40: =IFERROR(VLOOKUP($C40,RESXCO,9,FALSE),0) -> 0 | AC40: =IFERROR(VLOOKUP(AB40,'Puntos XCO'!$A$1:$B$63,2,FALSE),0) -> 0 | AH40: =G40+I40+K40+M40+O40+Q40+S40+U40+W40+Y40+AA40+AC40+AE40+AG40 -> 200
A41: 27 | B41: 35 | C41: 130 | D41: LEIVA Jean Carlo * | E41: CDR CERVANTES | F41: 26 | G41: 0 | H41: 7 | I41: 90 | J41: 0 | K41: 0 | L41: 31 | M41: 36 | O41: =IFERROR(VLOOKUP(N41,'Puntos XCC Menor'!$A$1:$B$15,2,FALSE),0) -> 0 | Q41: =IFERROR(VLOOKUP(P41,'Puntos XCO'!$A$1:$B$63,2,FALSE),0) -> 0 | R41: 0 | S41: =IFERROR(VLOOKUP(R41,'Puntos XCC Menor'!$A$1:$B$15,2,FALSE),0) -> 0 | T41: 0 | U41: =IFERROR(VLOOKUP(T41,'Puntos XCO'!$A$1:$B$63,2,FALSE),0) -> 0 | V41: 0 | W41: =IFERROR(VLOOKUP(V41,'Puntos XCC Mayor'!$A$1:$B$15,2,FALSE),0) -> 0 | X41: 0 | Y41: =IFERROR(VLOOKUP(X41,'Puntos XCO'!$A$1:$B$63,2,FALSE),0) -> 0 | Z41: =IFERROR(VLOOKUP($C41,RESXCC_1,9,FALSE),0) -> 14 | AA41: =IFERROR(VLOOKUP(Z41,'Puntos XCC Mayor'!$A$1:$B$15,2,FALSE),0) -> 2 | AB41: =IFERROR(VLOOKUP($C41,RESXCO,9,FALSE),0) -> 13 | AC41: =IFERROR(VLOOKUP(AB41,'Puntos XCO'!$A$1:$B$63,2,FALSE),0) -> 72 | AH41: =G41+I41+K41+M41+O41+Q41+S41+U41+W41+Y41+AA41+AC41+AE41+AG41 -> 200
A42: 28 | B42: 20 | C42: 122 | D42: CRUZ Alejandro* | E42: CODEA ALAJUELA - CICLO EPIC | J42: 30 | K42: 0 | L42: 33 | M42: 32 | O42: =IFERROR(VLOOKUP(N42,'Puntos XCC Menor'!$A$1:$B$15,2,FALSE),0) -> 0 | P42: 22 | Q42: =IFERROR(VLOOKUP(P42,'Puntos XCO'!$A$1:$B$63,2,FALSE),0) -> 54 | R42: 13 | S42: =IFERROR(VLOOKUP(R42,'Puntos XCC Menor'!$A$1:$B$15,2,FALSE),0) -> 0 | T42: 17 | U42: =IFERROR(VLOOKUP(T42,'Puntos XCO'!$A$1:$B$63,2,FALSE),0) -> 64 | V42: 0 | W42: =IFERROR(VLOOKUP(V42,'Puntos XCC Mayor'!$A$1:$B$15,2,FALSE),0) -> 0 | X42: 26 | Y42: =IFERROR(VLOOKUP(X42,'Puntos XCO'!$A$1:$B$63,2,FALSE),0) -> 46 | Z42: =IFERROR(VLOOKUP($C42,RESXCC_1,9,FALSE),0) -> 24 | AA42: =IFERROR(VLOOKUP(Z42,'Puntos XCC Mayor'!$A$1:$B$15,2,FALSE),0) -> 0 | AB42: =IFERROR(VLOOKUP($C42,RESXCO,9,FALSE),0) -> 0 | AC42: =IFERROR(VLOOKUP(AB42,'Puntos XCO'!$A$1:$B$63,2,FALSE),0) -> 0 | AH42: =G42+I42+K42+M42+O42+Q42+S42+U42+W42+Y42+AA42+AC42+AE42+AG42 -> 196
A43: 29 | B43: 23 | C43: 159 | D43: BOLAÑOS Justin | E43: DESAMPARADOS BIKE CAFE | F43: 11 | G43: 0 | H43: 16 | I43: 66 | J43: 8 | K43: 3 | L43: 23 | M43: 52 | O43: =IFERROR(VLOOKUP(N43,'Puntos XCC Menor'!$A$1:$B$15,2,FALSE),0) -> 0 | Q43: =IFERROR(VLOOKUP(P43,'Puntos XCO'!$A$1:$B$63,2,FALSE),0) -> 0 | R43: 15 | S43: =IFERROR(VLOOKUP(R43,'Puntos XCC Menor'!$A$1:$B$15,2,FALSE),0) -> 0 | T43: 20 | U43: =IFERROR(VLOOKUP(T43,'Puntos XCO'!$A$1:$B$63,2,FALSE),0) -> 58 | V43: 0 | W43: =IFERROR(VLOOKUP(V43,'Puntos XCC Mayor'!$A$1:$B$15,2,FALSE),0) -> 0 | X43: 0 | Y43: =IFERROR(VLOOKUP(X43,'Puntos XCO'!$A$1:$B$63,2,FALSE),0) -> 0 | Z43: =IFERROR(VLOOKUP($C43,RESXCC_1,9,FALSE),0) -> 0 | AA43: =IFERROR(VLOOKUP(Z43,'Puntos XCC Mayor'!$A$1:$B$15,2,FALSE),0) -> 0 | AB43: =IFERROR(VLOOKUP($C43,RESXCO,9,FALSE),0) -> 0 | AC43: =IFERROR(VLOOKUP(AB43,'Puntos XCO'!$A$1:$B$63,2,FALSE),0) -> 0 | AH43: =G43+I43+K43+M43+O43+Q43+S43+U43+W43+Y43+AA43+AC43+AE43+AG43 -> 179
A44: 30 | B44: 24 | C44: 135 | D44: SOJO Joshua Samir | E44: CODEA COSTA FRUT | F44: 8 | G44: 3 | H44: 12 | I44: 74 | J44: 5 | K44: 6 | L44: 6 | M44: 95 | O44: =IFERROR(VLOOKUP(N44,'Puntos XCC Menor'!$A$1:$B$15,2,FALSE),0) -> 0 | Q44: =IFERROR(VLOOKUP(P44,'Puntos XCO'!$A$1:$B$63,2,FALSE),0) -> 0 | R44: 0 | S44: =IFERROR(VLOOKUP(R44,'Puntos XCC Menor'!$A$1:$B$15,2,FALSE),0) -> 0 | T44: 0 | U44: =IFERROR(VLOOKUP(T44,'Puntos XCO'!$A$1:$B$63,2,FALSE),0) -> 0 | V44: 0 | W44: =IFERROR(VLOOKUP(V44,'Puntos XCC Mayor'!$A$1:$B$15,2,FALSE),0) -> 0 | X44: 0 | Y44: =IFERROR(VLOOKUP(X44,'Puntos XCO'!$A$1:$B$63,2,FALSE),0) -> 0 | Z44: =IFERROR(VLOOKUP($C44,RESXCC_1,9,FALSE),0) -> 0 | AA44: =IFERROR(VLOOKUP(Z44,'Puntos XCC Mayor'!$A$1:$B$15,2,FALSE),0) -> 0 | AB44: =IFERROR(VLOOKUP($C44,RESXCO,9,FALSE),0) -> 0 | AC44: =IFERROR(VLOOKUP(AB44,'Puntos XCO'!$A$1:$B$63,2,FALSE),0) -> 0 | AH44: =G44+I44+K44+M44+O44+Q44+S44+U44+W44+Y44+AA44+AC44+AE44+AG44 -> 178
A45: 31 | B45: 27 | C45: 125 | D45: CAMPOS Emmanuel* | E45: CCDR DE NARANJO | J45: 37 | K45: 0 | L45: 40 | M45: 24 | O45: =IFERROR(VLOOKUP(N45,'Puntos XCC Menor'!$A$1:$B$15,2,FALSE),0) -> 0 | P45: 18 | Q45: =IFERROR(VLOOKUP(P45,'Puntos XCO'!$A$1:$B$63,2,FALSE),0) -> 62 | R45: 0 | S45: =IFERROR(VLOOKUP(R45,'Puntos XCC Menor'!$A$1:$B$15,2,FALSE),0) -> 0 | T45: 10 | U45: =IFERROR(VLOOKUP(T45,'Puntos XCO'!$A$1:$B$63,2,FALSE),0) -> 78 | V45: 0 | W45: =IFERROR(VLOOKUP(V45,'Puntos XCC Mayor'!$A$1:$B$15,2,FALSE),0) -> 0 | X45: 0 | Y45: =IFERROR(VLOOKUP(X45,'Puntos XCO'!$A$1:$B$63,2,FALSE),0) -> 0 | Z45: =IFERROR(VLOOKUP($C45,RESXCC_1,9,FALSE),0) -> 0 | AA45: =IFERROR(VLOOKUP(Z45,'Puntos XCC Mayor'!$A$1:$B$15,2,FALSE),0) -> 0 | AB45: =IFERROR(VLOOKUP($C45,RESXCO,9,FALSE),0) -> 0 | AC45: =IFERROR(VLOOKUP(AB45,'Puntos XCO'!$A$1:$B$63,2,FALSE),0) -> 0 | AH45: =G45+I45+K45+M45+O45+Q45+S45+U45+W45+Y45+AA45+AC45+AE45+AG45 -> 164
A46: 32 | B46: 28 | C46: 115 | D46: BOLAÑOS Jean Carlo | E46: CICLISMO BELÉN/ TEAM BIKE CENTER | J46: 14 | K46: 0 | L46: 7 | M46: 90 | O46: =IFERROR(VLOOKUP(N46,'Puntos XCC Menor'!$A$1:$B$15,2,FALSE),0) -> 0 | P46: 13 | Q46: =IFERROR(VLOOKUP(P46,'Puntos XCO'!$A$1:$B$63,2,FALSE),0) -> 72 | R46: 0 | S46: =IFERROR(VLOOKUP(R46,'Puntos XCC Menor'!$A$1:$B$15,2,FALSE),0) -> 0 | T46: 0 | U46: =IFERROR(VLOOKUP(T46,'Puntos XCO'!$A$1:$B$63,2,FALSE),0) -> 0 | V46: 0 | W46: =IFERROR(VLOOKUP(V46,'Puntos XCC Mayor'!$A$1:$B$15,2,FALSE),0) -> 0 | X46: 0 | Y46: =IFERROR(VLOOKUP(X46,'Puntos XCO'!$A$1:$B$63,2,FALSE),0) -> 0 | Z46: =IFERROR(VLOOKUP($C46,RESXCC_1,9,FALSE),0) -> 0 | AA46: =IFERROR(VLOOKUP(Z46,'Puntos XCC Mayor'!$A$1:$B$15,2,FALSE),0) -> 0 | AB46: =IFERROR(VLOOKUP($C46,RESXCO,9,FALSE),0) -> 0 | AC46: =IFERROR(VLOOKUP(AB46,'Puntos XCO'!$A$1:$B$63,2,FALSE),0) -> 0 | AH46: =G46+I46+K46+M46+O46+Q46+S46+U46+W46+Y46+AA46+AC46+AE46+AG46 -> 162
A47: 33 | B47: 29 | C47: 118 | D47: RODRIGUEZ Jose Pablo* | E47: CICLISMO BELÉN | F47: 15 | G47: 0 | H47: 35 | I47: 29 | J47: 36 | K47: 0 | L47: 20 | M47: 58 | O47: =IFERROR(VLOOKUP(N47,'Puntos XCC Menor'!$A$1:$B$15,2,FALSE),0) -> 0 | Q47: =IFERROR(VLOOKUP(P47,'Puntos XCO'!$A$1:$B$63,2,FALSE),0) -> 0 | R47: 0 | S47: =IFERROR(VLOOKUP(R47,'Puntos XCC Menor'!$A$1:$B$15,2,FALSE),0) -> 0 | T47: 0 | U47: =IFERROR(VLOOKUP(T47,'Puntos XCO'!$A$1:$B$63,2,FALSE),0) -> 0 | V47: 17 | W47: =IFERROR(VLOOKUP(V47,'Puntos XCC Mayor'!$A$1:$B$15,2,FALSE),0) -> 0 | X47: 14 | Y47: =IFERROR(VLOOKUP(X47,'Puntos XCO'!$A$1:$B$63,2,FALSE),0) -> 70 | Z47: =IFERROR(VLOOKUP($C47,RESXCC_1,9,FALSE),0) -> 0 | AA47: =IFERROR(VLOOKUP(Z47,'Puntos XCC Mayor'!$A$1:$B$15,2,FALSE),0) -> 0 | AB47: =IFERROR(VLOOKUP($C47,RESXCO,9,FALSE),0) -> 0 | AC47: =IFERROR(VLOOKUP(AB47,'Puntos XCO'!$A$1:$B$63,2,FALSE),0) -> 0 | AH47: =G47+I47+K47+M47+O47+Q47+S47+U47+W47+Y47+AA47+AC47+AE47+AG47 -> 157
A48: 34 | B48: 31 | D48: AGUILAR Mauro | E48: CCDR PARAÍSO | F48: 6 | G48: 5 | H48: 9 | I48: 80 | J48: 18 | K48: 0 | L48: 18 | M48: 62 | O48: =IFERROR(VLOOKUP(N48,'Puntos XCC Menor'!$A$1:$B$15,2,FALSE),0) -> 0 | Q48: =IFERROR(VLOOKUP(P48,'Puntos XCO'!$A$1:$B$63,2,FALSE),0) -> 0 | R48: 0 | S48: =IFERROR(VLOOKUP(R48,'Puntos XCC Menor'!$A$1:$B$15,2,FALSE),0) -> 0 | T48: 0 | U48: =IFERROR(VLOOKUP(T48,'Puntos XCO'!$A$1:$B$63,2,FALSE),0) -> 0 | V48: 0 | W48: =IFERROR(VLOOKUP(V48,'Puntos XCC Mayor'!$A$1:$B$15,2,FALSE),0) -> 0 | X48: 0 | Y48: =IFERROR(VLOOKUP(X48,'Puntos XCO'!$A$1:$B$63,2,FALSE),0) -> 0 | Z48: =IFERROR(VLOOKUP($C48,RESXCC_1,9,FALSE),0) -> 0 | AA48: =IFERROR(VLOOKUP(Z48,'Puntos XCC Mayor'!$A$1:$B$15,2,FALSE),0) -> 0 | AB48: =IFERROR(VLOOKUP($C48,RESXCO,9,FALSE),0) -> 0 | AC48: =IFERROR(VLOOKUP(AB48,'Puntos XCO'!$A$1:$B$63,2,FALSE),0) -> 0 | AH48: =G48+I48+K48+M48+O48+Q48+S48+U48+W48+Y48+AA48+AC48+AE48+AG48 -> 147
A49: 35 | B49: 34 | D49: JIMÉNEZ Samuel | E49: DESAMPARADOS BIKI CAFÉ | F49: 34 | G49: 0 | H49: 15 | I49: 68 | J49: 13 | K49: 0 | L49: 14 | M49: 70 | O49: =IFERROR(VLOOKUP(N49,'Puntos XCC Menor'!$A$1:$B$15,2,FALSE),0) -> 0 | Q49: =IFERROR(VLOOKUP(P49,'Puntos XCO'!$A$1:$B$63,2,FALSE),0) -> 0 | R49: 0 | S49: =IFERROR(VLOOKUP(R49,'Puntos XCC Menor'!$A$1:$B$15,2,FALSE),0) -> 0 | T49: 0 | U49: =IFERROR(VLOOKUP(T49,'Puntos XCO'!$A$1:$B$63,2,FALSE),0) -> 0 | V49: 0 | W49: =IFERROR(VLOOKUP(V49,'Puntos XCC Mayor'!$A$1:$B$15,2,FALSE),0) -> 0 | X49: 0 | Y49: =IFERROR(VLOOKUP(X49,'Puntos XCO'!$A$1:$B$63,2,FALSE),0) -> 0 | Z49: =IFERROR(VLOOKUP($C49,RESXCC_1,9,FALSE),0) -> 0 | AA49: =IFERROR(VLOOKUP(Z49,'Puntos XCC Mayor'!$A$1:$B$15,2,FALSE),0) -> 0 | AB49: =IFERROR(VLOOKUP($C49,RESXCO,9,FALSE),0) -> 0 | AC49: =IFERROR(VLOOKUP(AB49,'Puntos XCO'!$A$1:$B$63,2,FALSE),0) -> 0 | AH49: =G49+I49+K49+M49+O49+Q49+S49+U49+W49+Y49+AA49+AC49+AE49+AG49 -> 138
A50: 36 | B50: 36 | C50: 102 | D50: DE JESÚS Yandel | E50: SPORTSCIENCE RACING & DEVELOPMENT TEAM | O50: =IFERROR(VLOOKUP(N50,'Puntos XCC Menor'!$A$1:$B$15,2,FALSE),0) -> 0 | P50: 3 | Q50: =IFERROR(VLOOKUP(P50,'Puntos XCO'!$A$1:$B$63,2,FALSE),0) -> 120 | R50: 0 | S50: =IFERROR(VLOOKUP(R50,'Puntos XCC Menor'!$A$1:$B$15,2,FALSE),0) -> 0 | T50: 0 | U50: =IFERROR(VLOOKUP(T50,'Puntos XCO'!$A$1:$B$63,2,FALSE),0) -> 0 | V50: 0 | W50: =IFERROR(VLOOKUP(V50,'Puntos XCC Mayor'!$A$1:$B$15,2,FALSE),0) -> 0 | X50: 0 | Y50: =IFERROR(VLOOKUP(X50,'Puntos XCO'!$A$1:$B$63,2,FALSE),0) -> 0 | Z50: =IFERROR(VLOOKUP($C50,RESXCC_1,9,FALSE),0) -> 0 | AA50: =IFERROR(VLOOKUP(Z50,'Puntos XCC Mayor'!$A$1:$B$15,2,FALSE),0) -> 0 | AB50: =IFERROR(VLOOKUP($C50,RESXCO,9,FALSE),0) -> 0 | AC50: =IFERROR(VLOOKUP(AB50,'Puntos XCO'!$A$1:$B$63,2,FALSE),0) -> 0 | AH50: =G50+I50+K50+M50+O50+Q50+S50+U50+W50+Y50+AA50+AC50+AE50+AG50 -> 120
A51: 37 | B51: 37 | D51: PIEDRA Fabián* | E51: CCDR DESAMPARADOS | F51: 31 | G51: 0 | H51: 25 | I51: 48 | J51: 21 | K51: 0 | L51: 15 | M51: 68 | O51: =IFERROR(VLOOKUP(N51,'Puntos XCC Menor'!$A$1:$B$15,2,FALSE),0) -> 0 | Q51: =IFERROR(VLOOKUP(P51,'Puntos XCO'!$A$1:$B$63,2,FALSE),0) -> 0 | R51: 0 | S51: =IFERROR(VLOOKUP(R51,'Puntos XCC Menor'!$A$1:$B$15,2,FALSE),0) -> 0 | T51: 0 | U51: =IFERROR(VLOOKUP(T51,'Puntos XCO'!$A$1:$B$63,2,FALSE),0) -> 0 | V51: 0 | W51: =IFERROR(VLOOKUP(V51,'Puntos XCC Mayor'!$A$1:$B$15,2,FALSE),0) -> 0 | X51: 0 | Y51: =IFERROR(VLOOKUP(X51,'Puntos XCO'!$A$1:$B$63,2,FALSE),0) -> 0 | Z51: =IFERROR(VLOOKUP($C51,RESXCC_1,9,FALSE),0) -> 0 | AA51: =IFERROR(VLOOKUP(Z51,'Puntos XCC Mayor'!$A$1:$B$15,2,FALSE),0) -> 0 | AB51: =IFERROR(VLOOKUP($C51,RESXCO,9,FALSE),0) -> 0 | AC51: =IFERROR(VLOOKUP(AB51,'Puntos XCO'!$A$1:$B$63,2,FALSE),0) -> 0 | AH51: =G51+I51+K51+M51+O51+Q51+S51+U51+W51+Y51+AA51+AC51+AE51+AG51 -> 116
A52: 38 | B52: 38 | C52: 171 | D52: =VLOOKUP(C52,PLANILLA,2,FALSE) -> MORA Jeferson* | E52: =VLOOKUP(C52,PLANILLA,4,FALSE) -> PZ CYCLING TEAM | V52: 4 | W52: =IFERROR(VLOOKUP(V52,'Puntos XCC Mayor'!$A$1:$B$15,2,FALSE),0) -> 14 | X52: 7 | Y52: =IFERROR(VLOOKUP(X52,'Puntos XCO'!$A$1:$B$63,2,FALSE),0) -> 90 | Z52: =IFERROR(VLOOKUP($C52,RESXCC_1,9,FALSE),0) -> 0 | AA52: =IFERROR(VLOOKUP(Z52,'Puntos XCC Mayor'!$A$1:$B$15,2,FALSE),0) -> 0 | AB52: =IFERROR(VLOOKUP($C52,RESXCO,9,FALSE),0) -> 0 | AC52: =IFERROR(VLOOKUP(AB52,'Puntos XCO'!$A$1:$B$63,2,FALSE),0) -> 0 | AH52: =G52+I52+K52+M52+O52+Q52+S52+U52+W52+Y52+AA52+AC52+AE52+AG52 -> 104
A53: 39 | B53: 39 | C53: 168 | D53: FERNANDEZ Jose Eduardo | E53: CCDR TURRIALBA | F53: 25 | G53: 0 | H53: 22 | I53: 54 | J53: 0 | K53: 0 | L53: 0 | M53: 0 | O53: =IFERROR(VLOOKUP(N53,'Puntos XCC Menor'!$A$1:$B$15,2,FALSE),0) -> 0 | Q53: =IFERROR(VLOOKUP(P53,'Puntos XCO'!$A$1:$B$63,2,FALSE),0) -> 0 | R53: 0 | S53: =IFERROR(VLOOKUP(R53,'Puntos XCC Menor'!$A$1:$B$15,2,FALSE),0) -> 0 | T53: 0 | U53: =IFERROR(VLOOKUP(T53,'Puntos XCO'!$A$1:$B$63,2,FALSE),0) -> 0 | V53: 24 | W53: =IFERROR(VLOOKUP(V53,'Puntos XCC Mayor'!$A$1:$B$15,2,FALSE),0) -> 0 | X53: 25 | Y53: =IFERROR(VLOOKUP(X53,'Puntos XCO'!$A$1:$B$63,2,FALSE),0) -> 48 | Z53: =IFERROR(VLOOKUP($C53,RESXCC_1,9,FALSE),0) -> 0 | AA53: =IFERROR(VLOOKUP(Z53,'Puntos XCC Mayor'!$A$1:$B$15,2,FALSE),0) -> 0 | AB53: =IFERROR(VLOOKUP($C53,RESXCO,9,FALSE),0) -> 0 | AC53: =IFERROR(VLOOKUP(AB53,'Puntos XCO'!$A$1:$B$63,2,FALSE),0) -> 0 | AH53: =G53+I53+K53+M53+O53+Q53+S53+U53+W53+Y53+AA53+AC53+AE53+AG53 -> 102
A54: 40 | B54: 56 | C54: 164 | D54: =VLOOKUP(C54,PLANILLA,2,FALSE) -> SANCHES Bruce sanche mendenz | E54: =VLOOKUP(C54,PLANILLA,4,FALSE) -> Acisa sarapiqui | R54: 19 | S54: =IFERROR(VLOOKUP(R54,'Puntos XCC Menor'!$A$1:$B$15,2,FALSE),0) -> 0 | T54: 0 | U54: =IFERROR(VLOOKUP(T54,'Puntos XCO'!$A$1:$B$63,2,FALSE),0) -> 0 | V54: 29 | W54: =IFERROR(VLOOKUP(V54,'Puntos XCC Mayor'!$A$1:$B$15,2,FALSE),0) -> 0 | X54: 31 | Y54: =IFERROR(VLOOKUP(X54,'Puntos XCO'!$A$1:$B$63,2,FALSE),0) -> 36 | Z54: =IFERROR(VLOOKUP($C54,RESXCC_1,9,FALSE),0) -> 21 | AA54: =IFERROR(VLOOKUP(Z54,'Puntos XCC Mayor'!$A$1:$B$15,2,FALSE),0) -> 0 | AB54: =IFERROR(VLOOKUP($C54,RESXCO,9,FALSE),0) -> 20 | AC54: =IFERROR(VLOOKUP(AB54,'Puntos XCO'!$A$1:$B$63,2,FALSE),0) -> 58 | AH54: =G54+I54+K54+M54+O54+Q54+S54+U54+W54+Y54+AA54+AC54+AE54+AG54 -> 94
A55: 41 | B55: 40 | C55: 111 | D55: QUINTO Gabriel Jheremi* | E55: GIANT PERÚ SIN FRONTERAS | O55: =IFERROR(VLOOKUP(N55,'Puntos XCC Menor'!$A$1:$B$15,2,FALSE),0) -> 0 | P55: 7 | Q55: =IFERROR(VLOOKUP(P55,'Puntos XCO'!$A$1:$B$63,2,FALSE),0) -> 90 | R55: 0 | S55: =IFERROR(VLOOKUP(R55,'Puntos XCC Menor'!$A$1:$B$15,2,FALSE),0) -> 0 | T55: 0 | U55: =IFERROR(VLOOKUP(T55,'Puntos XCO'!$A$1:$B$63,2,FALSE),0) -> 0 | V55: 0 | W55: =IFERROR(VLOOKUP(V55,'Puntos XCC Mayor'!$A$1:$B$15,2,FALSE),0) -> 0 | X55: 0 | Y55: =IFERROR(VLOOKUP(X55,'Puntos XCO'!$A$1:$B$63,2,FALSE),0) -> 0 | Z55: =IFERROR(VLOOKUP($C55,RESXCC_1,9,FALSE),0) -> 0 | AA55: =IFERROR(VLOOKUP(Z55,'Puntos XCC Mayor'!$A$1:$B$15,2,FALSE),0) -> 0 | AB55: =IFERROR(VLOOKUP($C55,RESXCO,9,FALSE),0) -> 0 | AC55: =IFERROR(VLOOKUP(AB55,'Puntos XCO'!$A$1:$B$63,2,FALSE),0) -> 0 | AH55: =G55+I55+K55+M55+O55+Q55+S55+U55+W55+Y55+AA55+AC55+AE55+AG55 -> 90
A56: 42 | B56: 41 | D56: PEÑA Anthony* | E56: CICLISMO BELÉN | F56: 37 | G56: 0 | H56: 26 | I56: 46 | J56: 32 | K56: 0 | L56: 28 | M56: 42 | O56: =IFERROR(VLOOKUP(N56,'Puntos XCC Menor'!$A$1:$B$15,2,FALSE),0) -> 0 | Q56: =IFERROR(VLOOKUP(P56,'Puntos XCO'!$A$1:$B$63,2,FALSE),0) -> 0 | R56: 0 | S56: =IFERROR(VLOOKUP(R56,'Puntos XCC Menor'!$A$1:$B$15,2,FALSE),0) -> 0 | T56: 0 | U56: =IFERROR(VLOOKUP(T56,'Puntos XCO'!$A$1:$B$63,2,FALSE),0) -> 0 | V56: 0 | W56: =IFERROR(VLOOKUP(V56,'Puntos XCC Mayor'!$A$1:$B$15,2,FALSE),0) -> 0 | X56: 0 | Y56: =IFERROR(VLOOKUP(X56,'Puntos XCO'!$A$1:$B$63,2,FALSE),0) -> 0 | Z56: =IFERROR(VLOOKUP($C56,RESXCC_1,9,FALSE),0) -> 0 | AA56: =IFERROR(VLOOKUP(Z56,'Puntos XCC Mayor'!$A$1:$B$15,2,FALSE),0) -> 0 | AB56: =IFERROR(VLOOKUP($C56,RESXCO,9,FALSE),0) -> 0 | AC56: =IFERROR(VLOOKUP(AB56,'Puntos XCO'!$A$1:$B$63,2,FALSE),0) -> 0 | AH56: =G56+I56+K56+M56+O56+Q56+S56+U56+W56+Y56+AA56+AC56+AE56+AG56 -> 88
A57: 43 | B57: 42 | C57: 117 | D57: O'NEAL Kypton* | E57: DONOVAN RACING | O57: =IFERROR(VLOOKUP(N57,'Puntos XCC Menor'!$A$1:$B$15,2,FALSE),0) -> 0 | P57: 8 | Q57: =IFERROR(VLOOKUP(P57,'Puntos XCO'!$A$1:$B$63,2,FALSE),0) -> 85 | R57: 0 | S57: =IFERROR(VLOOKUP(R57,'Puntos XCC Menor'!$A$1:$B$15,2,FALSE),0) -> 0 | T57: 0 | U57: =IFERROR(VLOOKUP(T57,'Puntos XCO'!$A$1:$B$63,2,FALSE),0) -> 0 | V57: 0 | W57: =IFERROR(VLOOKUP(V57,'Puntos XCC Mayor'!$A$1:$B$15,2,FALSE),0) -> 0 | X57: 0 | Y57: =IFERROR(VLOOKUP(X57,'Puntos XCO'!$A$1:$B$63,2,FALSE),0) -> 0 | Z57: =IFERROR(VLOOKUP($C57,RESXCC_1,9,FALSE),0) -> 0 | AA57: =IFERROR(VLOOKUP(Z57,'Puntos XCC Mayor'!$A$1:$B$15,2,FALSE),0) -> 0 | AB57: =IFERROR(VLOOKUP($C57,RESXCO,9,FALSE),0) -> 0 | AC57: =IFERROR(VLOOKUP(AB57,'Puntos XCO'!$A$1:$B$63,2,FALSE),0) -> 0 | AH57: =G57+I57+K57+M57+O57+Q57+S57+U57+W57+Y57+AA57+AC57+AE57+AG57 -> 85
A58: 44 | B58: 43 | D58: CHINCHILLA Yeilan | E58: CCDR PARAÍSO | F58: 14 | G58: 0 | H58: 8 | I58: 85 | J58: 0 | K58: 0 | L58: 0 | M58: 0 | O58: =IFERROR(VLOOKUP(N58,'Puntos XCC Menor'!$A$1:$B$15,2,FALSE),0) -> 0 | Q58: =IFERROR(VLOOKUP(P58,'Puntos XCO'!$A$1:$B$63,2,FALSE),0) -> 0 | R58: 0 | S58: =IFERROR(VLOOKUP(R58,'Puntos XCC Menor'!$A$1:$B$15,2,FALSE),0) -> 0 | T58: 0 | U58: =IFERROR(VLOOKUP(T58,'Puntos XCO'!$A$1:$B$63,2,FALSE),0) -> 0 | V58: 0 | W58: =IFERROR(VLOOKUP(V58,'Puntos XCC Mayor'!$A$1:$B$15,2,FALSE),0) -> 0 | X58: 0 | Y58: =IFERROR(VLOOKUP(X58,'Puntos XCO'!$A$1:$B$63,2,FALSE),0) -> 0 | Z58: =IFERROR(VLOOKUP($C58,RESXCC_1,9,FALSE),0) -> 0 | AA58: =IFERROR(VLOOKUP(Z58,'Puntos XCC Mayor'!$A$1:$B$15,2,FALSE),0) -> 0 | AB58: =IFERROR(VLOOKUP($C58,RESXCO,9,FALSE),0) -> 0 | AC58: =IFERROR(VLOOKUP(AB58,'Puntos XCO'!$A$1:$B$63,2,FALSE),0) -> 0 | AH58: =G58+I58+K58+M58+O58+Q58+S58+U58+W58+Y58+AA58+AC58+AE58+AG58 -> 85
A59: 45 | B59: 44 | C59: 124 | D59: PORRAS Santiago* | E59: CICLISMO BELÉN | F59: 36 | G59: 0 | H59: 0 | I59: 0 | J59: 35 | K59: 0 | L59: 34 | M59: 30 | O59: =IFERROR(VLOOKUP(N59,'Puntos XCC Menor'!$A$1:$B$15,2,FALSE),0) -> 0 | Q59: =IFERROR(VLOOKUP(P59,'Puntos XCO'!$A$1:$B$63,2,FALSE),0) -> 0 | R59: 0 | S59: =IFERROR(VLOOKUP(R59,'Puntos XCC Menor'!$A$1:$B$15,2,FALSE),0) -> 0 | T59: 0 | U59: =IFERROR(VLOOKUP(T59,'Puntos XCO'!$A$1:$B$63,2,FALSE),0) -> 0 | V59: 20 | W59: =IFERROR(VLOOKUP(V59,'Puntos XCC Mayor'!$A$1:$B$15,2,FALSE),0) -> 0 | X59: 22 | Y59: =IFERROR(VLOOKUP(X59,'Puntos XCO'!$A$1:$B$63,2,FALSE),0) -> 54 | Z59: =IFERROR(VLOOKUP($C59,RESXCC_1,9,FALSE),0) -> 0 | AA59: =IFERROR(VLOOKUP(Z59,'Puntos XCC Mayor'!$A$1:$B$15,2,FALSE),0) -> 0 | AB59: =IFERROR(VLOOKUP($C59,RESXCO,9,FALSE),0) -> 0 | AC59: =IFERROR(VLOOKUP(AB59,'Puntos XCO'!$A$1:$B$63,2,FALSE),0) -> 0 | AH59: =G59+I59+K59+M59+O59+Q59+S59+U59+W59+Y59+AA59+AC59+AE59+AG59 -> 84
A60: 46 | B60: 45 | C60: 123 | D60: DICKENS Matthew* | E60: DIRT CAMP RACING | O60: =IFERROR(VLOOKUP(N60,'Puntos XCC Menor'!$A$1:$B$15,2,FALSE),0) -> 0 | P60: 10 | Q60: =IFERROR(VLOOKUP(P60,'Puntos XCO'!$A$1:$B$63,2,FALSE),0) -> 78 | R60: 0 | S60: =IFERROR(VLOOKUP(R60,'Puntos XCC Menor'!$A$1:$B$15,2,FALSE),0) -> 0 | T60: 0 | U60: =IFERROR(VLOOKUP(T60,'Puntos XCO'!$A$1:$B$63,2,FALSE),0) -> 0 | V60: 0 | W60: =IFERROR(VLOOKUP(V60,'Puntos XCC Mayor'!$A$1:$B$15,2,FALSE),0) -> 0 | X60: 0 | Y60: =IFERROR(VLOOKUP(X60,'Puntos XCO'!$A$1:$B$63,2,FALSE),0) -> 0 | Z60: =IFERROR(VLOOKUP($C60,RESXCC_1,9,FALSE),0) -> 0 | AA60: =IFERROR(VLOOKUP(Z60,'Puntos XCC Mayor'!$A$1:$B$15,2,FALSE),0) -> 0 | AB60: =IFERROR(VLOOKUP($C60,RESXCO,9,FALSE),0) -> 0 | AC60: =IFERROR(VLOOKUP(AB60,'Puntos XCO'!$A$1:$B$63,2,FALSE),0) -> 0 | AH60: =G60+I60+K60+M60+O60+Q60+S60+U60+W60+Y60+AA60+AC60+AE60+AG60 -> 78
A61: 47 | B61: 46 | C61: 170 | D61: =VLOOKUP(C61,PLANILLA,2,FALSE) -> PEREIRA Keiner* | E61: =VLOOKUP(C61,PLANILLA,4,FALSE) -> TEAM TIERNITICOS-ELKY FERRETERÍA BIORACER | V61: 18 | W61: =IFERROR(VLOOKUP(V61,'Puntos XCC Mayor'!$A$1:$B$15,2,FALSE),0) -> 0 | X61: 16 | Y61: =IFERROR(VLOOKUP(X61,'Puntos XCO'!$A$1:$B$63,2,FALSE),0) -> 66 | Z61: =IFERROR(VLOOKUP($C61,RESXCC_1,9,FALSE),0) -> 0 | AA61: =IFERROR(VLOOKUP(Z61,'Puntos XCC Mayor'!$A$1:$B$15,2,FALSE),0) -> 0 | AB61: =IFERROR(VLOOKUP($C61,RESXCO,9,FALSE),0) -> 0 | AC61: =IFERROR(VLOOKUP(AB61,'Puntos XCO'!$A$1:$B$63,2,FALSE),0) -> 0 | AH61: =G61+I61+K61+M61+O61+Q61+S61+U61+W61+Y61+AA61+AC61+AE61+AG61 -> 66
A62: 48 | B62: 47 | C62: 167 | D62: RODRIGUEZ Lenny Jeffrey | E62: CCDR DESAMPARADOS BIKE CAFÉ | F62: 39 | G62: 0 | H62: 33 | I62: 32 | J62: 43 | K62: 0 | L62: 35 | M62: 29 | O62: =IFERROR(VLOOKUP(N62,'Puntos XCC Menor'!$A$1:$B$15,2,FALSE),0) -> 0 | Q62: =IFERROR(VLOOKUP(P62,'Puntos XCO'!$A$1:$B$63,2,FALSE),0) -> 0 | R62: 0 | S62: =IFERROR(VLOOKUP(R62,'Puntos XCC Menor'!$A$1:$B$15,2,FALSE),0) -> 0 | T62: 0 | U62: =IFERROR(VLOOKUP(T62,'Puntos XCO'!$A$1:$B$63,2,FALSE),0) -> 0 | V62: 30 | W62: =IFERROR(VLOOKUP(V62,'Puntos XCC Mayor'!$A$1:$B$15,2,FALSE),0) -> 0 | X62: 0 | Y62: =IFERROR(VLOOKUP(X62,'Puntos XCO'!$A$1:$B$63,2,FALSE),0) -> 0 | Z62: =IFERROR(VLOOKUP($C62,RESXCC_1,9,FALSE),0) -> 0 | AA62: =IFERROR(VLOOKUP(Z62,'Puntos XCC Mayor'!$A$1:$B$15,2,FALSE),0) -> 0 | AB62: =IFERROR(VLOOKUP($C62,RESXCO,9,FALSE),0) -> 0 | AC62: =IFERROR(VLOOKUP(AB62,'Puntos XCO'!$A$1:$B$63,2,FALSE),0) -> 0 | AH62: =G62+I62+K62+M62+O62+Q62+S62+U62+W62+Y62+AA62+AC62+AE62+AG62 -> 61
A63: 49 | B63: 48 | C63: 127 | D63: MARIN Sebastián* | E63: INDEPENDIENTE | O63: =IFERROR(VLOOKUP(N63,'Puntos XCC Menor'!$A$1:$B$15,2,FALSE),0) -> 0 | P63: 19 | Q63: =IFERROR(VLOOKUP(P63,'Puntos XCO'!$A$1:$B$63,2,FALSE),0) -> 60 | R63: 0 | S63: =IFERROR(VLOOKUP(R63,'Puntos XCC Menor'!$A$1:$B$15,2,FALSE),0) -> 0 | T63: 0 | U63: =IFERROR(VLOOKUP(T63,'Puntos XCO'!$A$1:$B$63,2,FALSE),0) -> 0 | V63: 0 | W63: =IFERROR(VLOOKUP(V63,'Puntos XCC Mayor'!$A$1:$B$15,2,FALSE),0) -> 0 | X63: 0 | Y63: =IFERROR(VLOOKUP(X63,'Puntos XCO'!$A$1:$B$63,2,FALSE),0) -> 0 | Z63: =IFERROR(VLOOKUP($C63,RESXCC_1,9,FALSE),0) -> 0 | AA63: =IFERROR(VLOOKUP(Z63,'Puntos XCC Mayor'!$A$1:$B$15,2,FALSE),0) -> 0 | AB63: =IFERROR(VLOOKUP($C63,RESXCO,9,FALSE),0) -> 0 | AC63: =IFERROR(VLOOKUP(AB63,'Puntos XCO'!$A$1:$B$63,2,FALSE),0) -> 0 | AH63: =G63+I63+K63+M63+O63+Q63+S63+U63+W63+Y63+AA63+AC63+AE63+AG63 -> 60
A64: 50 | B64: 49 | D64: SOLANO Dilan | E64: CCDR DESAMPARADOS BIKE CAFÉ | F64: 16 | G64: 0 | H64: 34 | I64: 30 | J64: 27 | K64: 0 | L64: 36 | M64: 28 | O64: =IFERROR(VLOOKUP(N64,'Puntos XCC Menor'!$A$1:$B$15,2,FALSE),0) -> 0 | Q64: =IFERROR(VLOOKUP(P64,'Puntos XCO'!$A$1:$B$63,2,FALSE),0) -> 0 | R64: 0 | S64: =IFERROR(VLOOKUP(R64,'Puntos XCC Menor'!$A$1:$B$15,2,FALSE),0) -> 0 | T64: 0 | U64: =IFERROR(VLOOKUP(T64,'Puntos XCO'!$A$1:$B$63,2,FALSE),0) -> 0 | V64: 0 | W64: =IFERROR(VLOOKUP(V64,'Puntos XCC Mayor'!$A$1:$B$15,2,FALSE),0) -> 0 | X64: 0 | Y64: =IFERROR(VLOOKUP(X64,'Puntos XCO'!$A$1:$B$63,2,FALSE),0) -> 0 | Z64: =IFERROR(VLOOKUP($C64,RESXCC_1,9,FALSE),0) -> 0 | AA64: =IFERROR(VLOOKUP(Z64,'Puntos XCC Mayor'!$A$1:$B$15,2,FALSE),0) -> 0 | AB64: =IFERROR(VLOOKUP($C64,RESXCO,9,FALSE),0) -> 0 | AC64: =IFERROR(VLOOKUP(AB64,'Puntos XCO'!$A$1:$B$63,2,FALSE),0) -> 0 | AH64: =G64+I64+K64+M64+O64+Q64+S64+U64+W64+Y64+AA64+AC64+AE64+AG64 -> 58
A65: 51 | B65: 50 | C65: 137 | D65: BRIONES Gedmelheintch* | E65: CCDR GUACIMO | F65: 40 | G65: 0 | H65: 30 | I65: 38 | J65: 45 | K65: 0 | L65: 45 | M65: 19 | O65: =IFERROR(VLOOKUP(N65,'Puntos XCC Menor'!$A$1:$B$15,2,FALSE),0) -> 0 | Q65: =IFERROR(VLOOKUP(P65,'Puntos XCO'!$A$1:$B$63,2,FALSE),0) -> 0 | R65: 0 | S65: =IFERROR(VLOOKUP(R65,'Puntos XCC Menor'!$A$1:$B$15,2,FALSE),0) -> 0 | T65: 0 | U65: =IFERROR(VLOOKUP(T65,'Puntos XCO'!$A$1:$B$63,2,FALSE),0) -> 0 | V65: 0 | W65: =IFERROR(VLOOKUP(V65,'Puntos XCC Mayor'!$A$1:$B$15,2,FALSE),0) -> 0 | X65: 0 | Y65: =IFERROR(VLOOKUP(X65,'Puntos XCO'!$A$1:$B$63,2,FALSE),0) -> 0 | Z65: =IFERROR(VLOOKUP($C65,RESXCC_1,9,FALSE),0) -> 0 | AA65: =IFERROR(VLOOKUP(Z65,'Puntos XCC Mayor'!$A$1:$B$15,2,FALSE),0) -> 0 | AB65: =IFERROR(VLOOKUP($C65,RESXCO,9,FALSE),0) -> 0 | AC65: =IFERROR(VLOOKUP(AB65,'Puntos XCO'!$A$1:$B$63,2,FALSE),0) -> 0 | AH65: =G65+I65+K65+M65+O65+Q65+S65+U65+W65+Y65+AA65+AC65+AE65+AG65 -> 57
A66: 52 | C66: 173 | D66: =VLOOKUP(C66,PLANILLA,2,FALSE) -> ZÚÑIGA Roberto | E66: =VLOOKUP(C66,PLANILLA,4,FALSE) -> Alajuela codea | Z66: =IFERROR(VLOOKUP($C66,RESXCC_1,9,FALSE),0) -> 0 | AA66: =IFERROR(VLOOKUP(Z66,'Puntos XCC Mayor'!$A$1:$B$15,2,FALSE),0) -> 0 | AB66: =IFERROR(VLOOKUP($C66,RESXCO,9,FALSE),0) -> 23 | AC66: =IFERROR(VLOOKUP(AB66,'Puntos XCO'!$A$1:$B$63,2,FALSE),0) -> 52 | AH66: =G66+I66+K66+M66+O66+Q66+S66+U66+W66+Y66+AA66+AC66+AE66+AG66 -> 52
A67: 53 | B67: 51 | C67: 138 | D67: RODRÍGUEZ Axel | E67: CCDR CARTAGO | F67: 27 | G67: 0 | H67: 27 | I67: 44 | J67: 0 | K67: 0 | L67: 0 | M67: 0 | O67: =IFERROR(VLOOKUP(N67,'Puntos XCC Menor'!$A$1:$B$15,2,FALSE),0) -> 0 | Q67: =IFERROR(VLOOKUP(P67,'Puntos XCO'!$A$1:$B$63,2,FALSE),0) -> 0 | R67: 0 | S67: =IFERROR(VLOOKUP(R67,'Puntos XCC Menor'!$A$1:$B$15,2,FALSE),0) -> 0 | T67: 0 | U67: =IFERROR(VLOOKUP(T67,'Puntos XCO'!$A$1:$B$63,2,FALSE),0) -> 0 | V67: 0 | W67: =IFERROR(VLOOKUP(V67,'Puntos XCC Mayor'!$A$1:$B$15,2,FALSE),0) -> 0 | X67: 0 | Y67: =IFERROR(VLOOKUP(X67,'Puntos XCO'!$A$1:$B$63,2,FALSE),0) -> 0 | Z67: =IFERROR(VLOOKUP($C67,RESXCC_1,9,FALSE),0) -> 0 | AA67: =IFERROR(VLOOKUP(Z67,'Puntos XCC Mayor'!$A$1:$B$15,2,FALSE),0) -> 0 | AB67: =IFERROR(VLOOKUP($C67,RESXCO,9,FALSE),0) -> 0 | AC67: =IFERROR(VLOOKUP(AB67,'Puntos XCO'!$A$1:$B$63,2,FALSE),0) -> 0 | AH67: =G67+I67+K67+M67+O67+Q67+S67+U67+W67+Y67+AA67+AC67+AE67+AG67 -> 44
A68: 54 | B68: 52 | C68: 129 | D68: JACKSON Bruce | E68: ACISA SARAPIQUI | F68: 38 | G68: 0 | H68: 28 | I68: 42 | J68: 0 | K68: 0 | L68: 0 | M68: 0 | O68: =IFERROR(VLOOKUP(N68,'Puntos XCC Menor'!$A$1:$B$15,2,FALSE),0) -> 0 | Q68: =IFERROR(VLOOKUP(P68,'Puntos XCO'!$A$1:$B$63,2,FALSE),0) -> 0 | R68: 0 | S68: =IFERROR(VLOOKUP(R68,'Puntos XCC Menor'!$A$1:$B$15,2,FALSE),0) -> 0 | T68: 0 | U68: =IFERROR(VLOOKUP(T68,'Puntos XCO'!$A$1:$B$63,2,FALSE),0) -> 0 | V68: 0 | W68: =IFERROR(VLOOKUP(V68,'Puntos XCC Mayor'!$A$1:$B$15,2,FALSE),0) -> 0 | X68: 0 | Y68: =IFERROR(VLOOKUP(X68,'Puntos XCO'!$A$1:$B$63,2,FALSE),0) -> 0 | Z68: =IFERROR(VLOOKUP($C68,RESXCC_1,9,FALSE),0) -> 0 | AA68: =IFERROR(VLOOKUP(Z68,'Puntos XCC Mayor'!$A$1:$B$15,2,FALSE),0) -> 0 | AB68: =IFERROR(VLOOKUP($C68,RESXCO,9,FALSE),0) -> 0 | AC68: =IFERROR(VLOOKUP(AB68,'Puntos XCO'!$A$1:$B$63,2,FALSE),0) -> 0 | AH68: =G68+I68+K68+M68+O68+Q68+S68+U68+W68+Y68+AA68+AC68+AE68+AG68 -> 42
A69: 55 | B69: 53 | C69: 169 | D69: =VLOOKUP(C69,PLANILLA,2,FALSE) -> VARGAS Justin | E69: =VLOOKUP(C69,PLANILLA,4,FALSE) -> SOTO TRAINING -CCDR LIBERIA | V69: 27 | W69: =IFERROR(VLOOKUP(V69,'Puntos XCC Mayor'!$A$1:$B$15,2,FALSE),0) -> 0 | X69: 28 | Y69: =IFERROR(VLOOKUP(X69,'Puntos XCO'!$A$1:$B$63,2,FALSE),0) -> 42 | Z69: =IFERROR(VLOOKUP($C69,RESXCC_1,9,FALSE),0) -> 0 | AA69: =IFERROR(VLOOKUP(Z69,'Puntos XCC Mayor'!$A$1:$B$15,2,FALSE),0) -> 0 | AB69: =IFERROR(VLOOKUP($C69,RESXCO,9,FALSE),0) -> 0 | AC69: =IFERROR(VLOOKUP(AB69,'Puntos XCO'!$A$1:$B$63,2,FALSE),0) -> 0 | AH69: =G69+I69+K69+M69+O69+Q69+S69+U69+W69+Y69+AA69+AC69+AE69+AG69 -> 42
A70: 56 | B70: 54 | C70: 165 | D70: =VLOOKUP(C70,PLANILLA,2,FALSE) -> GUILLEN Samuel | E70: =VLOOKUP(C70,PLANILLA,4,FALSE) -> CCDR SAN JOSE | R70: 21 | S70: =IFERROR(VLOOKUP(R70,'Puntos XCC Menor'!$A$1:$B$15,2,FALSE),0) -> 0 | T70: 0 | U70: =IFERROR(VLOOKUP(T70,'Puntos XCO'!$A$1:$B$63,2,FALSE),0) -> 0 | V70: 0 | W70: =IFERROR(VLOOKUP(V70,'Puntos XCC Mayor'!$A$1:$B$15,2,FALSE),0) -> 0 | X70: 29 | Y70: =IFERROR(VLOOKUP(X70,'Puntos XCO'!$A$1:$B$63,2,FALSE),0) -> 40 | Z70: =IFERROR(VLOOKUP($C70,RESXCC_1,9,FALSE),0) -> 0 | AA70: =IFERROR(VLOOKUP(Z70,'Puntos XCC Mayor'!$A$1:$B$15,2,FALSE),0) -> 0 | AB70: =IFERROR(VLOOKUP($C70,RESXCO,9,FALSE),0) -> 0 | AC70: =IFERROR(VLOOKUP(AB70,'Puntos XCO'!$A$1:$B$63,2,FALSE),0) -> 0 | AH70: =G70+I70+K70+M70+O70+Q70+S70+U70+W70+Y70+AA70+AC70+AE70+AG70 -> 40
A71: 57 | B71: 55 | C71: 143 | D71: MARCHENA Ethan* | E71: CCDR SANTA CRUZ | F71: 0 | G71: 0 | H71: 0 | I71: 0 | J71: 0 | K71: 0 | L71: 0 | M71: 0 | O71: =IFERROR(VLOOKUP(N71,'Puntos XCC Menor'!$A$1:$B$15,2,FALSE),0) -> 0 | Q71: =IFERROR(VLOOKUP(P71,'Puntos XCO'!$A$1:$B$63,2,FALSE),0) -> 0 | R71: 0 | S71: =IFERROR(VLOOKUP(R71,'Puntos XCC Menor'!$A$1:$B$15,2,FALSE),0) -> 0 | T71: 0 | U71: =IFERROR(VLOOKUP(T71,'Puntos XCO'!$A$1:$B$63,2,FALSE),0) -> 0 | V71: 26 | W71: =IFERROR(VLOOKUP(V71,'Puntos XCC Mayor'!$A$1:$B$15,2,FALSE),0) -> 0 | X71: 30 | Y71: =IFERROR(VLOOKUP(X71,'Puntos XCO'!$A$1:$B$63,2,FALSE),0) -> 38 | Z71: =IFERROR(VLOOKUP($C71,RESXCC_1,9,FALSE),0) -> 0 | AA71: =IFERROR(VLOOKUP(Z71,'Puntos XCC Mayor'!$A$1:$B$15,2,FALSE),0) -> 0 | AB71: =IFERROR(VLOOKUP($C71,RESXCO,9,FALSE),0) -> 0 | AC71: =IFERROR(VLOOKUP(AB71,'Puntos XCO'!$A$1:$B$63,2,FALSE),0) -> 0 | AH71: =G71+I71+K71+M71+O71+Q71+S71+U71+W71+Y71+AA71+AC71+AE71+AG71 -> 38
A72: 58 | B72: 57 | C72: 151 | D72: VASQUEZ Cristóbal* | E72: CODEA ALAJUELA | J72: 16 | K72: 0 | L72: 32 | M72: 34 | O72: =IFERROR(VLOOKUP(N72,'Puntos XCC Menor'!$A$1:$B$15,2,FALSE),0) -> 0 | Q72: =IFERROR(VLOOKUP(P72,'Puntos XCO'!$A$1:$B$63,2,FALSE),0) -> 0 | R72: 0 | S72: =IFERROR(VLOOKUP(R72,'Puntos XCC Menor'!$A$1:$B$15,2,FALSE),0) -> 0 | T72: 0 | U72: =IFERROR(VLOOKUP(T72,'Puntos XCO'!$A$1:$B$63,2,FALSE),0) -> 0 | V72: 0 | W72: =IFERROR(VLOOKUP(V72,'Puntos XCC Mayor'!$A$1:$B$15,2,FALSE),0) -> 0 | X72: 0 | Y72: =IFERROR(VLOOKUP(X72,'Puntos XCO'!$A$1:$B$63,2,FALSE),0) -> 0 | Z72: =IFERROR(VLOOKUP($C72,RESXCC_1,9,FALSE),0) -> 0 | AA72: =IFERROR(VLOOKUP(Z72,'Puntos XCC Mayor'!$A$1:$B$15,2,FALSE),0) -> 0 | AB72: =IFERROR(VLOOKUP($C72,RESXCO,9,FALSE),0) -> 0 | AC72: =IFERROR(VLOOKUP(AB72,'Puntos XCO'!$A$1:$B$63,2,FALSE),0) -> 0 | AH72: =G72+I72+K72+M72+O72+Q72+S72+U72+W72+Y72+AA72+AC72+AE72+AG72 -> 34
A73: 59 | B73: 58 | D73: WESTRA Seyo * | E73: CCDR PARAÍSO | F73: 0 | G73: 0 | H73: 0 | I73: 0 | J73: 42 | K73: 0 | L73: 37 | M73: 27 | O73: =IFERROR(VLOOKUP(N73,'Puntos XCC Menor'!$A$1:$B$15,2,FALSE),0) -> 0 | Q73: =IFERROR(VLOOKUP(P73,'Puntos XCO'!$A$1:$B$63,2,FALSE),0) -> 0 | R73: 0 | S73: =IFERROR(VLOOKUP(R73,'Puntos XCC Menor'!$A$1:$B$15,2,FALSE),0) -> 0 | T73: 0 | U73: =IFERROR(VLOOKUP(T73,'Puntos XCO'!$A$1:$B$63,2,FALSE),0) -> 0 | V73: 0 | W73: =IFERROR(VLOOKUP(V73,'Puntos XCC Mayor'!$A$1:$B$15,2,FALSE),0) -> 0 | X73: 0 | Y73: =IFERROR(VLOOKUP(X73,'Puntos XCO'!$A$1:$B$63,2,FALSE),0) -> 0 | Z73: =IFERROR(VLOOKUP($C73,RESXCC_1,9,FALSE),0) -> 0 | AA73: =IFERROR(VLOOKUP(Z73,'Puntos XCC Mayor'!$A$1:$B$15,2,FALSE),0) -> 0 | AB73: =IFERROR(VLOOKUP($C73,RESXCO,9,FALSE),0) -> 0 | AC73: =IFERROR(VLOOKUP(AB73,'Puntos XCO'!$A$1:$B$63,2,FALSE),0) -> 0 | AH73: =G73+I73+K73+M73+O73+Q73+S73+U73+W73+Y73+AA73+AC73+AE73+AG73 -> 27
A74: 60 | B74: 59 | C74: 149 | D74: LIRA Axel * | E74: DISTRIBUIDORA CRUZ TECNOCFORES CCDR POCOCI | J74: 40 | K74: 0 | L74: 38 | M74: 26 | O74: =IFERROR(VLOOKUP(N74,'Puntos XCC Menor'!$A$1:$B$15,2,FALSE),0) -> 0 | Q74: =IFERROR(VLOOKUP(P74,'Puntos XCO'!$A$1:$B$63,2,FALSE),0) -> 0 | R74: 0 | S74: =IFERROR(VLOOKUP(R74,'Puntos XCC Menor'!$A$1:$B$15,2,FALSE),0) -> 0 | T74: 0 | U74: =IFERROR(VLOOKUP(T74,'Puntos XCO'!$A$1:$B$63,2,FALSE),0) -> 0 | V74: 0 | W74: =IFERROR(VLOOKUP(V74,'Puntos XCC Mayor'!$A$1:$B$15,2,FALSE),0) -> 0 | X74: 0 | Y74: =IFERROR(VLOOKUP(X74,'Puntos XCO'!$A$1:$B$63,2,FALSE),0) -> 0 | Z74: =IFERROR(VLOOKUP($C74,RESXCC_1,9,FALSE),0) -> 0 | AA74: =IFERROR(VLOOKUP(Z74,'Puntos XCC Mayor'!$A$1:$B$15,2,FALSE),0) -> 0 | AB74: =IFERROR(VLOOKUP($C74,RESXCO,9,FALSE),0) -> 0 | AC74: =IFERROR(VLOOKUP(AB74,'Puntos XCO'!$A$1:$B$63,2,FALSE),0) -> 0 | AH74: =G74+I74+K74+M74+O74+Q74+S74+U74+W74+Y74+AA74+AC74+AE74+AG74 -> 26
A75: 61 | B75: 60 | C75: 155 | D75: VILLALOBOS Yohel* | E75: FERVISA LLISA BIOMED | J75: 0 | K75: 0 | L75: 39 | M75: 25 | O75: =IFERROR(VLOOKUP(N75,'Puntos XCC Menor'!$A$1:$B$15,2,FALSE),0) -> 0 | Q75: =IFERROR(VLOOKUP(P75,'Puntos XCO'!$A$1:$B$63,2,FALSE),0) -> 0 | R75: 0 | S75: =IFERROR(VLOOKUP(R75,'Puntos XCC Menor'!$A$1:$B$15,2,FALSE),0) -> 0 | T75: 0 | U75: =IFERROR(VLOOKUP(T75,'Puntos XCO'!$A$1:$B$63,2,FALSE),0) -> 0 | V75: 0 | W75: =IFERROR(VLOOKUP(V75,'Puntos XCC Mayor'!$A$1:$B$15,2,FALSE),0) -> 0 | X75: 0 | Y75: =IFERROR(VLOOKUP(X75,'Puntos XCO'!$A$1:$B$63,2,FALSE),0) -> 0 | Z75: =IFERROR(VLOOKUP($C75,RESXCC_1,9,FALSE),0) -> 0 | AA75: =IFERROR(VLOOKUP(Z75,'Puntos XCC Mayor'!$A$1:$B$15,2,FALSE),0) -> 0 | AB75: =IFERROR(VLOOKUP($C75,RESXCO,9,FALSE),0) -> 0 | AC75: =IFERROR(VLOOKUP(AB75,'Puntos XCO'!$A$1:$B$63,2,FALSE),0) -> 0 | AH75: =G75+I75+K75+M75+O75+Q75+S75+U75+W75+Y75+AA75+AC75+AE75+AG75 -> 25
A76: 62 | B76: 61 | C76: 156 | D76: GUZMAN Aaaron | E76: ACISA | J76: 34 | K76: 0 | L76: 41 | M76: 23 | O76: =IFERROR(VLOOKUP(N76,'Puntos XCC Menor'!$A$1:$B$15,2,FALSE),0) -> 0 | Q76: =IFERROR(VLOOKUP(P76,'Puntos XCO'!$A$1:$B$63,2,FALSE),0) -> 0 | R76: 0 | S76: =IFERROR(VLOOKUP(R76,'Puntos XCC Menor'!$A$1:$B$15,2,FALSE),0) -> 0 | T76: 0 | U76: =IFERROR(VLOOKUP(T76,'Puntos XCO'!$A$1:$B$63,2,FALSE),0) -> 0 | V76: 0 | W76: =IFERROR(VLOOKUP(V76,'Puntos XCC Mayor'!$A$1:$B$15,2,FALSE),0) -> 0 | X76: 0 | Y76: =IFERROR(VLOOKUP(X76,'Puntos XCO'!$A$1:$B$63,2,FALSE),0) -> 0 | Z76: =IFERROR(VLOOKUP($C76,RESXCC_1,9,FALSE),0) -> 0 | AA76: =IFERROR(VLOOKUP(Z76,'Puntos XCC Mayor'!$A$1:$B$15,2,FALSE),0) -> 0 | AB76: =IFERROR(VLOOKUP($C76,RESXCO,9,FALSE),0) -> 0 | AC76: =IFERROR(VLOOKUP(AB76,'Puntos XCO'!$A$1:$B$63,2,FALSE),0) -> 0 | AH76: =G76+I76+K76+M76+O76+Q76+S76+U76+W76+Y76+AA76+AC76+AE76+AG76 -> 23
A77: 63 | B77: 62 | C77: 152 | D77: MARTINEZ Alejandro* | E77: TURRIALBA | J77: 38 | K77: 0 | L77: 43 | M77: 21 | O77: =IFERROR(VLOOKUP(N77,'Puntos XCC Menor'!$A$1:$B$15,2,FALSE),0) -> 0 | Q77: =IFERROR(VLOOKUP(P77,'Puntos XCO'!$A$1:$B$63,2,FALSE),0) -> 0 | R77: 0 | S77: =IFERROR(VLOOKUP(R77,'Puntos XCC Menor'!$A$1:$B$15,2,FALSE),0) -> 0 | T77: 0 | U77: =IFERROR(VLOOKUP(T77,'Puntos XCO'!$A$1:$B$63,2,FALSE),0) -> 0 | V77: 0 | W77: =IFERROR(VLOOKUP(V77,'Puntos XCC Mayor'!$A$1:$B$15,2,FALSE),0) -> 0 | X77: 0 | Y77: =IFERROR(VLOOKUP(X77,'Puntos XCO'!$A$1:$B$63,2,FALSE),0) -> 0 | Z77: =IFERROR(VLOOKUP($C77,RESXCC_1,9,FALSE),0) -> 0 | AA77: =IFERROR(VLOOKUP(Z77,'Puntos XCC Mayor'!$A$1:$B$15,2,FALSE),0) -> 0 | AB77: =IFERROR(VLOOKUP($C77,RESXCO,9,FALSE),0) -> 0 | AC77: =IFERROR(VLOOKUP(AB77,'Puntos XCO'!$A$1:$B$63,2,FALSE),0) -> 0 | AH77: =G77+I77+K77+M77+O77+Q77+S77+U77+W77+Y77+AA77+AC77+AE77+AG77 -> 21
A78: 64 | B78: 63 | C78: 150 | D78: FERNÁNDEZ Caled* | E78: DISTRIBUIDORA CRUZ TECNOFORES CCDR POCOCÍ | J78: 44 | K78: 0 | L78: 44 | M78: 20 | O78: =IFERROR(VLOOKUP(N78,'Puntos XCC Menor'!$A$1:$B$15,2,FALSE),0) -> 0 | Q78: =IFERROR(VLOOKUP(P78,'Puntos XCO'!$A$1:$B$63,2,FALSE),0) -> 0 | R78: 0 | S78: =IFERROR(VLOOKUP(R78,'Puntos XCC Menor'!$A$1:$B$15,2,FALSE),0) -> 0 | T78: 0 | U78: =IFERROR(VLOOKUP(T78,'Puntos XCO'!$A$1:$B$63,2,FALSE),0) -> 0 | V78: 0 | W78: =IFERROR(VLOOKUP(V78,'Puntos XCC Mayor'!$A$1:$B$15,2,FALSE),0) -> 0 | X78: 0 | Y78: =IFERROR(VLOOKUP(X78,'Puntos XCO'!$A$1:$B$63,2,FALSE),0) -> 0 | Z78: =IFERROR(VLOOKUP($C78,RESXCC_1,9,FALSE),0) -> 0 | AA78: =IFERROR(VLOOKUP(Z78,'Puntos XCC Mayor'!$A$1:$B$15,2,FALSE),0) -> 0 | AB78: =IFERROR(VLOOKUP($C78,RESXCO,9,FALSE),0) -> 0 | AC78: =IFERROR(VLOOKUP(AB78,'Puntos XCO'!$A$1:$B$63,2,FALSE),0) -> 0 | AH78: =G78+I78+K78+M78+O78+Q78+S78+U78+W78+Y78+AA78+AC78+AE78+AG78 -> 20
A79: 65 | B79: 64 | D79: CASTILLO Edwan* | E79: ESC GUIDO BLANCO/CCDRL | F79: 30 | G79: 0 | H79: 0 | I79: 0 | J79: 29 | K79: 0 | L79: 46 | M79: 18 | O79: =IFERROR(VLOOKUP(N79,'Puntos XCC Menor'!$A$1:$B$15,2,FALSE),0) -> 0 | Q79: =IFERROR(VLOOKUP(P79,'Puntos XCO'!$A$1:$B$63,2,FALSE),0) -> 0 | R79: 0 | S79: =IFERROR(VLOOKUP(R79,'Puntos XCC Menor'!$A$1:$B$15,2,FALSE),0) -> 0 | T79: 0 | U79: =IFERROR(VLOOKUP(T79,'Puntos XCO'!$A$1:$B$63,2,FALSE),0) -> 0 | V79: 0 | W79: =IFERROR(VLOOKUP(V79,'Puntos XCC Mayor'!$A$1:$B$15,2,FALSE),0) -> 0 | X79: 0 | Y79: =IFERROR(VLOOKUP(X79,'Puntos XCO'!$A$1:$B$63,2,FALSE),0) -> 0 | Z79: =IFERROR(VLOOKUP($C79,RESXCC_1,9,FALSE),0) -> 0 | AA79: =IFERROR(VLOOKUP(Z79,'Puntos XCC Mayor'!$A$1:$B$15,2,FALSE),0) -> 0 | AB79: =IFERROR(VLOOKUP($C79,RESXCO,9,FALSE),0) -> 0 | AC79: =IFERROR(VLOOKUP(AB79,'Puntos XCO'!$A$1:$B$63,2,FALSE),0) -> 0 | AH79: =G79+I79+K79+M79+O79+Q79+S79+U79+W79+Y79+AA79+AC79+AE79+AG79 -> 18
A80: 66 | C80: 174 | D80: =VLOOKUP(C80,PLANILLA,2,FALSE) -> GONZÁLEZ Isaac* | E80: =VLOOKUP(C80,PLANILLA,4,FALSE) -> CCDR LIMON | Z80: =IFERROR(VLOOKUP($C80,RESXCC_1,9,FALSE),0) -> 10 | AA80: =IFERROR(VLOOKUP(Z80,'Puntos XCC Mayor'!$A$1:$B$15,2,FALSE),0) -> 6 | AB80: =IFERROR(VLOOKUP($C80,RESXCO,9,FALSE),0) -> 0 | AC80: =IFERROR(VLOOKUP(AB80,'Puntos XCO'!$A$1:$B$63,2,FALSE),0) -> 0 | AH80: =G80+I80+K80+M80+O80+Q80+S80+U80+W80+Y80+AA80+AC80+AE80+AG80 -> 6
A81: 67 | B81: 65 | D81: BERMUDEZ Diego Andres* | E81: SCOTT SHIMANO CYCLING TEAM | F81: 9 | G81: 2 | H81: 0 | I81: 0 | J81: 0 | K81: 0 | L81: 0 | M81: 0 | O81: =IFERROR(VLOOKUP(N81,'Puntos XCC Menor'!$A$1:$B$15,2,FALSE),0) -> 0 | Q81: =IFERROR(VLOOKUP(P81,'Puntos XCO'!$A$1:$B$63,2,FALSE),0) -> 0 | R81: 0 | S81: =IFERROR(VLOOKUP(R81,'Puntos XCC Menor'!$A$1:$B$15,2,FALSE),0) -> 0 | T81: 0 | U81: =IFERROR(VLOOKUP(T81,'Puntos XCO'!$A$1:$B$63,2,FALSE),0) -> 0 | V81: 0 | W81: =IFERROR(VLOOKUP(V81,'Puntos XCC Mayor'!$A$1:$B$15,2,FALSE),0) -> 0 | X81: 0 | Y81: =IFERROR(VLOOKUP(X81,'Puntos XCO'!$A$1:$B$63,2,FALSE),0) -> 0 | Z81: =IFERROR(VLOOKUP($C81,RESXCC_1,9,FALSE),0) -> 0 | AA81: =IFERROR(VLOOKUP(Z81,'Puntos XCC Mayor'!$A$1:$B$15,2,FALSE),0) -> 0 | AB81: =IFERROR(VLOOKUP($C81,RESXCO,9,FALSE),0) -> 0 | AC81: =IFERROR(VLOOKUP(AB81,'Puntos XCO'!$A$1:$B$63,2,FALSE),0) -> 0 | AH81: =G81+I81+K81+M81+O81+Q81+S81+U81+W81+Y81+AA81+AC81+AE81+AG81 -> 2
C82: 141 | D82: CORDERO Adriano* | E82: ACISA SARAPIQUI | F82: 0 | G82: 0 | H82: 0 | I82: 0 | J82: 0 | K82: 0 | L82: 0 | M82: 0 | O82: =IFERROR(VLOOKUP(N82,'Puntos XCC Menor'!$A$1:$B$15,2,FALSE),0) -> 0 | Q82: =IFERROR(VLOOKUP(P82,'Puntos XCO'!$A$1:$B$63,2,FALSE),0) -> 0 | R82: 0 | S82: =IFERROR(VLOOKUP(R82,'Puntos XCC Menor'!$A$1:$B$15,2,FALSE),0) -> 0 | T82: 0 | U82: =IFERROR(VLOOKUP(T82,'Puntos XCO'!$A$1:$B$63,2,FALSE),0) -> 0 | V82: 0 | W82: =IFERROR(VLOOKUP(V82,'Puntos XCC Mayor'!$A$1:$B$15,2,FALSE),0) -> 0 | X82: 0 | Y82: =IFERROR(VLOOKUP(X82,'Puntos XCO'!$A$1:$B$63,2,FALSE),0) -> 0 | Z82: =IFERROR(VLOOKUP($C82,RESXCC_1,9,FALSE),0) -> 0 | AA82: =IFERROR(VLOOKUP(Z82,'Puntos XCC Mayor'!$A$1:$B$15,2,FALSE),0) -> 0 | AB82: =IFERROR(VLOOKUP($C82,RESXCO,9,FALSE),0) -> 0 | AC82: =IFERROR(VLOOKUP(AB82,'Puntos XCO'!$A$1:$B$63,2,FALSE),0) -> 0 | AH82: =G82+I82+K82+M82+O82+Q82+S82+U82+W82+Y82+AA82+AC82+AE82+AG82 -> 0
C83: 153 | D83: GARRO Sergio* | E83: DISTRIBUIDORA CRUZ TECNOCFORES CCDR POCOCI | J83: 39 | K83: 0 | L83: 0 | M83: 0 | O83: =IFERROR(VLOOKUP(N83,'Puntos XCC Menor'!$A$1:$B$15,2,FALSE),0) -> 0 | Q83: =IFERROR(VLOOKUP(P83,'Puntos XCO'!$A$1:$B$63,2,FALSE),0) -> 0 | R83: 0 | S83: =IFERROR(VLOOKUP(R83,'Puntos XCC Menor'!$A$1:$B$15,2,FALSE),0) -> 0 | T83: 0 | U83: =IFERROR(VLOOKUP(T83,'Puntos XCO'!$A$1:$B$63,2,FALSE),0) -> 0 | V83: 0 | W83: =IFERROR(VLOOKUP(V83,'Puntos XCC Mayor'!$A$1:$B$15,2,FALSE),0) -> 0 | X83: 0 | Y83: =IFERROR(VLOOKUP(X83,'Puntos XCO'!$A$1:$B$63,2,FALSE),0) -> 0 | Z83: =IFERROR(VLOOKUP($C83,RESXCC_1,9,FALSE),0) -> 0 | AA83: =IFERROR(VLOOKUP(Z83,'Puntos XCC Mayor'!$A$1:$B$15,2,FALSE),0) -> 0 | AB83: =IFERROR(VLOOKUP($C83,RESXCO,9,FALSE),0) -> 0 | AC83: =IFERROR(VLOOKUP(AB83,'Puntos XCO'!$A$1:$B$63,2,FALSE),0) -> 0 | AH83: =G83+I83+K83+M83+O83+Q83+S83+U83+W83+Y83+AA83+AC83+AE83+AG83 -> 0
C84: 154 | D84: GAMBOA Yeirel* | E84: TEAM CRUZ DISTRIBUIDORA CRUZ CCDR POCOCI | J84: 26 | K84: 0 | L84: 0 | M84: 0 | O84: =IFERROR(VLOOKUP(N84,'Puntos XCC Menor'!$A$1:$B$15,2,FALSE),0) -> 0 | Q84: =IFERROR(VLOOKUP(P84,'Puntos XCO'!$A$1:$B$63,2,FALSE),0) -> 0 | R84: 0 | S84: =IFERROR(VLOOKUP(R84,'Puntos XCC Menor'!$A$1:$B$15,2,FALSE),0) -> 0 | T84: 0 | U84: =IFERROR(VLOOKUP(T84,'Puntos XCO'!$A$1:$B$63,2,FALSE),0) -> 0 | V84: 0 | W84: =IFERROR(VLOOKUP(V84,'Puntos XCC Mayor'!$A$1:$B$15,2,FALSE),0) -> 0 | X84: 0 | Y84: =IFERROR(VLOOKUP(X84,'Puntos XCO'!$A$1:$B$63,2,FALSE),0) -> 0 | Z84: =IFERROR(VLOOKUP($C84,RESXCC_1,9,FALSE),0) -> 0 | AA84: =IFERROR(VLOOKUP(Z84,'Puntos XCC Mayor'!$A$1:$B$15,2,FALSE),0) -> 0 | AB84: =IFERROR(VLOOKUP($C84,RESXCO,9,FALSE),0) -> 0 | AC84: =IFERROR(VLOOKUP(AB84,'Puntos XCO'!$A$1:$B$63,2,FALSE),0) -> 0 | AH84: =G84+I84+K84+M84+O84+Q84+S84+U84+W84+Y84+AA84+AC84+AE84+AG84 -> 0
C85: 172 | D85: =VLOOKUP(C85,PLANILLA,2,FALSE) -> SALAS Sebastian* | E85: =VLOOKUP(C85,PLANILLA,4,FALSE) -> CCDR SAN JOSÉ | Z85: =IFERROR(VLOOKUP($C85,RESXCC_1,9,FALSE),0) -> 22 | AA85: =IFERROR(VLOOKUP(Z85,'Puntos XCC Mayor'!$A$1:$B$15,2,FALSE),0) -> 0 | AB85: =IFERROR(VLOOKUP($C85,RESXCO,9,FALSE),0) -> 0 | AC85: =IFERROR(VLOOKUP(AB85,'Puntos XCO'!$A$1:$B$63,2,FALSE),0) -> 0 | AH85: =G85+I85+K85+M85+O85+Q85+S85+U85+W85+Y85+AA85+AC85+AE85+AG85 -> 0

Sheet JF
A8: JUVENIL FEMENINO (17-18)
A10: 1 - Finca Grupo Orosi >21 y 22 febrero 2 - Parque La Libertad Desamparados > 28 y 29 marzo 3 - Adventure Park > 16 y 17 mayo 4 - Finca La Hisopa San Pedro de Turrubares > 13 y 14 junio
A11: 5 - Campamento Oikoumene, Ochomogo > 18 y 19 julio 6 - Finca Grupo Orosi, Paraiso > 12 y 13 setiembre 7 - Parque Recreativo Sarapiqui > 31 Oct y 01 Nov
A13: POSICION | F13: 1 | J13: 2 | N13: 3 | R13: 4 | V13: 5 | Z13: 6 | AD13: 7 | AH13: TOTAL PUNTOS
A14: ACTUAL | B14: ANTERIOR | C14: NO | D14: NOMBRE | E14: EQUIPO | F14: POS XCC | G14: PTOS XCC | H14: POS XCO | I14: PTOS XCO | J14: POS XCC | K14: PTOS XCC | L14: POS XCO | M14: PTOS XCO | N14: POS XCC | O14: PTOS XCC | P14: POS XCO | Q14: PTOS XCO | R14: POS XCC | S14: PTOS XCC | T14: POS XCO | U14: PTOS XCO | V14: POS XCC | W14: PTOS XCC | X14: POS XCO | Y14: PTOS XCO | Z14: POS XCC | AA14: PTOS XCC | AB14: POS XCO | AC14: PTOS XCO | AD14: POS XCC | AE14: PTOS XCC | AF14: POS XCO | AG14: PTOS XCO
A15: 1 | B15: 1 | C15: 263 | D15: MADRIGAL Maidelyn | E15: ACISA | F15: 1 | G15: 10 | H15: 1 | I15: 200 | J15: 1 | K15: 10 | L15: 1 | M15: 200 | O15: =IFERROR(VLOOKUP(N15,'Puntos XCC Menor'!$A$1:$B$15,2,FALSE),0) -> 0 | P15: 2 | Q15: =IFERROR(VLOOKUP(P15,'Puntos XCO'!$A$1:$B$63,2,FALSE),0) -> 150 | R15: 1 | S15: =IFERROR(VLOOKUP(R15,'Puntos XCC Menor'!$A$1:$B$15,2,FALSE),0) -> 10 | T15: 1 | U15: =IFERROR(VLOOKUP(T15,'Puntos XCO'!$A$1:$B$63,2,FALSE),0) -> 200 | V15: 1 | W15: =IFERROR(VLOOKUP(V15,'Puntos XCC Mayor'!$A$1:$B$15,2,FALSE),0) -> 25 | X15: 1 | Y15: =IFERROR(VLOOKUP(X15,'Puntos XCO'!$A$1:$B$63,2,FALSE),0) -> 200 | Z15: =IFERROR(VLOOKUP($C15,RESXCC_1,9,FALSE),0) -> 1 | AA15: =IFERROR(VLOOKUP(Z15,'Puntos XCC Mayor'!$A$1:$B$15,2,FALSE),0) -> 25 | AB15: =IFERROR(VLOOKUP($C15,RESXCO,9,FALSE),0) -> 1 | AC15: =IFERROR(VLOOKUP(AB15,'Puntos XCO'!$A$1:$B$63,2,FALSE),0) -> 200 | AH15: =G15+I15+K15+M15+O15+Q15+S15+U15+W15+Y15+AA15+AC15+AE15+AG15 -> 1230
A16: 2 | B16: 2 | C16: 264 | D16: BARQUERO Brenda* | E16: CCDR BUENOS AIRES | F16: 2 | G16: 9 | H16: 4 | I16: 110 | J16: 2 | K16: 9 | L16: 2 | M16: 150 | O16: =IFERROR(VLOOKUP(N16,'Puntos XCC Menor'!$A$1:$B$15,2,FALSE),0) -> 0 | P16: 4 | Q16: =IFERROR(VLOOKUP(P16,'Puntos XCO'!$A$1:$B$63,2,FALSE),0) -> 110 | R16: 2 | S16: =IFERROR(VLOOKUP(R16,'Puntos XCC Menor'!$A$1:$B$15,2,FALSE),0) -> 9 | T16: 2 | U16: =IFERROR(VLOOKUP(T16,'Puntos XCO'!$A$1:$B$63,2,FALSE),0) -> 150 | V16: 2 | W16: =IFERROR(VLOOKUP(V16,'Puntos XCC Mayor'!$A$1:$B$15,2,FALSE),0) -> 20 | X16: 2 | Y16: =IFERROR(VLOOKUP(X16,'Puntos XCO'!$A$1:$B$63,2,FALSE),0) -> 150 | Z16: =IFERROR(VLOOKUP($C16,RESXCC_1,9,FALSE),0) -> 0 | AA16: =IFERROR(VLOOKUP(Z16,'Puntos XCC Mayor'!$A$1:$B$15,2,FALSE),0) -> 0 | AB16: =IFERROR(VLOOKUP($C16,RESXCO,9,FALSE),0) -> 0 | AC16: =IFERROR(VLOOKUP(AB16,'Puntos XCO'!$A$1:$B$63,2,FALSE),0) -> 0 | AH16: =G16+I16+K16+M16+O16+Q16+S16+U16+W16+Y16+AA16+AC16+AE16+AG16 -> 717
A17: 3 | B17: 4 | C17: 266 | D17: ALVARADO Jimena* | E17: CCDR LIMÓN | F17: 0 | G17: 0 | H17: 3 | I17: 120 | J17: 0 | K17: 0 | L17: 0 | M17: 0 | O17: =IFERROR(VLOOKUP(N17,'Puntos XCC Menor'!$A$1:$B$15,2,FALSE),0) -> 0 | Q17: =IFERROR(VLOOKUP(P17,'Puntos XCO'!$A$1:$B$63,2,FALSE),0) -> 0 | R17: 0 | S17: =IFERROR(VLOOKUP(R17,'Puntos XCC Menor'!$A$1:$B$15,2,FALSE),0) -> 0 | T17: 0 | U17: =IFERROR(VLOOKUP(T17,'Puntos XCO'!$A$1:$B$63,2,FALSE),0) -> 0 | V17: 3 | W17: =IFERROR(VLOOKUP(V17,'Puntos XCC Mayor'!$A$1:$B$15,2,FALSE),0) -> 16 | X17: 3 | Y17: =IFERROR(VLOOKUP(X17,'Puntos XCO'!$A$1:$B$63,2,FALSE),0) -> 120 | Z17: =IFERROR(VLOOKUP($C17,RESXCC_1,9,FALSE),0) -> 2 | AA17: =IFERROR(VLOOKUP(Z17,'Puntos XCC Mayor'!$A$1:$B$15,2,FALSE),0) -> 20 | AB17: =IFERROR(VLOOKUP($C17,RESXCO,9,FALSE),0) -> 2 | AC17: =IFERROR(VLOOKUP(AB17,'Puntos XCO'!$A$1:$B$63,2,FALSE),0) -> 150 | AH17: =G17+I17+K17+M17+O17+Q17+S17+U17+W17+Y17+AA17+AC17+AE17+AG17 -> 426
A18: 4 | B18: 3 | C18: 265 | D18: RIVERA Leonor Fernanda* | E18: CCDR ESCAZÚ | J18: 4 | K18: 7 | L18: 3 | M18: 120 | O18: =IFERROR(VLOOKUP(N18,'Puntos XCC Menor'!$A$1:$B$15,2,FALSE),0) -> 0 | P18: 5 | Q18: =IFERROR(VLOOKUP(P18,'Puntos XCO'!$A$1:$B$63,2,FALSE),0) -> 100 | R18: 3 | S18: =IFERROR(VLOOKUP(R18,'Puntos XCC Menor'!$A$1:$B$15,2,FALSE),0) -> 8 | T18: 0 | U18: =IFERROR(VLOOKUP(T18,'Puntos XCO'!$A$1:$B$63,2,FALSE),0) -> 0 | V18: 4 | W18: =IFERROR(VLOOKUP(V18,'Puntos XCC Mayor'!$A$1:$B$15,2,FALSE),0) -> 14 | X18: 5 | Y18: =IFERROR(VLOOKUP(X18,'Puntos XCO'!$A$1:$B$63,2,FALSE),0) -> 100 | Z18: =IFERROR(VLOOKUP($C18,RESXCC_1,9,FALSE),0) -> 0 | AA18: =IFERROR(VLOOKUP(Z18,'Puntos XCC Mayor'!$A$1:$B$15,2,FALSE),0) -> 0 | AB18: =IFERROR(VLOOKUP($C18,RESXCO,9,FALSE),0) -> 0 | AC18: =IFERROR(VLOOKUP(AB18,'Puntos XCO'!$A$1:$B$63,2,FALSE),0) -> 0 | AH18: =G18+I18+K18+M18+O18+Q18+S18+U18+W18+Y18+AA18+AC18+AE18+AG18 -> 349
A19: 5 | B19: 5 | C19: 261 | D19: GAVIRIA Daniela | E19: GW ERCO SPORTFITNESS | P19: 1 | Q19: =IFERROR(VLOOKUP(P19,'Puntos XCO'!$A$1:$B$63,2,FALSE),0) -> 200 | R19: 0 | S19: =IFERROR(VLOOKUP(R19,'Puntos XCC Menor'!$A$1:$B$15,2,FALSE),0) -> 0 | T19: 0 | U19: =IFERROR(VLOOKUP(T19,'Puntos XCO'!$A$1:$B$63,2,FALSE),0) -> 0 | V19: 0 | W19: =IFERROR(VLOOKUP(V19,'Puntos XCC Mayor'!$A$1:$B$15,2,FALSE),0) -> 0 | X19: 0 | Y19: =IFERROR(VLOOKUP(X19,'Puntos XCO'!$A$1:$B$63,2,FALSE),0) -> 0 | Z19: =IFERROR(VLOOKUP($C19,RESXCC_1,9,FALSE),0) -> 0 | AA19: =IFERROR(VLOOKUP(Z19,'Puntos XCC Mayor'!$A$1:$B$15,2,FALSE),0) -> 0 | AB19: =IFERROR(VLOOKUP($C19,RESXCO,9,FALSE),0) -> 0 | AC19: =IFERROR(VLOOKUP(AB19,'Puntos XCO'!$A$1:$B$63,2,FALSE),0) -> 0 | AH19: =G19+I19+K19+M19+O19+Q19+S19+U19+W19+Y19+AA19+AC19+AE19+AG19 -> 200
A20: 6 | B20: 6 | D20: ZÁRATE Nazareth* | E20: CICLISMO BELÉN | F20: 3 | G20: 8 | H20: 2 | I20: 150 | J20: 3 | K20: 8 | L20: 0 | M20: 0 | O20: =IFERROR(VLOOKUP(N20,'Puntos XCC Menor'!$A$1:$B$15,2,FALSE),0) -> 0 | Q20: =IFERROR(VLOOKUP(P20,'Puntos XCO'!$A$1:$B$63,2,FALSE),0) -> 0 | R20: 0 | S20: =IFERROR(VLOOKUP(R20,'Puntos XCC Menor'!$A$1:$B$15,2,FALSE),0) -> 0 | T20: 0 | U20: =IFERROR(VLOOKUP(T20,'Puntos XCO'!$A$1:$B$63,2,FALSE),0) -> 0 | V20: 0 | W20: =IFERROR(VLOOKUP(V20,'Puntos XCC Mayor'!$A$1:$B$15,2,FALSE),0) -> 0 | X20: 0 | Y20: =IFERROR(VLOOKUP(X20,'Puntos XCO'!$A$1:$B$63,2,FALSE),0) -> 0 | Z20: =IFERROR(VLOOKUP($C20,RESXCC_1,9,FALSE),0) -> 0 | AA20: =IFERROR(VLOOKUP(Z20,'Puntos XCC Mayor'!$A$1:$B$15,2,FALSE),0) -> 0 | AB20: =IFERROR(VLOOKUP($C20,RESXCO,9,FALSE),0) -> 0 | AC20: =IFERROR(VLOOKUP(AB20,'Puntos XCO'!$A$1:$B$63,2,FALSE),0) -> 0 | AH20: =G20+I20+K20+M20+O20+Q20+S20+U20+W20+Y20+AA20+AC20+AE20+AG20 -> 166
A21: 7 | B21: 7 | C21: 262 | D21: LEDGARD Alice | E21: GIANT PERÚ SIN FRONTERAS | P21: 3 | Q21: =IFERROR(VLOOKUP(P21,'Puntos XCO'!$A$1:$B$63,2,FALSE),0) -> 120 | R21: 0 | S21: =IFERROR(VLOOKUP(R21,'Puntos XCC Menor'!$A$1:$B$15,2,FALSE),0) -> 0 | T21: 0 | U21: =IFERROR(VLOOKUP(T21,'Puntos XCO'!$A$1:$B$63,2,FALSE),0) -> 0 | V21: 0 | W21: =IFERROR(VLOOKUP(V21,'Puntos XCC Mayor'!$A$1:$B$15,2,FALSE),0) -> 0 | X21: 0 | Y21: =IFERROR(VLOOKUP(X21,'Puntos XCO'!$A$1:$B$63,2,FALSE),0) -> 0 | Z21: =IFERROR(VLOOKUP($C21,RESXCC_1,9,FALSE),0) -> 0 | AA21: =IFERROR(VLOOKUP(Z21,'Puntos XCC Mayor'!$A$1:$B$15,2,FALSE),0) -> 0 | AB21: =IFERROR(VLOOKUP($C21,RESXCO,9,FALSE),0) -> 0 | AC21: =IFERROR(VLOOKUP(AB21,'Puntos XCO'!$A$1:$B$63,2,FALSE),0) -> 0 | AH21: =G21+I21+K21+M21+O21+Q21+S21+U21+W21+Y21+AA21+AC21+AE21+AG21 -> 120
A22: 8 | C22: 268 | D22: =VLOOKUP(C22,PLANILLA,2,FALSE) -> MAYORGA Lucía* | E22: =VLOOKUP(C22,PLANILLA,4,FALSE) -> Codea alajuela | Z22: =IFERROR(VLOOKUP($C22,RESXCC_1,9,FALSE),0) -> 0 | AA22: =IFERROR(VLOOKUP(Z22,'Puntos XCC Mayor'!$A$1:$B$15,2,FALSE),0) -> 0 | AB22: =IFERROR(VLOOKUP($C22,RESXCO,9,FALSE),0) -> 3 | AC22: =IFERROR(VLOOKUP(AB22,'Puntos XCO'!$A$1:$B$63,2,FALSE),0) -> 120 | AH22: =G22+I22+K22+M22+O22+Q22+S22+U22+W22+Y22+AA22+AC22+AE22+AG22 -> 120
A23: 9 | B23: 8 | C23: 267 | D23: =VLOOKUP(C23,PLANILLA,2,FALSE) -> CALVO Fiorella | E23: =VLOOKUP(C23,PLANILLA,4,FALSE) -> ASOCIACIÓN CICLISTICA GRECIA | V23: 0 | W23: =IFERROR(VLOOKUP(V23,'Puntos XCC Mayor'!$A$1:$B$15,2,FALSE),0) -> 0 | X23: 4 | Y23: =IFERROR(VLOOKUP(X23,'Puntos XCO'!$A$1:$B$63,2,FALSE),0) -> 110 | Z23: =IFERROR(VLOOKUP($C23,RESXCC_1,9,FALSE),0) -> 0 | AA23: =IFERROR(VLOOKUP(Z23,'Puntos XCC Mayor'!$A$1:$B$15,2,FALSE),0) -> 0 | AB23: =IFERROR(VLOOKUP($C23,RESXCO,9,FALSE),0) -> 0 | AC23: =IFERROR(VLOOKUP(AB23,'Puntos XCO'!$A$1:$B$63,2,FALSE),0) -> 0 | AH23: =G23+I23+K23+M23+O23+Q23+S23+U23+W23+Y23+AA23+AC23+AE23+AG23 -> 110

Sheet PJM
A8: PREJUVENIL MASCULINO (15-16)
A10: 1 - Finca Grupo Orosi >21 y 22 febrero 2 - Parque La Libertad Desamparados > 28 y 29 marzo 3 - Adventure Park > 16 y 17 mayo 4 - Finca La Hisopa San Pedro de Turrubares > 13 y 14 junio
A11: 5 - Campamento Oikoumene, Ochomogo > 18 y 19 julio 6 - Finca Grupo Orosi, Paraiso > 12 y 13 setiembre 7 - Parque Recreativo Sarapiqui > 31 Oct y 01 Nov
A13: POSICION | F13: 1 | J13: 2 | N13: 3 | R13: 4 | V13: 5 | Z13: 6 | AD13: 7 | AH13: TOTAL PUNTOS
A14: ACTUAL | B14: ANTERIOR | C14: NO | D14: NOMBRE | E14: EQUIPO | F14: POS XCC | G14: PTOS XCC | H14: POS XCO | I14: PTOS XCO | J14: POS XCC | K14: PTOS XCC | L14: POS XCO | M14: PTOS XCO | N14: POS XCC | O14: PTOS XCC | P14: POS XCO | Q14: PTOS XCO | R14: POS XCC | S14: PTOS XCC | T14: POS XCO | U14: PTOS XCO | V14: POS XCC | W14: PTOS XCC | X14: POS XCO | Y14: PTOS XCO | Z14: POS XCC | AA14: PTOS XCC | AB14: POS XCO | AC14: PTOS XCO | AD14: POS XCC | AE14: PTOS XCC | AF14: POS XCO | AG14: PTOS XCO
A15: 1 | B15: 1 | C15: 307 | D15: =VLOOKUP(C15,PLANILLA,2,FALSE) -> ARIAS Daniel* | E15: =VLOOKUP(C15,PLANILLA,4,FALSE) -> Ciclismo Belen | F15: 4 | G15: 7 | H15: 16 | I15: 66 | J15: 0 | K15: 0 | L15: 6 | M15: 95 | O15: =IFERROR(VLOOKUP(N15,'Puntos XCC Menor'!$A$1:$B$15,2,FALSE),0) -> 0 | P15: 3 | Q15: =IFERROR(VLOOKUP(P15,'Puntos XCO'!$A$1:$B$63,2,FALSE),0) -> 120 | R15: 4 | S15: =IFERROR(VLOOKUP(R15,'Puntos XCC Menor'!$A$1:$B$15,2,FALSE),0) -> 7 | T15: 1 | U15: =IFERROR(VLOOKUP(T15,'Puntos XCO'!$A$1:$B$63,2,FALSE),0) -> 200 | V15: 2 | W15: =IFERROR(VLOOKUP(V15,'Puntos XCC Mayor'!$A$1:$B$15,2,FALSE),0) -> 20 | X15: 1 | Y15: =IFERROR(VLOOKUP(X15,'Puntos XCO'!$A$1:$B$63,2,FALSE),0) -> 200 | Z15: =IFERROR(VLOOKUP($C15,RESXCC_1,9,FALSE),0) -> 1 | AA15: =IFERROR(VLOOKUP(Z15,'Puntos XCC Mayor'!$A$1:$B$15,2,FALSE),0) -> 25 | AB15: =IFERROR(VLOOKUP($C15,RESXCO,9,FALSE),0) -> 1 | AC15: =IFERROR(VLOOKUP(AB15,'Puntos XCO'!$A$1:$B$63,2,FALSE),0) -> 200 | AH15: =G15+I15+K15+M15+O15+Q15+S15+U15+W15+Y15+AA15+AC15+AE15+AG15 -> 940
A16: 2 | B16: 2 | C16: 301 | D16: =VLOOKUP(C16,PLANILLA,2,FALSE) -> GARCÍA Miguel | E16: =VLOOKUP(C16,PLANILLA,4,FALSE) -> Colono Bike Station Kolbi | F16: 2 | G16: 9 | H16: 0 | I16: 0 | J16: 3 | K16: 8 | L16: 1 | M16: 200 | O16: =IFERROR(VLOOKUP(N16,'Puntos XCC Menor'!$A$1:$B$15,2,FALSE),0) -> 0 | P16: 2 | Q16: =IFERROR(VLOOKUP(P16,'Puntos XCO'!$A$1:$B$63,2,FALSE),0) -> 150 | R16: 1 | S16: =IFERROR(VLOOKUP(R16,'Puntos XCC Menor'!$A$1:$B$15,2,FALSE),0) -> 10 | T16: 3 | U16: =IFERROR(VLOOKUP(T16,'Puntos XCO'!$A$1:$B$63,2,FALSE),0) -> 120 | V16: 1 | W16: =IFERROR(VLOOKUP(V16,'Puntos XCC Mayor'!$A$1:$B$15,2,FALSE),0) -> 25 | X16: 4 | Y16: =IFERROR(VLOOKUP(X16,'Puntos XCO'!$A$1:$B$63,2,FALSE),0) -> 110 | Z16: =IFERROR(VLOOKUP($C16,RESXCC_1,9,FALSE),0) -> 2 | AA16: =IFERROR(VLOOKUP(Z16,'Puntos XCC Mayor'!$A$1:$B$15,2,FALSE),0) -> 20 | AB16: =IFERROR(VLOOKUP($C16,RESXCO,9,FALSE),0) -> 3 | AC16: =IFERROR(VLOOKUP(AB16,'Puntos XCO'!$A$1:$B$63,2,FALSE),0) -> 120 | AH16: =G16+I16+K16+M16+O16+Q16+S16+U16+W16+Y16+AA16+AC16+AE16+AG16 -> 772
A17: 3 | B17: 6 | C17: 302 | D17: =VLOOKUP(C17,PLANILLA,2,FALSE) -> CAMPOS Isaac* | E17: =VLOOKUP(C17,PLANILLA,4,FALSE) -> Colono Bike Station Kolbi | F17: 1 | G17: 10 | H17: 1 | I17: 200 | J17: 1 | K17: 10 | L17: 2 | M17: 150 | O17: =IFERROR(VLOOKUP(N17,'Puntos XCC Menor'!$A$1:$B$15,2,FALSE),0) -> 0 | P17: 0 | Q17: =IFERROR(VLOOKUP(P17,'Puntos XCO'!$A$1:$B$63,2,FALSE),0) -> 0 | R17: 2 | S17: =IFERROR(VLOOKUP(R17,'Puntos XCC Menor'!$A$1:$B$15,2,FALSE),0) -> 9 | T17: 0 | U17: =IFERROR(VLOOKUP(T17,'Puntos XCO'!$A$1:$B$63,2,FALSE),0) -> 0 | V17: 6 | W17: =IFERROR(VLOOKUP(V17,'Puntos XCC Mayor'!$A$1:$B$15,2,FALSE),0) -> 10 | X17: 7 | Y17: =IFERROR(VLOOKUP(X17,'Puntos XCO'!$A$1:$B$63,2,FALSE),0) -> 90 | Z17: =IFERROR(VLOOKUP($C17,RESXCC_1,9,FALSE),0) -> 3 | AA17: =IFERROR(VLOOKUP(Z17,'Puntos XCC Mayor'!$A$1:$B$15,2,FALSE),0) -> 16 | AB17: =IFERROR(VLOOKUP($C17,RESXCO,9,FALSE),0) -> 2 | AC17: =IFERROR(VLOOKUP(AB17,'Puntos XCO'!$A$1:$B$63,2,FALSE),0) -> 150 | AH17: =G17+I17+K17+M17+O17+Q17+S17+U17+W17+Y17+AA17+AC17+AE17+AG17 -> 645
A18: 4 | B18: 3 | C18: 311 | D18: =VLOOKUP(C18,PLANILLA,2,FALSE) -> SABALLOS Joshua | E18: =VLOOKUP(C18,PLANILLA,4,FALSE) -> Ciclismo Belen | F18: 6 | G18: 5 | H18: 17 | I18: 64 | J18: 2 | K18: 9 | L18: 3 | M18: 120 | O18: =IFERROR(VLOOKUP(N18,'Puntos XCC Menor'!$A$1:$B$15,2,FALSE),0) -> 0 | P18: 6 | Q18: =IFERROR(VLOOKUP(P18,'Puntos XCO'!$A$1:$B$63,2,FALSE),0) -> 95 | R18: 3 | S18: =IFERROR(VLOOKUP(R18,'Puntos XCC Menor'!$A$1:$B$15,2,FALSE),0) -> 8 | T18: 2 | U18: =IFERROR(VLOOKUP(T18,'Puntos XCO'!$A$1:$B$63,2,FALSE),0) -> 150 | V18: 4 | W18: =IFERROR(VLOOKUP(V18,'Puntos XCC Mayor'!$A$1:$B$15,2,FALSE),0) -> 14 | X18: 5 | Y18: =IFERROR(VLOOKUP(X18,'Puntos XCO'!$A$1:$B$63,2,FALSE),0) -> 100 | Z18: =IFERROR(VLOOKUP($C18,RESXCC_1,9,FALSE),0) -> 0 | AA18: =IFERROR(VLOOKUP(Z18,'Puntos XCC Mayor'!$A$1:$B$15,2,FALSE),0) -> 0 | AB18: =IFERROR(VLOOKUP($C18,RESXCO,9,FALSE),0) -> 11 | AC18: =IFERROR(VLOOKUP(AB18,'Puntos XCO'!$A$1:$B$63,2,FALSE),0) -> 76 | AH18: =G18+I18+K18+M18+O18+Q18+S18+U18+W18+Y18+AA18+AC18+AE18+AG18 -> 641
A19: 5 | B19: 5 | C19: 303 | D19: =VLOOKUP(C19,PLANILLA,2,FALSE) -> HERNÁNDEZ Walter David* | E19: =VLOOKUP(C19,PLANILLA,4,FALSE) -> HDZ Drasanvi- Santa Ana | F19: 7 | G19: 4 | H19: 5 | I19: 100 | J19: 8 | K19: 3 | L19: 9 | M19: 80 | O19: =IFERROR(VLOOKUP(N19,'Puntos XCC Menor'!$A$1:$B$15,2,FALSE),0) -> 0 | P19: 5 | Q19: =IFERROR(VLOOKUP(P19,'Puntos XCO'!$A$1:$B$63,2,FALSE),0) -> 100 | R19: 6 | S19: =IFERROR(VLOOKUP(R19,'Puntos XCC Menor'!$A$1:$B$15,2,FALSE),0) -> 5 | T19: 8 | U19: =IFERROR(VLOOKUP(T19,'Puntos XCO'!$A$1:$B$63,2,FALSE),0) -> 85 | V19: 8 | W19: =IFERROR(VLOOKUP(V19,'Puntos XCC Mayor'!$A$1:$B$15,2,FALSE),0) -> 8 | X19: 6 | Y19: =IFERROR(VLOOKUP(X19,'Puntos XCO'!$A$1:$B$63,2,FALSE),0) -> 95 | Z19: =IFERROR(VLOOKUP($C19,RESXCC_1,9,FALSE),0) -> 8 | AA19: =IFERROR(VLOOKUP(Z19,'Puntos XCC Mayor'!$A$1:$B$15,2,FALSE),0) -> 8 | AB19: =IFERROR(VLOOKUP($C19,RESXCO,9,FALSE),0) -> 7 | AC19: =IFERROR(VLOOKUP(AB19,'Puntos XCO'!$A$1:$B$63,2,FALSE),0) -> 90 | AH19: =G19+I19+K19+M19+O19+Q19+S19+U19+W19+Y19+AA19+AC19+AE19+AG19 -> 578
A20: 6 | B20: 7 | C20: 304 | D20: =VLOOKUP(C20,PLANILLA,2,FALSE) -> RODRIGUEZ Esteban Marcelo* | E20: =VLOOKUP(C20,PLANILLA,4,FALSE) -> Megamo ManzaTé La Selva | F20: 5 | G20: 6 | H20: 3 | I20: 120 | J20: 5 | K20: 6 | L20: 8 | M20: 85 | O20: =IFERROR(VLOOKUP(N20,'Puntos XCC Menor'!$A$1:$B$15,2,FALSE),0) -> 0 | P20: 11 | Q20: =IFERROR(VLOOKUP(P20,'Puntos XCO'!$A$1:$B$63,2,FALSE),0) -> 76 | R20: 9 | S20: =IFERROR(VLOOKUP(R20,'Puntos XCC Menor'!$A$1:$B$15,2,FALSE),0) -> 2 | T20: 21 | U20: =IFERROR(VLOOKUP(T20,'Puntos XCO'!$A$1:$B$63,2,FALSE),0) -> 56 | V20: 23 | W20: =IFERROR(VLOOKUP(V20,'Puntos XCC Mayor'!$A$1:$B$15,2,FALSE),0) -> 0 | X20: 9 | Y20: =IFERROR(VLOOKUP(X20,'Puntos XCO'!$A$1:$B$63,2,FALSE),0) -> 80 | Z20: =IFERROR(VLOOKUP($C20,RESXCC_1,9,FALSE),0) -> 14 | AA20: =IFERROR(VLOOKUP(Z20,'Puntos XCC Mayor'!$A$1:$B$15,2,FALSE),0) -> 2 | AB20: =IFERROR(VLOOKUP($C20,RESXCO,9,FALSE),0) -> 5 | AC20: =IFERROR(VLOOKUP(AB20,'Puntos XCO'!$A$1:$B$63,2,FALSE),0) -> 100 | AH20: =G20+I20+K20+M20+O20+Q20+S20+U20+W20+Y20+AA20+AC20+AE20+AG20 -> 533
A21: 7 | B21: 4 | C21: 321 | D21: =VLOOKUP(C21,PLANILLA,2,FALSE) -> AGUILAR Luciano | E21: =VLOOKUP(C21,PLANILLA,4,FALSE) -> CODEA ALAJUELA | F21: 3 | G21: 8 | H21: 2 | I21: 150 | J21: 4 | K21: 7 | L21: 0 | M21: 0 | O21: =IFERROR(VLOOKUP(N21,'Puntos XCC Menor'!$A$1:$B$15,2,FALSE),0) -> 0 | P21: 8 | Q21: =IFERROR(VLOOKUP(P21,'Puntos XCO'!$A$1:$B$63,2,FALSE),0) -> 85 | R21: 5 | S21: =IFERROR(VLOOKUP(R21,'Puntos XCC Menor'!$A$1:$B$15,2,FALSE),0) -> 6 | T21: 7 | U21: =IFERROR(VLOOKUP(T21,'Puntos XCO'!$A$1:$B$63,2,FALSE),0) -> 90 | V21: 9 | W21: =IFERROR(VLOOKUP(V21,'Puntos XCC Mayor'!$A$1:$B$15,2,FALSE),0) -> 7 | X21: 2 | Y21: =IFERROR(VLOOKUP(X21,'Puntos XCO'!$A$1:$B$63,2,FALSE),0) -> 150 | Z21: =IFERROR(VLOOKUP($C21,RESXCC_1,9,FALSE),0) -> 0 | AA21: =IFERROR(VLOOKUP(Z21,'Puntos XCC Mayor'!$A$1:$B$15,2,FALSE),0) -> 0 | AB21: =IFERROR(VLOOKUP($C21,RESXCO,9,FALSE),0) -> 0 | AC21: =IFERROR(VLOOKUP(AB21,'Puntos XCO'!$A$1:$B$63,2,FALSE),0) -> 0 | AH21: =G21+I21+K21+M21+O21+Q21+S21+U21+W21+Y21+AA21+AC21+AE21+AG21 -> 503
A22: 8 | B22: 8 | C22: 325 | D22: =VLOOKUP(C22,PLANILLA,2,FALSE) -> ALFARO Emmanuel | E22: =VLOOKUP(C22,PLANILLA,4,FALSE) -> CCDR DE NARANJO | F22: 12 | G22: 0 | H22: 8 | I22: 85 | J22: 6 | K22: 5 | L22: 4 | M22: 110 | O22: =IFERROR(VLOOKUP(N22,'Puntos XCC Menor'!$A$1:$B$15,2,FALSE),0) -> 0 | P22: 9 | Q22: =IFERROR(VLOOKUP(P22,'Puntos XCO'!$A$1:$B$63,2,FALSE),0) -> 80 | R22: 8 | S22: =IFERROR(VLOOKUP(R22,'Puntos XCC Menor'!$A$1:$B$15,2,FALSE),0) -> 3 | T22: 4 | U22: =IFERROR(VLOOKUP(T22,'Puntos XCO'!$A$1:$B$63,2,FALSE),0) -> 110 | V22: 0 | W22: =IFERROR(VLOOKUP(V22,'Puntos XCC Mayor'!$A$1:$B$15,2,FALSE),0) -> 0 | X22: 0 | Y22: =IFERROR(VLOOKUP(X22,'Puntos XCO'!$A$1:$B$63,2,FALSE),0) -> 0 | Z22: =IFERROR(VLOOKUP($C22,RESXCC_1,9,FALSE),0) -> 7 | AA22: =IFERROR(VLOOKUP(Z22,'Puntos XCC Mayor'!$A$1:$B$15,2,FALSE),0) -> 9 | AB22: =IFERROR(VLOOKUP($C22,RESXCO,9,FALSE),0) -> 6 | AC22: =IFERROR(VLOOKUP(AB22,'Puntos XCO'!$A$1:$B$63,2,FALSE),0) -> 95 | AH22: =G22+I22+K22+M22+O22+Q22+S22+U22+W22+Y22+AA22+AC22+AE22+AG22 -> 497
A23: 9 | B23: 9 | C23: 337 | D23: =VLOOKUP(C23,PLANILLA,2,FALSE) -> CORRALES Billy | E23: =VLOOKUP(C23,PLANILLA,4,FALSE) -> Team Numu coaching | F23: 14 | G23: 0 | H23: 7 | I23: 90 | J23: 0 | K23: 0 | L23: 13 | M23: 72 | O23: =IFERROR(VLOOKUP(N23,'Puntos XCC Menor'!$A$1:$B$15,2,FALSE),0) -> 0 | P23: 21 | Q23: =IFERROR(VLOOKUP(P23,'Puntos XCO'!$A$1:$B$63,2,FALSE),0) -> 56 | R23: 15 | S23: =IFERROR(VLOOKUP(R23,'Puntos XCC Menor'!$A$1:$B$15,2,FALSE),0) -> 0 | T23: 12 | U23: =IFERROR(VLOOKUP(T23,'Puntos XCO'!$A$1:$B$63,2,FALSE),0) -> 74 | V23: 12 | W23: =IFERROR(VLOOKUP(V23,'Puntos XCC Mayor'!$A$1:$B$15,2,FALSE),0) -> 4 | X23: 16 | Y23: =IFERROR(VLOOKUP(X23,'Puntos XCO'!$A$1:$B$63,2,FALSE),0) -> 66 | Z23: =IFERROR(VLOOKUP($C23,RESXCC_1,9,FALSE),0) -> 0 | AA23: =IFERROR(VLOOKUP(Z23,'Puntos XCC Mayor'!$A$1:$B$15,2,FALSE),0) -> 0 | AB23: =IFERROR(VLOOKUP($C23,RESXCO,9,FALSE),0) -> 12 | AC23: =IFERROR(VLOOKUP(AB23,'Puntos XCO'!$A$1:$B$63,2,FALSE),0) -> 74 | AH23: =G23+I23+K23+M23+O23+Q23+S23+U23+W23+Y23+AA23+AC23+AE23+AG23 -> 436
A24: 10 | B24: 11 | C24: 333 | D24: =VLOOKUP(C24,PLANILLA,2,FALSE) -> SOTO Sebastian | E24: =VLOOKUP(C24,PLANILLA,4,FALSE) -> Codea Alajuela | F24: 17 | G24: 0 | H24: 12 | I24: 74 | J24: 16 | K24: 0 | L24: 22 | M24: 54 | O24: =IFERROR(VLOOKUP(N24,'Puntos XCC Menor'!$A$1:$B$15,2,FALSE),0) -> 0 | P24: 14 | Q24: =IFERROR(VLOOKUP(P24,'Puntos XCO'!$A$1:$B$63,2,FALSE),0) -> 70 | R24: 12 | S24: =IFERROR(VLOOKUP(R24,'Puntos XCC Menor'!$A$1:$B$15,2,FALSE),0) -> 0 | T24: 6 | U24: =IFERROR(VLOOKUP(T24,'Puntos XCO'!$A$1:$B$63,2,FALSE),0) -> 95 | V24: 14 | W24: =IFERROR(VLOOKUP(V24,'Puntos XCC Mayor'!$A$1:$B$15,2,FALSE),0) -> 2 | X24: 20 | Y24: =IFERROR(VLOOKUP(X24,'Puntos XCO'!$A$1:$B$63,2,FALSE),0) -> 58 | Z24: =IFERROR(VLOOKUP($C24,RESXCC_1,9,FALSE),0) -> 13 | AA24: =IFERROR(VLOOKUP(Z24,'Puntos XCC Mayor'!$A$1:$B$15,2,FALSE),0) -> 3 | AB24: =IFERROR(VLOOKUP($C24,RESXCO,9,FALSE),0) -> 9 | AC24: =IFERROR(VLOOKUP(AB24,'Puntos XCO'!$A$1:$B$63,2,FALSE),0) -> 80 | AH24: =G24+I24+K24+M24+O24+Q24+S24+U24+W24+Y24+AA24+AC24+AE24+AG24 -> 436
A25: 11 | B25: 10 | C25: 327 | D25: =VLOOKUP(C25,PLANILLA,2,FALSE) -> ACUÑA Felipe | E25: =VLOOKUP(C25,PLANILLA,4,FALSE) -> CCDR DE NARANJO | F25: 23 | G25: 0 | H25: 0 | I25: 0 | J25: 20 | K25: 0 | L25: 11 | M25: 76 | O25: =IFERROR(VLOOKUP(N25,'Puntos XCC Menor'!$A$1:$B$15,2,FALSE),0) -> 0 | P25: 4 | Q25: =IFERROR(VLOOKUP(P25,'Puntos XCO'!$A$1:$B$63,2,FALSE),0) -> 110 | R25: 11 | S25: =IFERROR(VLOOKUP(R25,'Puntos XCC Menor'!$A$1:$B$15,2,FALSE),0) -> 0 | T25: 5 | U25: =IFERROR(VLOOKUP(T25,'Puntos XCO'!$A$1:$B$63,2,FALSE),0) -> 100 | V25: 5 | W25: =IFERROR(VLOOKUP(V25,'Puntos XCC Mayor'!$A$1:$B$15,2,FALSE),0) -> 12 | X25: 21 | Y25: =IFERROR(VLOOKUP(X25,'Puntos XCO'!$A$1:$B$63,2,FALSE),0) -> 56 | Z25: =IFERROR(VLOOKUP($C25,RESXCC_1,9,FALSE),0) -> 30 | AA25: =IFERROR(VLOOKUP(Z25,'Puntos XCC Mayor'!$A$1:$B$15,2,FALSE),0) -> 0 | AB25: =IFERROR(VLOOKUP($C25,RESXCO,9,FALSE),0) -> 19 | AC25: =IFERROR(VLOOKUP(AB25,'Puntos XCO'!$A$1:$B$63,2,FALSE),0) -> 60 | AH25: =G25+I25+K25+M25+O25+Q25+S25+U25+W25+Y25+AA25+AC25+AE25+AG25 -> 414
A26: 12 | B26: 12 | C26: 314 | D26: =VLOOKUP(C26,PLANILLA,2,FALSE) -> HERRERO Josue* | E26: =VLOOKUP(C26,PLANILLA,4,FALSE) -> Ciclismo belen | F26: 9 | G26: 2 | H26: 11 | I26: 76 | J26: 12 | K26: 0 | L26: 26 | M26: 46 | O26: =IFERROR(VLOOKUP(N26,'Puntos XCC Menor'!$A$1:$B$15,2,FALSE),0) -> 0 | P26: 16 | Q26: =IFERROR(VLOOKUP(P26,'Puntos XCO'!$A$1:$B$63,2,FALSE),0) -> 66 | R26: 10 | S26: =IFERROR(VLOOKUP(R26,'Puntos XCC Menor'!$A$1:$B$15,2,FALSE),0) -> 1 | T26: 10 | U26: =IFERROR(VLOOKUP(T26,'Puntos XCO'!$A$1:$B$63,2,FALSE),0) -> 78 | V26: 36 | W26: =IFERROR(VLOOKUP(V26,'Puntos XCC Mayor'!$A$1:$B$15,2,FALSE),0) -> 0 | X26: 11 | Y26: =IFERROR(VLOOKUP(X26,'Puntos XCO'!$A$1:$B$63,2,FALSE),0) -> 76 | Z26: =IFERROR(VLOOKUP($C26,RESXCC_1,9,FALSE),0) -> 9 | AA26: =IFERROR(VLOOKUP(Z26,'Puntos XCC Mayor'!$A$1:$B$15,2,FALSE),0) -> 7 | AB26: =IFERROR(VLOOKUP($C26,RESXCO,9,FALSE),0) -> 20 | AC26: =IFERROR(VLOOKUP(AB26,'Puntos XCO'!$A$1:$B$63,2,FALSE),0) -> 58 | AH26: =G26+I26+K26+M26+O26+Q26+S26+U26+W26+Y26+AA26+AC26+AE26+AG26 -> 410
... A29: 15 | B29: 17 | C29: 309 | D29: =VLOOKUP(C29,PLANILLA,2,FALSE) -> HERNÁNDEZ Felipe | E29: =VLOOKUP(C29,PLANILLA,4,FALSE) -> Ciclismo Belen | F29: 13 | G29: 0 | H29: 32 | I29: 34 | J29: 33 | K29: 0 | L29: 14 | M29: 70 | O29: =IFERROR(VLOOKUP(N29,'Puntos XCC Menor'!$A$1:$B$15,2,FALSE),0) -> 0 | P29: 12 | Q29: =IFERROR(VLOOKUP(P29,'Puntos XCO'!$A$1:$B$63,2,FALSE),0) -> 74 | R29: 13 | S29: =IFERROR(VLOOKUP(R29,'Puntos XCC Menor'!$A$1:$B$15,2,FALSE),0) -> 0 | T29: 17 | U29: =IFERROR(VLOOKUP(T29,'Puntos XCO'!$A$1:$B$63,2,FALSE),0) -> 64 | V29: 25 | W29: =IFERROR(VLOOKUP(V29,'Puntos XCC Mayor'!$A$1:$B$15,2,FALSE),0) -> 0 | X29: 22 | Y29: =IFERROR(VLOOKUP(X29,'Puntos XCO'!$A$1:$B$63,2,FALSE),0) -> 54 | Z29: =IFERROR(VLOOKUP($C29,RESXCC_1,9,FALSE),0) -> 15 | AA29: =IFERROR(VLOOKUP(Z29,'Puntos XCC Mayor'!$A$1:$B$15,2,FALSE),0) -> 1 | AB29: =IFERROR(VLOOKUP($C29,RESXCO,9,FALSE),0) -> 22 | AC29: =IFERROR(VLOOKUP(AB29,'Puntos XCO'!$A$1:$B$63,2,FALSE),0) -> 54 | AH29: =G29+I29+K29+M29+O29+Q29+S29+U29+W29+Y29+AA29+AC29+AE29+AG29 -> 351
A30: 16 | B30: 23 | C30: 346 | D30: =VLOOKUP(C30,PLANILLA,2,FALSE) -> NUÑEZ Lorenzo | E30: =VLOOKUP(C30,PLANILLA,4,FALSE) -> Team- Tierniticos- Elky Ferretería- BIORACER | J30: 10 | K30: 1 | L30: 7 | M30: 90 | O30: =IFERROR(VLOOKUP(N30,'Puntos XCC Menor'!$A$1:$B$15,2,FALSE),0) -> 0 | P30: 0 | Q30: =IFERROR(VLOOKUP(P30,'Puntos XCO'!$A$1:$B$63,2,FALSE),0) -> 0 | R30: 0 | S30: =IFERROR(VLOOKUP(R30,'Puntos XCC Menor'!$A$1:$B$15,2,FALSE),0) -> 0 | T30: 0 | U30: =IFERROR(VLOOKUP(T30,'Puntos XCO'!$A$1:$B$63,2,FALSE),0) -> 0 | V30: 3 | W30: =IFERROR(VLOOKUP(V30,'Puntos XCC Mayor'!$A$1:$B$15,2,FALSE),0) -> 16 | X30: 3 | Y30: =IFERROR(VLOOKUP(X30,'Puntos XCO'!$A$1:$B$63,2,FALSE),0) -> 120 | Z30: =IFERROR(VLOOKUP($C30,RESXCC_1,9,FALSE),0) -> 4 | AA30: =IFERROR(VLOOKUP(Z30,'Puntos XCC Mayor'!$A$1:$B$15,2,FALSE),0) -> 14 | AB30: =IFERROR(VLOOKUP($C30,RESXCO,9,FALSE),0) -> 4 | AC30: =IFERROR(VLOOKUP(AB30,'Puntos XCO'!$A$1:$B$63,2,FALSE),0) -> 110 | AH30: =G30+I30+K30+M30+O30+Q30+S30+U30+W30+Y30+AA30+AC30+AE30+AG30 -> 351
A31: 17 | B31: 20 | C31: 310 | D31: =VLOOKUP(C31,PLANILLA,2,FALSE) -> SEGURA Thomas | E31: =VLOOKUP(C31,PLANILLA,4,FALSE) -> Ciclismo Belen | F31: 21 | G31: 0 | H31: 14 | I31: 70 | J31: 23 | K31: 0 | L31: 32 | M31: 34 | O31: =IFERROR(VLOOKUP(N31,'Puntos XCC Menor'!$A$1:$B$15,2,FALSE),0) -> 0 | P31: 15 | Q31: =IFERROR(VLOOKUP(P31,'Puntos XCO'!$A$1:$B$63,2,FALSE),0) -> 68 | R31: 17 | S31: =IFERROR(VLOOKUP(R31,'Puntos XCC Menor'!$A$1:$B$15,2,FALSE),0) -> 0 | T31: 27 | U31: =IFERROR(VLOOKUP(T31,'Puntos XCO'!$A$1:$B$63,2,FALSE),0) -> 44 | V31: 19 | W31: =IFERROR(VLOOKUP(V31,'Puntos XCC Mayor'!$A$1:$B$15,2,FALSE),0) -> 0 | X31: 23 | Y31: =IFERROR(VLOOKUP(X31,'Puntos XCO'!$A$1:$B$63,2,FALSE),0) -> 52 | Z31: =IFERROR(VLOOKUP($C31,RESXCC_1,9,FALSE),0) -> 12 | AA31: =IFERROR(VLOOKUP(Z31,'Puntos XCC Mayor'!$A$1:$B$15,2,FALSE),0) -> 4 | AB31: =IFERROR(VLOOKUP($C31,RESXCO,9,FALSE),0) -> 10 | AC31: =IFERROR(VLOOKUP(AB31,'Puntos XCO'!$A$1:$B$63,2,FALSE),0) -> 78 | AH31: =G31+I31+K31+M31+O31+Q31+S31+U31+W31+Y31+AA31+AC31+AE31+AG31 -> 350
A32: 18 | B32: 13 | C32: 323 | D32: =VLOOKUP(C32,PLANILLA,2,FALSE) -> CRUZ Denzell Alberto | E32: =VLOOKUP(C32,PLANILLA,4,FALSE) -> ESCUELA GUIDO BLANCO/CCDRL | F32: 19 | G32: 0 | H32: 4 | I32: 110 | J32: 9 | K32: 2 | L32: 15 | M32: 68 | O32: =IFERROR(VLOOKUP(N32,'Puntos XCC Menor'!$A$1:$B$15,2,FALSE),0) -> 0 | P32: 13 | Q32: =IFERROR(VLOOKUP(P32,'Puntos XCO'!$A$1:$B$63,2,FALSE),0) -> 72 | R32: 7 | S32: =IFERROR(VLOOKUP(R32,'Puntos XCC Menor'!$A$1:$B$15,2,FALSE),0) -> 4 | T32: 11 | U32: =IFERROR(VLOOKUP(T32,'Puntos XCO'!$A$1:$B$63,2,FALSE),0) -> 76 | V32: 0 | W32: =IFERROR(VLOOKUP(V32,'Puntos XCC Mayor'!$A$1:$B$15,2,FALSE),0) -> 0 | X32: 0 | Y32: =IFERROR(VLOOKUP(X32,'Puntos XCO'!$A$1:$B$63,2,FALSE),0) -> 0 | Z32: =IFERROR(VLOOKUP($C32,RESXCC_1,9,FALSE),0) -> 0 | AA32: =IFERROR(VLOOKUP(Z32,'Puntos XCC Mayor'!$A$1:$B$15,2,FALSE),0) -> 0 | AB32: =IFERROR(VLOOKUP($C32,RESXCO,9,FALSE),0) -> 0 | AC32: =IFERROR(VLOOKUP(AB32,'Puntos XCO'!$A$1:$B$63,2,FALSE),0) -> 0 | AH32: =G32+I32+K32+M32+O32+Q32+S32+U32+W32+Y32+AA32+AC32+AE32+AG32 -> 332
A33: 19 | B33: 14 | C33: 326 | D33: =VLOOKUP(C33,PLANILLA,2,FALSE) -> MEDINA Anders | E33: =VLOOKUP(C33,PLANILLA,4,FALSE) -> CCDRESCAZU | F33: 8 | G33: 3 | H33: 0 | I33: 0 | J33: 11 | K33: 0 | L33: 10 | M33: 78 | O33: =IFERROR(VLOOKUP(N33,'Puntos XCC Menor'!$A$1:$B$15,2,FALSE),0) -> 0 | P33: 10 | Q33: =IFERROR(VLOOKUP(P33,'Puntos XCO'!$A$1:$B$63,2,FALSE),0) -> 78 | R33: 22 | S33: =IFERROR(VLOOKUP(R33,'Puntos XCC Menor'!$A$1:$B$15,2,FALSE),0) -> 0 | T33: 16 | U33: =IFERROR(VLOOKUP(T33,'Puntos XCO'!$A$1:$B$63,2,FALSE),0) -> 66 | V33: 7 | W33: =IFERROR(VLOOKUP(V33,'Puntos XCC Mayor'!$A$1:$B$15,2,FALSE),0) -> 9 | X33: 8 | Y33: =IFERROR(VLOOKUP(X33,'Puntos XCO'!$A$1:$B$63,2,FALSE),0) -> 85 | Z33: =IFERROR(VLOOKUP($C33,RESXCC_1,9,FALSE),0) -> 5 | AA33: =IFERROR(VLOOKUP(Z33,'Puntos XCC Mayor'!$A$1:$B$15,2,FALSE),0) -> 12 | AB33: =IFERROR(VLOOKUP($C33,RESXCO,9,FALSE),0) -> 0 | AC33: =IFERROR(VLOOKUP(AB33,'Puntos XCO'!$A$1:$B$63,2,FALSE),0) -> 0 | AH33: =G33+I33+K33+M33+O33+Q33+S33+U33+W33+Y33+AA33+AC33+AE33+AG33 -> 331
A34: 20 | B34: 21 | C34: 342 | D34: =VLOOKUP(C34,PLANILLA,2,FALSE) -> RODRÍGUEZ Dylan Fabian* | E34: =VLOOKUP(C34,PLANILLA,4,FALSE) -> CODEA | J34: 18 | K34: 0 | L34: 20 | M34: 58 | O34: =IFERROR(VLOOKUP(N34,'Puntos XCC Menor'!$A$1:$B$15,2,FALSE),0) -> 0 | P34: 18 | Q34: =IFERROR(VLOOKUP(P34,'Puntos XCO'!$A$1:$B$63,2,FALSE),0) -> 62 | R34: 21 | S34: =IFERROR(VLOOKUP(R34,'Puntos XCC Menor'!$A$1:$B$15,2,FALSE),0) -> 0 | T34: 19 | U34: =IFERROR(VLOOKUP(T34,'Puntos XCO'!$A$1:$B$63,2,FALSE),0) -> 60 | V34: 17 | W34: =IFERROR(VLOOKUP(V34,'Puntos XCC Mayor'!$A$1:$B$15,2,FALSE),0) -> 0 | X34: 10 | Y34: =IFERROR(VLOOKUP(X34,'Puntos XCO'!$A$1:$B$63,2,FALSE),0) -> 78 | Z34: =IFERROR(VLOOKUP($C34,RESXCC_1,9,FALSE),0) -> 16 | AA34: =IFERROR(VLOOKUP(Z34,'Puntos XCC Mayor'!$A$1:$B$15,2,FALSE),0) -> 0 | AB34: =IFERROR(VLOOKUP($C34,RESXCO,9,FALSE),0) -> 15 | AC34: =IFERROR(VLOOKUP(AB34,'Puntos XCO'!$A$1:$B$63,2,FALSE),0) -> 68 | AH34: =G34+I34+K34+M34+O34+Q34+S34+U34+W34+Y34+AA34+AC34+AE34+AG34 -> 326
A35: 21 | B35: 19 | C35: 332 | D35: =VLOOKUP(C35,PLANILLA,2,FALSE) -> SEGURA Isaac* | E35: =VLOOKUP(C35,PLANILLA,4,FALSE) -> CODEA ALAJUELA | F35: 24 | G35: 0 | H35: 30 | I35: 38 | J35: 25 | K35: 0 | L35: 36 | M35: 28 | O35: =IFERROR(VLOOKUP(N35,'Puntos XCC Menor'!$A$1:$B$15,2,FALSE),0) -> 0 | P35: 19 | Q35: =IFERROR(VLOOKUP(P35,'Puntos XCO'!$A$1:$B$63,2,FALSE),0) -> 60 | R35: 23 | S35: =IFERROR(VLOOKUP(R35,'Puntos XCC Menor'!$A$1:$B$15,2,FALSE),0) -> 0 | T35: 18 | U35: =IFERROR(VLOOKUP(T35,'Puntos XCO'!$A$1:$B$63,2,FALSE),0) -> 62 | V35: 10 | W35: =IFERROR(VLOOKUP(V35,'Puntos XCC Mayor'!$A$1:$B$15,2,FALSE),0) -> 6 | X35: 12 | Y35: =IFERROR(VLOOKUP(X35,'Puntos XCO'!$A$1:$B$63,2,FALSE),0) -> 74 | Z35: =IFERROR(VLOOKUP($C35,RESXCC_1,9,FALSE),0) -> 18 | AA35: =IFERROR(VLOOKUP(Z35,'Puntos XCC Mayor'!$A$1:$B$15,2,FALSE),0) -> 0 | AB35: =IFERROR(VLOOKUP($C35,RESXCO,9,FALSE),0) -> 28 | AC35: =IFERROR(VLOOKUP(AB35,'Puntos XCO'!$A$1:$B$63,2,FALSE),0) -> 42 | AH35: =G35+I35+K35+M35+O35+Q35+S35+U35+W35+Y35+AA35+AC35+AE35+AG35 -> 310
A36: 22 | B36: 22 | C36: 306 | D36: =VLOOKUP(C36,PLANILLA,2,FALSE) -> VARELA Mathias | E36: =VLOOKUP(C36,PLANILLA,4,FALSE) -> Ciclismo Belen | F36: 27 | G36: 0 | H36: 24 | I36: 50 | J36: 19 | K36: 0 | L36: 25 | M36: 48 | O36: =IFERROR(VLOOKUP(N36,'Puntos XCC Menor'!$A$1:$B$15,2,FALSE),0) -> 0 | P36: 20 | Q36: =IFERROR(VLOOKUP(P36,'Puntos XCO'!$A$1:$B$63,2,FALSE),0) -> 58 | R36: 18 | S36: =IFERROR(VLOOKUP(R36,'Puntos XCC Menor'!$A$1:$B$15,2,FALSE),0) -> 0 | T36: 22 | U36: =IFERROR(VLOOKUP(T36,'Puntos XCO'!$A$1:$B$63,2,FALSE),0) -> 54 | V36: 27 | W36: =IFERROR(VLOOKUP(V36,'Puntos XCC Mayor'!$A$1:$B$15,2,FALSE),0) -> 0 | X36: 27 | Y36: =IFERROR(VLOOKUP(X36,'Puntos XCO'!$A$1:$B$63,2,FALSE),0) -> 44 | Z36: =IFERROR(VLOOKUP($C36,RESXCC_1,9,FALSE),0) -> 28 | AA36: =IFERROR(VLOOKUP(Z36,'Puntos XCC Mayor'!$A$1:$B$15,2,FALSE),0) -> 0 | AB36: =IFERROR(VLOOKUP($C36,RESXCO,9,FALSE),0) -> 29 | AC36: =IFERROR(VLOOKUP(AB36,'Puntos XCO'!$A$1:$B$63,2,FALSE),0) -> 40 | AH36: =G36+I36+K36+M36+O36+Q36+S36+U36+W36+Y36+AA36+AC36+AE36+AG36 -> 294
